order_id,order_total,quantity,category_name,payment_method_name,days_since_registration,session_count_30d,distinct_event_types_30d,favorites_count_before
000b1782-3dc4-4140-992e-3a8278ac4c2d,457.44,2,Music,mir_pay,10.0,9,10,0
001b49e0-97c5-4818-8589-511dadf7a513,240.32,1,Furniture,sbp,77.0,5,10,2
001ee601-1611-4ce0-a80b-53878f19894f,112.27,1,Music,bank_card,91.0,4,11,1
00201271-966d-479d-a657-caaa5a8ed86f,112.78,2,Headphones,sbp,66.0,5,10,0
00207dde-1088-48ba-b531-3c4c3c1b86ba,296.59,1,Pet Supplies,bank_card,120.0,2,8,1
002af8be-9bee-4768-afef-fbe9b1ed833d,2516.26,3,Electronics,sbp,117.0,1,9,3
0037b83f-d2f1-4724-aa14-2d2f1d49610f,34.4,1,Smartphones,bank_card,153.0,2,10,3
003ed1c2-db3d-4d99-a700-cc18e3048fd8,70.08,1,Furniture,yandex_pay,7.0,4,10,0
0056d319-c0ab-4e2d-b73d-6c7bbd57d0d4,83.57,1,Furniture,sber_pay,21.0,3,10,0
005e6bdf-94d7-4e68-89bf-21fbbdcd24bf,300.96,1,Sports,mir_pay,17.0,12,10,0
006560fd-4b0d-4872-a4d2-d9550de7111e,279.87,3,Shoes,bank_card,24.0,4,10,0
00857613-13af-4c8b-9841-4ea17e61ba0d,92.16,1,Photography,bank_card,127.0,8,10,2
008938f8-7c47-4e86-9401-70361ce51786,360.6,3,Smartphones,sber_pay,201.0,4,9,2
008bbc46-ba07-4ec0-b485-7df5a576bcf5,406.98,1,Home,bank_card,24.0,22,11,0
00969515-4370-400e-b75d-878008ca8cda,632.44,4,Toys,mir_pay,103.0,4,10,0
009bb9bd-e886-493a-9b56-2b068917c4bd,104.16,1,Beverages,sbp,328.0,4,10,2
00a23c48-2a13-4d64-8fdf-f5d89da9223d,314.66,2,Electronics,yandex_pay,0.0,9,11,0
00c22ab5-a560-4740-a554-53f927550acd,37.21,1,Sports,sbp,2.0,10,11,0
00ccd909-9968-4ca9-9f52-8b8b3848eace,218.94,2,Books,sber_pay,96.0,4,11,1
00d0c874-ab0e-46dd-8264-ab15c7a7156a,150.4,1,Tablets,sber_pay,45.0,1,7,0
00d3aaa1-e56f-4b3c-93a2-d853c2ab99e0,18.22,1,Furniture,tinkoff_pay,161.0,2,10,2
00defd33-79e3-4e7b-bf38-35f95c4c4243,253.08,1,Kitchen,bank_card,20.0,11,10,0
00e880f7-45e7-468c-b2db-c1370ccf93b3,114.04,1,Automotive,sbp,47.0,5,10,1
00eb254c-5ceb-4df5-8b88-911e7c656d33,13.77,1,Software,yandex_pay,176.0,3,11,3
00ee9249-b221-48bd-b3e2-1060e0f0c7b5,94.89,4,Garden,sber_pay,315.0,2,10,3
00f53c73-0601-431b-bb79-6a0ba03932e9,198.1,2,Office,bank_card,111.0,1,8,0
01002db8-0a83-48f3-bb5b-e64e707ab1f2,35.17,2,Garden,sbp,282.0,2,9,1
01055482-8d45-4dde-ad54-bfb67bb3bfab,92.57,3,Home,sbp,40.0,4,10,1
01076799-b9db-4bde-a9af-346853005346,117.59,2,Food,bank_card,213.0,4,10,4
01197509-48c1-4cee-adbe-e090a7b39273,70.8,1,Food,bank_card,90.0,2,10,1
0123a6bb-9a02-4399-b8dd-fe88e1d5e88f,47.61,1,Health,sbp,10.0,2,10,0
0133cff4-53b3-4aa5-a823-d7b266dc75ac,71.36,1,Tablets,sber_pay,168.0,1,9,0
014ea153-be02-414e-9154-182b51cb34e1,239.88,2,Travel,bank_card,4.0,3,10,0
015f58e6-66ff-47b5-8e07-d5a5e36bf27c,196.25,1,Automotive,sbp,9.0,3,9,0
0164325f-977b-4a0f-a9e6-800cee00c6ac,88.83,1,Office,sbp,272.0,3,10,1
016664e5-dfb4-4621-9a6c-f69d1da752c5,97.78,1,Pet Supplies,sbp,128.0,2,10,3
01670444-1860-4aeb-b997-0436e9ce05f2,46.98,1,Photography,bank_card,95.0,8,10,0
016a543d-4147-49a0-86fa-1ffecad61691,2906.24,1,Kitchen,sbp,51.0,11,10,0
01714948-9445-4c51-8ff8-b1810be4c4b2,717.93,1,Travel,bank_card,9.0,2,10,0
018434cd-b0e3-40a0-87b4-9c65afbc6acf,344.16,2,Jewelry,bank_transfer,138.0,4,9,1
0185c790-d71f-4828-a9b8-2d9171b6a89b,61.1,1,Other,bank_card,341.0,2,10,2
018bddc2-bfd5-4e19-85e1-fa39bba00517,167.24,1,Accessories,bank_card,29.0,5,10,0
018d945e-6f27-4a4d-845a-9245ebd73410,55.79,1,Automotive,bank_card,175.0,8,10,2
01900299-fef4-44ee-93d5-0c7ea751d214,55.95,2,Headphones,sbp,88.0,10,10,1
0191fea0-18db-4b11-8c83-51c8cc37cc0e,105.27,1,Smartphones,bank_card,67.0,2,10,1
0194f47f-3bf4-4ac1-8d96-3a4140c7623a,95.53,1,Travel,mir_pay,220.0,3,10,1
01965e0f-e981-489c-8566-0d9bd68e3b5b,814.18,1,Outdoor,bank_card,120.0,4,10,2
01ada6a1-4777-4fae-98ad-f0c3f3d3396b,82.16,1,Laptops,sber_pay,137.0,8,10,3
01b14e32-7563-48fc-8e42-e9b8eed0f54f,30.14,1,Office,sber_pay,248.0,3,11,3
01b55ebc-a61d-437d-8489-1975ec1ee5e1,81.39,1,Sports,bank_card,290.0,1,7,3
01b72b4c-034d-49b9-8c26-55bfa75bff55,882.9,1,Electronics,tinkoff_pay,6.0,5,10,1
01c046db-9be9-4cc4-a16e-f60cfb077ca0,121.78,2,Sports,mir_pay,84.0,3,10,0
01cc869a-55d0-4255-85e9-7664fcd1d3d8,906.26,2,Kitchen,bank_card,187.0,2,10,1
01cdf50e-851d-44c4-a849-700a1ba5ee7b,208.52,1,Laptops,sbp,11.0,1,8,0
01db1e38-3186-4676-8bb6-4af46da7e412,270.04,2,Gaming,sber_pay,35.0,9,10,0
01e35018-c018-44ea-8a69-59aa7f1fc940,514.95,1,Books,sbp,165.0,4,10,2
01ea7a4c-103c-431c-badd-2934be748267,196.62,2,Shoes,sbp,15.0,7,10,0
01ec65c8-3940-42b1-b121-15eff9056136,86.18,1,Headphones,bank_card,94.0,9,10,0
01f76f0e-2481-40ea-add7-fed0a87c52ff,525.66,3,Gaming,sbp,225.0,6,10,4
01f7fcad-87cd-4be1-9d00-f4a2663834c8,73.11,2,Shoes,bank_card,205.0,7,10,4
0210d70e-a47d-49c7-bbb8-d5d23f8809a7,145.84,1,Books,bank_card,15.0,12,10,0
0214226f-0f17-4c24-b1d1-040ac7d9c499,49.28,1,Automotive,bank_transfer,130.0,3,10,3
02160847-bb60-4886-ab85-85cc5e78d748,407.27,1,Health,tinkoff_pay,84.0,7,10,1
021ab28c-a54d-4da6-9d89-fe4ead261cd8,253.1,2,Kitchen,bank_card,84.0,1,8,0
021dad2e-6dbd-4716-a9a4-db1330cc01c6,281.53,1,Home,sber_pay,83.0,3,10,1
0228542e-4cd0-4a8c-ac64-1f972260858e,193.1,1,Laptops,sbp,220.0,2,10,4
022e155e-6b29-49cd-bb6f-b140339eb066,507.84,1,Other,sber_pay,192.0,3,10,4
023cffee-46d6-498e-a34d-3de54ff84040,148.43,1,Kitchen,bank_card,208.0,2,10,3
024bc164-8994-4fef-9d2d-44e6c530eb42,1116.63,1,Home,sber_pay,120.0,2,10,4
025a3391-d5bc-4b94-9d65-8234c87a06fb,163.71,3,Laptops,bank_card,22.0,10,10,0
0260d703-6860-459a-ba86-1166c35bfc9c,14.73,1,Beauty,bank_card,33.0,9,10,0
02724872-826a-4606-9d8e-edc84ff918d3,50.93,1,Food,cash_on_delivery,79.0,3,10,1
027e8220-e645-4376-bd7b-a493b860efdd,242.57,1,Books,sber_pay,161.0,3,9,1
028eaa20-92b2-47b2-afd8-042772f9343c,27.33,1,Kitchen,bank_card,84.0,10,10,0
02953a5c-c5d4-4baf-8d53-fa9bbab20bdf,27.34,1,Pet Supplies,bank_card,161.0,2,10,2
02a05747-16b7-4a47-aad6-ded33aa4e066,203.98,2,Home,cash_on_delivery,26.0,6,10,0
02a1a24c-8e06-4676-9227-a9e0accd3a5f,100.48,1,Tablets,bank_card,227.0,1,8,5
02a20788-b63a-4dcb-bbf1-76178d64f791,133.25,1,Travel,sbp,2.0,1,9,0
02a7bc1f-ea3d-4f6b-82c3-cedef764bb6a,245.51,1,Outdoor,bank_card,99.0,1,8,2
02b5586e-3944-469a-b6df-507c3449c5ae,87.42,1,Travel,bank_card,30.0,2,10,1
02bdf26a-b5d5-4c77-b7e4-8a6be224435c,61.73,1,Smartphones,bank_card,76.0,3,10,2
02d01ee0-9f61-44a6-b084-722c30c5c3b1,41.86,1,Beauty,sber_pay,13.0,1,7,0
02d55f32-ad61-476e-b8d2-9b634e5076c5,131.34,1,Shoes,bank_card,64.0,6,10,0
02dfa602-f472-45e9-8d32-e58ead46d216,95.06,1,Jewelry,bank_card,16.0,27,11,1
02e40245-b768-4501-bc04-26f27342bfd9,207.76,2,Health,sbp,312.0,4,10,1
02f73fa1-70b3-4622-9ad0-cf394afb1c01,1169.55,3,Tablets,cash_on_delivery,1.0,6,10,0
02f9b57f-1970-4ef5-b2b2-27861c3c2566,275.13,1,Gaming,sbp,119.0,6,10,0
03012a2d-5e75-4f23-9e55-00281ea960ec,81.44,2,Software,sbp,5.0,1,7,0
030756aa-9a98-4015-84e6-f1ab1c83ad9b,22.57,1,Headphones,sbp,30.0,25,11,0
030ca59a-be9e-4aeb-a0f9-f57404e3bb7e,83.06,1,Furniture,mir_pay,84.0,5,10,1
031e05dc-4a29-4ca6-9d68-1ccb95391084,305.88,2,Headphones,sbp,87.0,6,10,2
0320198a-5d9e-4729-9aea-80e94592e7f7,475.56,2,Office,bank_card,7.0,2,10,0
032e4392-1898-4665-b1ac-6d9bf09e735f,70.23,1,Health,bank_card,10.0,4,10,1
0335dee3-4eda-4342-ac29-e026184d3776,248.73,1,Outdoor,bank_card,73.0,12,10,1
0336518f-fc88-40a1-bea9-a6da21004ea7,303.08,1,Other,yandex_pay,20.0,5,10,0
033734e8-76b0-4580-a074-b925c91146db,133.76,1,Books,tinkoff_pay,241.0,4,10,3
0347e2a1-5544-4897-89c1-e5e54ff258db,25.97,2,Furniture,bank_card,282.0,4,10,4
034ac07b-4c90-4f1c-adba-7b61a3ad13b1,14.9,1,Smartphones,bank_card,0.0,3,10,0
035afc47-8940-46d5-bb9e-ad12ef36e684,23.21,1,Smartphones,bank_card,201.0,4,10,3
0369e451-1a10-408c-ae1e-1156bac2c6e5,29.5,1,Automotive,bank_card,9.0,2,10,1
036ca24a-c93f-47fa-99cc-31fea3522d8e,27.03,1,Tablets,bank_card,69.0,4,10,1
03721239-a0ae-4b24-868f-cbcffc0f1b02,732.96,3,Accessories,sbp,29.0,7,10,0
037e7876-1974-40ec-8b51-c53c26e4927c,55.61,1,Software,bank_card,44.0,3,10,1
03851732-286e-4b52-8c20-8c33df394d1f,25.14,1,Kitchen,bank_card,174.0,2,10,1
0389d00b-e59b-4568-bcbc-ba1e78eb429d,184.25,1,Books,bank_card,97.0,5,11,2
03af5be5-0981-4d65-b5a7-87a1e917f946,81.59,1,Laptops,sbp,51.0,8,10,2
03b5f36f-1a15-4cd0-b7be-3f13c4c8f415,80.51,1,Laptops,sber_pay,25.0,5,10,1
03c57c62-1c16-4ff5-a45e-904722c19a73,49.05,1,Outdoor,bank_card,13.0,1,9,0
03c92546-a1a3-4ee2-a3ac-6ac0c4472bc8,50.12,1,Clothing,bank_card,53.0,3,10,0
03db9a6e-d28d-4214-b5d7-59efdbbafaa0,896.28,4,Food,sber_pay,220.0,5,10,1
03df1f34-4407-47ef-b7cf-b77c79c63420,291.8,1,Health,bank_card,105.0,5,10,3
03e577a6-d9f4-4029-9115-a91244dc90be,17.58,2,Shoes,tinkoff_pay,154.0,2,10,2
03e914ac-c941-4e30-abe7-8b59e493a9e7,132.54,1,Office,bank_card,175.0,5,10,2
03ef8e2f-9a68-476c-9581-547e9304a610,1638.68,1,Food,yandex_pay,165.0,2,10,3
03f2d66f-9a87-4767-b5ae-89e77b02b904,286.65,3,Automotive,bank_card,70.0,4,10,0
03f3ce97-3b3f-4d1c-966a-78d4fd3bdee4,381.91,1,Automotive,sbp,27.0,3,9,1
0400c06d-7b72-4685-932d-09f44bca1308,106.25,1,Beverages,bank_card,120.0,2,10,2
0405b488-6279-4b2e-8b40-0152eded185b,439.32,1,Electronics,bank_card,21.0,3,10,0
041a05dc-4f10-46ff-8057-f05f768b0ede,234.88,1,Travel,sbp,119.0,7,11,2
041f725c-8cfc-47b2-93c8-9d87071c18d1,34.37,1,Beauty,bank_card,54.0,9,10,1
042032d2-a48e-4c4b-9688-01cf00bdfbcd,45.7,1,Software,mir_pay,93.0,3,9,0
04209348-a940-4407-a399-0e921e91fab5,97.96,1,Books,bank_card,144.0,2,10,2
0427fa30-718f-4def-a57e-649b1dbf85f9,452.2,1,Home,yandex_pay,29.0,3,10,0
04359e40-26fc-4b2f-909c-bdd595f3c071,200.3,1,Shoes,bank_card,11.0,13,10,0
044397be-034d-480d-928b-692e7e91f9f6,39.02,1,Sports,mir_pay,7.0,9,10,0
045c2d67-711f-4091-b091-250c46b56d64,160.33,1,Clothing,bank_card,14.0,24,11,1
045d678d-bad8-4cd4-b1e6-cf0e7fe91042,51.94,2,Garden,bank_card,143.0,2,9,5
04723622-07b8-4e91-a8d9-0d215d48678d,135.5,1,Jewelry,bank_card,36.0,2,10,0
047680c3-dae0-4e72-a000-e5a40b34bca6,134.65,1,Books,sbp,7.0,17,11,0
0487fc8d-016b-4a35-b23a-f35bf1fcd91e,57.3,1,Travel,bank_card,66.0,2,10,0
04903f28-54fe-409c-a7d6-a8ec7e536dc7,92.98,1,Toys,bank_card,20.0,3,9,0
04a0bd75-87b8-4fe3-b259-f832852b6637,16.91,1,Software,sbp,67.0,2,10,1
04a6c366-1de7-4ae7-ae1e-9b5bc0abd217,475.16,1,Home,cash_on_delivery,94.0,1,8,1
04aa2774-c74a-41a8-b76c-62cdfa113f0d,348.01,2,Furniture,bank_card,114.0,4,10,2
04bda7b1-64e9-40b7-9abd-50ac2efd170f,65.96,2,Electronics,sber_pay,253.0,2,10,0
04c15475-a3f6-4b5b-8bab-ccf677d09b1e,1431.73,1,Home,sbp,93.0,12,10,0
04d1ae63-3ade-4c98-9ca1-f7818ecbacf9,147.08,1,Shoes,sber_pay,123.0,6,10,2
04d2a105-e293-426c-a784-0c1bd9da6bd2,167.05,1,Office,sbp,6.0,5,10,0
04d5f27a-cfa9-4600-bbca-51ce8d36dfb9,126.84,1,Furniture,bank_card,58.0,11,10,2
04e90026-e2a5-4e34-9bed-d1c36ae22c0e,98.63,1,Accessories,bank_card,37.0,19,11,1
04e9bd14-10ed-4361-95c2-35358d76b60b,97.44,1,Other,sbp,72.0,2,9,2
04f4d420-d0cd-422d-925b-0c60d31b73b5,87.15,1,Accessories,bank_card,31.0,14,10,0
04f88774-33d2-45dc-913f-539f73c38401,37.04,1,Outdoor,bank_transfer,44.0,2,10,0
04f99fa4-3d20-4c91-85fc-751461d3d493,428.78,1,Outdoor,sber_pay,148.0,5,10,4
04fedaff-b66f-45b7-8a3b-b4f091c880d5,1912.29,1,Office,sber_pay,70.0,11,10,0
0501adbe-32e8-4da5-84f7-e9b7379156bf,84.61,1,Gaming,bank_card,150.0,4,10,2
0506082b-f190-4eac-bf28-25e28ad34471,49.73,1,Electronics,sbp,64.0,6,11,1
0507ff16-bf2f-491b-91f4-b94ba9492ca8,243.22,2,Clothing,sber_pay,190.0,5,10,1
05126000-c7a9-4a06-b87b-76ed01d4417d,34.97,1,Automotive,bank_card,33.0,9,10,0
0514f628-7cd0-4d23-a141-3bf29f29b19e,338.84,2,Other,mir_pay,185.0,5,10,6
0524994a-5e87-43be-916e-777b8fed822f,27.01,1,Health,mir_pay,3.0,2,10,0
053afb82-29c8-498f-8aaf-e021a886c456,24.97,1,Garden,bank_card,16.0,10,11,0
0541ee21-9ab6-4a23-b3ff-bf8a175b9d8b,70.38,1,Beverages,mir_pay,53.0,1,9,0
054f1aa5-e1e0-415a-b405-6b27188d6ae6,132.89,1,Accessories,bank_transfer,192.0,2,10,2
056b76fb-2327-4210-8732-a4781c0c5671,290.4,3,Furniture,bank_card,123.0,3,10,1
056f04a6-d458-4873-ae08-1c042caf2be0,235.72,1,Software,bank_card,14.0,3,10,1
0570b02c-85cb-4033-9d1b-07bdd2332dcd,165.61,1,Electronics,sbp,16.0,11,11,0
05777f39-087a-49cc-b0b0-6d66862daedf,39.42,1,Photography,bank_card,114.0,3,10,4
057bb024-ce8a-4c1b-a9ed-cc5c9fd50810,913.65,2,Food,bank_card,81.0,4,10,0
057e3feb-ca1d-4acf-8edd-2a652ca9b703,125.29,1,Health,yandex_pay,118.0,2,10,2
05827b38-ae98-4eb1-af41-4142ec53c7bd,116.58,1,Beverages,sber_pay,21.0,2,10,1
058fd851-8ed2-4a89-b62a-cccba9d0d379,273.04,1,Photography,sber_pay,105.0,10,10,0
05a62d53-0efd-431c-a569-57cf1f4e7e08,44.8,1,Kitchen,bank_card,58.0,5,10,1
05a9949c-c7c1-402c-a76b-b934a8cef049,40.89,1,Music,yandex_pay,25.0,3,10,0
05ad0c2f-fa2f-43dc-a007-3b459c593911,109.95,1,Music,bank_card,127.0,3,10,3
05afbe7c-e7b9-4d28-9126-aa128da687b3,342.84,3,Software,mir_pay,53.0,6,10,0
05b42757-0572-47f8-8e8d-19ed767017eb,17.31,1,Furniture,tinkoff_pay,74.0,3,10,1
05ba01cd-e597-4d13-9968-f8fe69840edd,286.53,1,Accessories,sber_pay,5.0,1,8,0
05bddf1e-ac67-4d24-a73e-fc63bafdbe8d,105.61,1,Photography,cash_on_delivery,11.0,25,10,0
05c9d929-4289-401c-abd4-559644bcc21f,32.45,1,Photography,bank_card,6.0,30,10,0
05cab357-8062-4a2b-9544-c86db5fbe477,47.56,1,Beauty,bank_card,206.0,2,11,3
05cc2e50-9089-4240-a54a-b0d3d08eac19,116.64,1,Outdoor,mir_pay,35.0,25,10,0
05d5dd18-a13f-47b5-a944-2f1fa83d3e76,202.49,1,Outdoor,bank_card,155.0,2,9,4
05db3b0a-b296-40a7-9eb5-0318be574a5e,447.98,2,Health,sbp,137.0,2,10,3
05e35efa-1e7b-4742-9ba4-cb22349ee587,69.13,1,Gaming,sbp,45.0,14,10,1
05e79fb5-9c00-4a69-aa1e-98bfa254f30a,410.12,1,Jewelry,bank_card,64.0,3,10,1
05ed5593-0ba0-41ae-af35-7fc5c7eb9598,572.13,2,Automotive,sbp,27.0,25,10,0
05ede6bf-cb68-4903-bdba-a8cae8d91e1b,37.54,1,Food,sber_pay,70.0,4,10,1
05f7f695-a027-47a8-8302-9c42a0deb029,26.61,1,Toys,sber_pay,32.0,18,11,1
05f7fd41-08a4-4808-a4de-f8dc51d4a673,12.48,1,Electronics,bank_card,131.0,6,10,1
05fe2ece-f0e2-46d2-ada6-261614daa6ef,442.87,1,Tablets,bank_card,171.0,3,10,3
06203c46-a592-4fe0-840d-25f1a1f44d5f,59.47,1,Other,sbp,3.0,10,10,0
0635f381-3db4-408e-997d-d2e4553d40e9,105.68,1,Food,bank_card,100.0,8,11,2
063963fe-f126-4e27-a7f0-e2b365d4730b,212.84,3,Accessories,mir_pay,188.0,5,11,1
0651b441-7135-4564-88f7-5f6a6d980d0c,64.94,1,Gaming,bank_card,27.0,18,11,0
0665f7ff-40d3-479e-bff5-274eb3903516,18.83,1,Food,sbp,13.0,7,10,0
06721370-90fa-4332-8f99-38b8e8aa1468,267.75,2,Jewelry,sbp,29.0,7,10,0
0679c6c3-f13e-400e-a53d-001b6ec094a2,376.94,2,Laptops,sbp,6.0,29,10,0
067ee4ee-d846-4278-b1de-57590a91aef9,121.15,1,Travel,bank_card,291.0,4,10,2
068c5380-05ee-42fd-8afb-ca5e80e5ce3d,173.2,2,Beverages,bank_card,127.0,3,10,2
0690368e-7c47-4f95-8115-81ce18b89bb2,355.27,1,Beverages,cash_on_delivery,170.0,5,10,2
069c6d1c-58f6-4173-97ba-978258e28457,12.3,1,Furniture,mir_pay,20.0,3,10,0
06a9712c-6088-4bfa-919f-151e0d73a96d,87.55,1,Photography,bank_card,88.0,3,10,3
06b9b26d-1ae8-441e-9cba-233e125528e1,178.65,1,Kitchen,cash_on_delivery,70.0,4,10,2
06bce2db-6568-4dd8-82a1-bcfe2cd684f8,3059.2,1,Kitchen,mir_pay,17.0,13,10,0
06c029bf-5dea-41b9-8f39-0b9b6d4e86c3,204.09,1,Tablets,yandex_pay,9.0,10,11,0
06c130e7-146e-400e-a4e0-705a99630129,46.23,1,Jewelry,sbp,208.0,7,10,4
06c464e5-b2d3-4820-80b8-364a9beab3d7,204.82,2,Tablets,tinkoff_pay,211.0,2,10,5
06c56639-38af-4145-9eea-67b7c1b4822e,493.19,1,Automotive,mir_pay,47.0,4,9,0
06cc117a-1226-41f8-b9b1-fac6e2feb85d,93.72,2,Shoes,bank_card,26.0,3,10,1
06d1eb18-5ab0-461d-ad5a-afc7ed1423fe,37.96,1,Office,mir_pay,59.0,1,9,1
06dfdc82-8602-4079-a615-3648974532db,1518.17,3,Photography,yandex_pay,58.0,4,10,1
06e4f8ce-d2ae-4596-9d9a-f22f972d6075,87.23,1,Sports,bank_card,159.0,3,10,4
06e5104f-c072-491e-a87e-8475a05dd3ee,1524.78,3,Office,bank_card,76.0,3,10,2
06f02869-b0d4-40a1-93d0-591147c2632a,29.13,1,Automotive,bank_card,205.0,6,10,1
06f41a5d-e109-4c65-b8b1-47e57e86394a,135.57,1,Kitchen,sbp,16.0,17,10,0
06f8e61b-ca12-4c9d-b74d-b1b017196a8e,32.48,1,Home,yandex_pay,4.0,9,10,0
06fdb717-af10-4169-be3d-17caa7556db3,26.22,1,Food,bank_card,38.0,1,9,0
06ffff12-4e35-4c69-ae5c-b3c9adbdcf44,296.48,2,Toys,bank_card,44.0,4,10,0
0702f2f7-4490-4f40-8a2f-0a012a31f459,163.49,1,Electronics,bank_card,0.0,4,10,0
07076f0f-fe27-4921-9ab6-07838421d780,112.11,1,Garden,sbp,217.0,2,9,2
0709522f-096e-4f18-b6a6-6c32fd80623f,83.92,1,Pet Supplies,cash_on_delivery,115.0,10,10,0
070a8810-9cab-42bc-b5a5-2498219f2c18,167.62,1,Pet Supplies,bank_card,7.0,4,10,0
070bc6dd-0da4-4a24-956c-6d4033cbe832,54.87,1,Tablets,sber_pay,6.0,3,10,0
071634ec-6cd4-4946-ac61-c99c7bf65f9d,297.41,1,Furniture,bank_card,285.0,1,7,1
071d24e2-355c-45e3-a7d2-190319bcc3f3,442.1,1,Jewelry,sber_pay,268.0,3,10,4
071d6405-de09-4890-b5a3-bda090565db2,139.61,1,Jewelry,bank_card,71.0,6,10,2
073b8f6c-cf34-4fdb-adc5-4255f1a813e3,73.7,2,Smartphones,mir_pay,186.0,7,10,5
073f7157-f8e4-43b2-ae67-de91b0c69ad9,445.29,3,Kitchen,bank_card,247.0,6,10,2
074304ca-e1e0-4785-8dfc-6385d65eedcb,190.26,1,Garden,sbp,178.0,3,9,2
0745d7b3-8b46-4bd2-964c-67033f3ff6d8,258.68,2,Health,bank_card,78.0,1,8,0
07519caf-3c92-4b9c-9b39-f12d3ec77f75,88.83,1,Clothing,bank_card,72.0,2,9,0
0758a7e9-98cd-4f09-a5c4-a97aec247e60,13.13,1,Toys,bank_card,71.0,11,10,2
07620cb4-3779-4a23-a5b6-7266cafe729d,166.67,3,Smartphones,sber_pay,76.0,3,9,1
0767b2b9-1fb7-4f60-85ce-295119ce132b,939.3,3,Travel,bank_card,260.0,5,10,4
076d09f3-49aa-4dd0-832b-22894a3eacf1,851.57,1,Home,bank_card,21.0,5,10,0
0775a2d6-b07b-421a-b79f-1459346adac7,267.33,3,Gaming,bank_card,8.0,1,9,1
07856a1d-3993-4e32-b11f-0463277dd2ef,319.12,2,Sports,bank_card,138.0,6,10,2
079206ea-f2ed-4191-8181-eeeb4f3b1d5e,57.15,1,Laptops,yandex_pay,54.0,8,10,2
079553e9-476e-49d5-adf0-3c212e7bad65,93.28,1,Shoes,sber_pay,234.0,3,10,2
079b0ae7-44cd-46cf-b404-0c63b6b3cdb8,1668.7,2,Beauty,bank_card,63.0,9,9,0
07d5baf0-3c2a-49c0-b945-75ea7b4ca4e6,53.93,1,Music,bank_card,69.0,2,10,1
07ece662-f140-4669-9650-3ba6b5cdf030,264.36,3,Other,yandex_pay,21.0,8,10,0
07f56335-a24e-45cc-b919-51c7d94bf9be,120.18,1,Headphones,bank_card,60.0,4,10,2
07fe2db6-0ef9-449c-af7a-6f939f7316ae,60.33,1,Shoes,bank_card,318.0,1,9,2
080618bf-d598-454b-b501-41f193e6bb05,37.66,2,Food,sber_pay,94.0,3,10,2
0807c5ff-f8c9-4b7e-9d56-8e5c86a48ad7,41.71,1,Health,bank_card,76.0,9,10,2
0812e8a3-4440-4714-87c0-0bb175b10aeb,146.11,2,Kitchen,bank_card,195.0,3,11,2
082174cd-4294-4270-a2ce-96562b710fdd,124.34,1,Travel,cash_on_delivery,85.0,5,10,1
08238704-088e-406f-85e6-2bfe9e832e03,216.98,1,Jewelry,bank_card,54.0,2,10,1
082ba74a-85a5-475f-ab3b-5ae97ba7d57c,18.7,1,Clothing,mir_pay,63.0,3,10,0
083ada75-bbe5-4a55-ae7c-a9d2175aa6ee,280.52,2,Travel,sber_pay,4.0,3,10,0
084f2105-5123-4b11-aaa8-69c1ec7003de,120.74,1,Office,mir_pay,0.0,1,7,0
084f940f-f396-4be9-8b0e-89e5430d8607,126.71,1,Clothing,bank_transfer,167.0,3,10,1
085762fc-f40d-4c1d-a247-9c5174437257,187.92,3,Books,sber_pay,190.0,4,10,3
0857aa86-6492-4bab-9d0a-0fc10bba8fc4,137.04,1,Tablets,mir_pay,54.0,4,10,0
08699d53-db8d-4981-aa0f-bc51e0054f34,256.67,1,Food,cash_on_delivery,6.0,1,8,0
08899448-b33a-4a3a-b13f-7e3fb841d4fe,56.08,1,Shoes,tinkoff_pay,55.0,9,10,2
08951f1e-2a6b-49d7-a4a4-7111173f925b,89.13,1,Furniture,bank_card,1.0,4,10,0
08a37136-93d8-4b1b-8ea6-0c7f430df31a,12.56,1,Toys,bank_card,71.0,2,10,1
08b46a39-f868-4f8d-9d77-0a10f31eae64,49.73,1,Electronics,bank_card,139.0,6,10,2
08c16cf8-2e0e-46e4-bc22-45e7a06aa6d5,285.53,2,Outdoor,sber_pay,41.0,12,10,0
08cd1685-61bf-46e3-ab49-a97a3bca894f,181.1,1,Smartphones,bank_card,43.0,11,10,0
08d9ce65-a637-401f-9b53-bd7b036bec2c,168.29,1,Gaming,bank_card,17.0,12,10,0
08e0cec6-ea54-4c53-a797-6c64bdd207d9,48.11,1,Software,bank_card,12.0,14,10,1
0920fea8-a1d4-4ac4-a85f-191fda715568,44.32,1,Other,bank_transfer,0.0,3,10,0
092c8e92-51b9-4ab1-9ac6-26f36aea0c41,60.61,1,Tablets,bank_card,5.0,5,10,0
093054d0-06c3-4d36-aaad-a74665e2c4bb,128.26,1,Health,bank_card,1.0,4,10,0
0930d96c-eec4-4a84-892b-e8998d958b3e,281.79,1,Travel,bank_card,235.0,2,9,1
0944930a-e977-4333-a5c1-cb68ed98811b,218.46,1,Outdoor,sber_pay,66.0,6,10,1
09473f77-dea3-44b2-bf85-5eff25bda809,119.03,1,Health,tinkoff_pay,1.0,11,10,0
094d8ee4-f55e-4fcd-89f5-6f4579624206,329.94,1,Software,yandex_pay,156.0,5,10,2
094e9561-4fcf-42bd-868d-fa8fec41c763,195.89,1,Home,sbp,38.0,2,9,1
09561e67-3c55-4947-b8eb-836d4d8d7c49,1006.83,3,Shoes,tinkoff_pay,109.0,2,10,3
095d2e75-6106-43f9-8ea8-4d610326c18f,132.16,2,Other,tinkoff_pay,19.0,4,10,0
09615139-39f7-40a1-8360-853dc2a93660,130.53,2,Outdoor,bank_card,87.0,5,10,1
096bf340-6ab2-4aa9-ac82-dc6e2f189238,58.43,1,Books,tinkoff_pay,46.0,12,11,1
09724b0d-ae7b-4aa7-b2f3-51f9302a9995,160.57,1,Laptops,bank_card,144.0,4,10,0
0973bffe-2ce9-4aa4-9d15-e867a2de541f,29.68,1,Electronics,sbp,12.0,5,10,0
097d8da3-c0b0-4e93-b43c-ae771010e5a8,218.31,3,Gaming,yandex_pay,55.0,13,11,1
0981d5ba-cf3d-4bf5-9513-ade6475a207e,80.51,1,Laptops,mir_pay,15.0,4,10,0
0982045c-2004-49d0-9614-f1061fddc467,143.49,1,Health,bank_card,33.0,20,10,0
0988dff4-435d-484d-b207-1d71a0bbc2b9,74.52,3,Other,mir_pay,49.0,5,10,1
099e959e-2511-4c40-8582-a22f80cd0184,38.29,1,Jewelry,sbp,1.0,6,10,0
09a471fc-7c95-4d5e-9f5f-c0410ed2b664,96.36,1,Software,sbp,5.0,1,7,0
09a4e59f-4ca9-4e3e-af86-95e44683c4b0,67.41,1,Toys,bank_card,75.0,4,10,0
09b3957e-b0d0-467c-af13-a163a0739c97,10.08,1,Garden,sbp,98.0,6,10,1
09b6ec7d-cb40-48d1-8d31-260100caefaa,452.77,2,Music,sbp,70.0,5,9,1
09cb351d-810c-4323-8521-8bb790b2f797,349.46,2,Tablets,sber_pay,2.0,10,10,0
09cf59c0-7fc4-490e-ad69-06d45df1ceac,1317.96,3,Electronics,bank_card,1.0,4,9,0
09e6a25c-dc1d-4ad4-b2eb-22a07ad14ee1,139.57,1,Health,sbp,203.0,1,9,3
09ea38cc-84df-4fd5-97d6-d920b5d191ce,197.9,4,Headphones,bank_card,121.0,2,9,1
09f9e759-ddb4-4af8-89ad-a905e4daa007,20.37,1,Beauty,bank_card,28.0,3,10,0
09fac7f8-4aa2-4e1d-a080-fd2791d78c5b,1676.26,3,Gaming,bank_transfer,12.0,6,10,0
09fad3dc-3569-4e14-a544-a5d4035004ae,436.42,1,Jewelry,sber_pay,42.0,2,9,1
09fda998-c124-4742-ae8f-60c3b153c3ad,116.27,1,Headphones,bank_card,34.0,9,10,0
0a04a44d-4726-4bba-8422-f21d366b54b3,58.76,1,Music,bank_card,159.0,4,10,2
0a066a78-e988-4c48-b80a-02ed8188904f,455.16,3,Office,sbp,72.0,5,11,0
0a1fbe39-f5ba-4124-a9a3-72e2cb22042f,68.67,1,Beverages,bank_card,25.0,3,10,0
0a27f38f-a539-4e83-8b5f-075abec122f6,739.43,3,Beauty,bank_card,46.0,14,10,0
0a2a2864-c54a-45c2-ad86-023aa2411e37,45.09,3,Software,bank_card,34.0,14,10,0
0a36549b-643c-48c2-80cb-8069007c507d,152.4,1,Software,mir_pay,83.0,2,9,1
0a380ed2-b716-48e0-9db5-d3cf755982f4,240.46,1,Software,mir_pay,25.0,13,11,0
0a3d7e00-8ef7-47e1-8f1e-bfbcc4bba7a0,449.82,2,Accessories,sbp,274.0,3,11,2
0a4b58a9-7102-491e-9a28-c52890bead27,46.51,1,Beauty,sbp,225.0,4,10,6
0a4fc280-aafe-40f7-a5a8-45ba11bd7f2e,137.04,1,Tablets,bank_card,24.0,4,10,0
0a666edb-9a32-4d7a-8eb3-7bfbe9074283,532.43,1,Food,mir_pay,193.0,2,10,3
0a6c488e-92cf-4fec-bcfb-3c29951a8cba,238.27,2,Other,tinkoff_pay,16.0,7,10,0
0a73dc7a-a0d6-40cc-afc6-b3572a449ea3,102.7,1,Food,cash_on_delivery,100.0,1,7,1
0a75a7e2-ec4d-4887-8b8c-b2fc690e2433,110.32,1,Electronics,sbp,71.0,1,7,0
0a85a4e3-f7bb-4178-8eba-563fb9af4dcb,161.5,1,Travel,bank_card,109.0,2,9,1
0a8c01de-3593-4da0-9e3a-02da8d08091f,237.51,1,Shoes,sber_pay,19.0,5,10,1
0a933e53-3e66-4bae-b5f3-c57b01978bb2,155.06,1,Kitchen,mir_pay,338.0,3,10,1
0a960baf-f4c8-4348-b8e6-e42d1e289b04,277.27,1,Health,bank_card,146.0,4,10,0
0aa18c8e-a939-4e0f-a01a-37a781aaa722,88.0,1,Accessories,sbp,23.0,14,10,1
0aa944e9-63e0-4b35-9d7b-274a7137dd11,82.8,1,Beverages,sber_pay,40.0,2,9,2
0aaf839f-dce1-40fc-bf09-e77e90e0bdba,80.2,1,Headphones,bank_card,1.0,12,10,0
0aaf8969-d972-424c-9a8c-2a98affee6b6,62.15,1,Beauty,cash_on_delivery,11.0,22,10,0
0abac1c5-2a5f-4197-9bb1-4b3229ac159b,61.87,1,Furniture,bank_card,9.0,6,10,0
0ac5e8f6-51bb-43b1-941b-223e754a35e9,286.39,1,Food,sbp,44.0,2,9,0
0acd6f2e-9914-4707-bb3c-05905960ef01,62.88,1,Beverages,mir_pay,14.0,6,11,0
0ad92efc-ef1a-4b53-85f2-85db808ca548,35.33,1,Pet Supplies,bank_card,191.0,1,7,2
0add0f4e-069c-4df3-bf28-8f36901773df,225.42,1,Sports,bank_card,101.0,7,10,4
0add4c47-3539-4f3a-b2a9-359a6f0c0535,338.74,1,Health,bank_card,46.0,6,10,1
0adf224b-eceb-4a80-96e3-1c781b387efb,67.28,2,Travel,sbp,4.0,2,10,0
0ae1d405-e2cb-4516-ab4b-2feed12c9263,69.94,2,Automotive,bank_card,7.0,12,11,0
0ae74d92-bbbd-41f0-a6fe-0a6c28cf3d54,54.38,1,Laptops,sbp,174.0,2,10,1
0aebf607-12a0-4208-b506-410660d14068,45.64,1,Food,bank_card,4.0,6,10,0
0b0a45a1-19fd-44f6-85f6-f2fe3126524c,179.23,1,Smartphones,bank_card,195.0,2,10,2
0b0ae3dd-fdb0-4aef-8a21-5a85c70b26dd,60.8,2,Smartphones,sber_pay,14.0,19,10,1
0b0b4f62-cee0-4ab8-b5d6-d31accff3a34,59.47,1,Other,bank_card,16.0,2,9,0
0b152d63-4594-4a6b-b220-56024893b98c,60.07,1,Accessories,sbp,35.0,3,10,1
0b1f9a87-2387-40f6-9bf2-8b98fb513bca,273.35,1,Tablets,bank_card,121.0,7,11,1
0b231134-1b16-4040-a5ff-00c6d40f5a5b,136.06,2,Travel,sber_pay,6.0,2,10,1
0b45e28b-84d9-4ff8-a5fd-df3b81359a92,47.23,1,Garden,cash_on_delivery,216.0,4,10,4
0b4aea0e-f7d5-4d41-9df0-2baedc62461b,59.41,1,Music,sbp,100.0,9,10,2
0b4ec107-83d8-423b-b377-f1174d9bb9cf,724.3,1,Home,tinkoff_pay,273.0,1,8,1
0b5972c8-7c22-4839-b3ad-3fac3e50b7ba,84.26,1,Toys,sbp,258.0,3,10,2
0b6bbfe2-f7c1-41ee-8631-2bb6691f50a9,23.59,1,Headphones,mir_pay,19.0,8,10,0
0b77db8d-646c-43e3-a1f5-e1b38854ea94,116.88,1,Outdoor,sbp,4.0,1,8,0
0b83f73a-f0b5-449f-b792-7b53c69d0031,150.06,1,Accessories,sbp,180.0,3,9,1
0b936b13-7e76-4b82-94ed-eb12544949f5,242.68,2,Beauty,sbp,44.0,13,10,0
0b96cbe8-d929-482f-b09a-2c3ae2ccb87b,13.52,1,Furniture,sbp,46.0,8,10,0
0ba25e54-aeeb-4eb4-8040-617c69d10a17,39.44,1,Clothing,bank_card,66.0,2,10,0
0ba73d53-d30d-46dd-8e27-5ecabb7a5585,163.49,1,Electronics,bank_card,135.0,4,10,1
0bb5291d-d4e0-45f1-8a47-933cba9d0515,256.29,1,Home,sbp,19.0,10,10,0
0bb9aad7-c1d4-4499-819d-1715418c026c,105.35,1,Electronics,mir_pay,7.0,28,11,0
0bc488da-37d3-4b77-95e3-efa18faeab2c,87.89,1,Health,bank_card,10.0,5,10,0
0bcdad2c-5e17-49e2-bc15-82002f8f5e6a,64.03,1,Other,bank_card,115.0,1,8,2
0bd5b2de-6f27-41db-8b33-91012810f58f,132.96,3,Sports,mir_pay,66.0,8,10,0
0bdba062-6d59-4469-92b3-e7edaa69d86a,66.08,1,Other,mir_pay,151.0,4,10,3
0bf67d36-1edd-4c75-afcd-5b5a87df8d7b,442.95,1,Jewelry,cash_on_delivery,189.0,8,10,2
0bfbe3e9-9c4e-48eb-816f-b924aae70d50,163.11,1,Electronics,sbp,159.0,6,10,6
0bfef052-3387-4aec-a609-423d30921c71,306.69,1,Gaming,bank_card,250.0,5,10,2
0c0f13b7-410d-44c9-9944-db4a0e11c39b,35.53,1,Books,sber_pay,202.0,3,10,1
0c104fea-50f8-44e9-aa34-af4de2ac54f1,90.37,1,Jewelry,sbp,122.0,3,10,2
0c131955-c4b2-46ca-b82b-70135ed50396,212.06,2,Office,sber_pay,260.0,10,10,3
0c1ede40-fb5d-4545-abbb-0c2da8516c28,68.81,1,Shoes,mir_pay,194.0,7,10,2
0c3059ec-1cc9-452c-a347-d02ab3d9845f,5.13,1,Office,bank_card,167.0,4,10,5
0c4881b5-de74-45b2-884d-f611fdbd4299,90.01,1,Smartphones,bank_card,14.0,6,10,0
0c576142-74c8-4563-81ea-eb338192ec8b,34.86,1,Garden,mir_pay,158.0,5,10,1
0c5a8a99-9820-4e10-b7c0-7aaaede83f6a,97.11,1,Laptops,sbp,25.0,2,9,1
0c5c903d-149a-4b7c-815c-cf59725b53e2,333.22,1,Gaming,bank_card,95.0,4,10,0
0c5e6bfc-e35b-41fe-a6b1-b095aded9a62,82.93,1,Health,sbp,31.0,2,10,0
0c5eb54b-338f-4372-b1a4-f4b5b9cdc3ef,5726.92,4,Home,sber_pay,76.0,7,10,1
0c6c201c-f76f-493f-87ed-0cc496c3e0c2,45.74,1,Clothing,sber_pay,20.0,2,10,0
0c6ca974-cdba-40b7-859d-5464eefad1ac,459.9,2,Software,sber_pay,78.0,4,10,2
0c702ff2-8ae4-4d5d-83c5-3238c54bbd0a,177.89,1,Laptops,yandex_pay,19.0,14,11,0
0c70e61d-e0e3-422b-a30a-5acd96d4478a,19.06,1,Automotive,sbp,11.0,3,9,1
0c74f96c-2c87-460e-8b36-9d2feca31945,168.42,1,Jewelry,bank_card,0.0,5,10,0
0c777d2a-986f-44b3-9545-1f5e9b98550f,36.92,1,Jewelry,bank_card,138.0,5,10,0
0c78e720-6108-4f2e-ac6d-84c0b678a121,34.79,1,Electronics,sbp,79.0,5,10,1
0c86245c-45ab-4d7e-b2b4-cb02863fafdd,153.21,1,Laptops,bank_card,75.0,4,10,2
0c894bbe-0df3-4f3c-86a0-8078f7a0f161,301.62,3,Shoes,bank_card,203.0,4,10,3
0c8fd163-fc68-4e5c-a371-214253c1d885,239.13,2,Tablets,sbp,68.0,8,10,1
0c92033b-a3b5-44c4-8406-15b990cec02b,40.78,1,Smartphones,sber_pay,117.0,5,10,1
0c93144b-c8ac-477d-841c-4b5346b63c73,89.52,1,Photography,bank_card,35.0,3,9,0
0c9d5474-6e8a-4676-bbde-253d6a4b2b31,232.54,2,Headphones,tinkoff_pay,183.0,4,10,3
0ca46902-cfa8-4ba4-a67c-1e2227c8abdc,374.08,1,Beverages,bank_card,70.0,4,10,1
0ca57026-48b6-4db6-b5d0-781d3eba69e5,54.66,1,Furniture,bank_card,220.0,3,10,3
0cb6a9be-94d5-4341-873a-7d3998a926e8,99.67,1,Office,sber_pay,76.0,2,8,2
0cb6de49-9b26-4f6c-88c4-66f55abfbd6b,278.32,1,Travel,sber_pay,167.0,2,9,2
0cbbc03a-fd86-4c1e-bad2-ada82398ff54,286.15,1,Electronics,bank_card,57.0,2,10,3
0cc29e07-3542-4674-b1c6-df228b559e8b,65.77,1,Electronics,bank_card,72.0,8,10,1
0ccf6137-38fd-45c1-8f62-76991f47a7bd,82.48,1,Sports,bank_card,279.0,2,10,1
0ce22e3c-efc0-4da6-81bf-1da19a16b1dd,313.26,2,Office,bank_card,134.0,1,6,1
0cf734cc-09f6-4e53-9fab-8c5bb72eb1cf,312.12,1,Garden,sbp,304.0,2,10,3
0cfdbff3-69d7-4200-80f6-e22bde5b61f6,63.31,1,Photography,bank_card,55.0,1,8,1
0d07ab39-5707-4f3a-b213-76b3d2b537eb,317.98,1,Office,bank_card,52.0,6,10,0
0d0b251e-fdc3-4872-85f1-ef9c03af0bd0,194.22,2,Health,bank_card,80.0,1,7,0
0d106536-d88b-446e-8418-b816657310ab,189.18,3,Headphones,bank_card,18.0,5,10,0
0d284f0a-086f-4f48-855b-8382e8a0498a,91.6,2,Photography,bank_card,76.0,3,10,0
0d34845e-12f5-44cb-b25b-e3a9d694579b,104.42,1,Automotive,sbp,94.0,1,8,1
0d3b6682-f1e7-4720-b4b9-632a1d910e85,223.6,1,Furniture,sbp,121.0,3,10,0
0d451c7b-0955-47c1-8a7e-9b61e1f16ce6,184.53,4,Software,bank_card,117.0,3,10,1
0d4cace2-4738-42e5-a4c4-efccceba82a2,46.58,1,Electronics,bank_card,263.0,2,10,3
0d52040b-84f2-4fc8-b77c-ab80dbeb6ae6,134.65,1,Books,sber_pay,113.0,2,10,1
0d52fbbf-b4da-4be6-8943-0a402956b51e,10.39,1,Toys,sbp,11.0,8,10,0
0d6005c4-e541-4e5e-904f-c68a870b8232,921.32,4,Office,bank_card,158.0,3,10,4
0d651b73-81cc-494a-a484-d7e40a2e076f,61.38,1,Shoes,cash_on_delivery,23.0,13,11,0
0d72c3a2-e7e8-4118-88b5-239d7f31adc3,93.85,2,Health,bank_card,27.0,24,11,0
0d76de6d-1df0-49f7-9fc0-85ad742be800,182.47,2,Pet Supplies,bank_card,54.0,10,10,0
0d8431cf-f5cf-4bdb-a8a7-569dc7a19e48,190.85,1,Toys,sber_pay,33.0,13,10,0
0daf65a2-79f5-4cc8-8a77-a67a41e62125,593.48,2,Laptops,bank_card,131.0,3,10,2
0db0dcb1-3e9e-4c78-8dcc-27c4884e600d,34.78,2,Laptops,bank_card,7.0,5,10,0
0db1eccb-67d8-46d7-8f5e-37939fb40814,231.06,2,Clothing,bank_card,20.0,4,10,0
0db69e5a-ecd5-41d9-bca2-f1663d30c30f,141.41,1,Travel,bank_card,119.0,8,10,2
0db7ce3f-2fb5-4da0-aee1-1e66f32c8663,62.32,1,Electronics,mir_pay,28.0,3,9,1
0dbd7538-731b-4c70-a1cb-d267969ea4cf,449.68,1,Smartphones,sbp,21.0,3,10,1
0dc3204c-e2cf-4dad-90f3-94d08cbc9b4a,48.89,3,Beauty,cash_on_delivery,135.0,3,10,1
0dc61e79-8781-455f-9430-78d79b26af5b,120.84,1,Outdoor,sbp,30.0,2,9,0
0dc797ba-4ae9-49f0-a078-0c9e6509e69b,60.66,1,Other,sbp,27.0,2,9,1
0dc8979f-65ec-4666-8a61-6029cc9e1eb5,49.28,1,Automotive,bank_transfer,136.0,7,10,3
0de41beb-6fcf-4f31-bc2a-300cb42d30cb,97.96,1,Books,bank_card,123.0,2,10,2
0de75cfd-bd49-49ac-bcb0-e554fd135bf9,216.22,2,Food,bank_card,2.0,1,7,0
0de9a13d-5802-4408-a758-a0ef858fcaa8,244.47,1,Beverages,sbp,4.0,18,10,1
0decb1b6-3c5d-45a0-89c9-584932b52eab,132.83,1,Gaming,yandex_pay,147.0,6,10,1
0df4da06-a9c0-49b1-8ef0-1d27150b45e6,639.02,3,Software,sbp,181.0,3,10,1
0df61067-dc4f-4e82-b036-e30e14cea24f,40.0,1,Sports,sbp,165.0,4,10,4
0df65d9d-715c-4a1e-9c7c-62b7bb05feb3,162.45,3,Automotive,cash_on_delivery,6.0,12,10,0
0df81400-24e4-4ec1-8c97-ee145f22dd15,149.05,1,Electronics,sber_pay,191.0,4,10,4
0dfedc47-c1a7-4d5d-87ac-46a33619945d,28.34,1,Health,sbp,38.0,6,10,0
0e0300e7-c7ee-424d-b41e-f1086b41a812,380.74,1,Food,bank_card,7.0,7,10,0
0e0dc4ef-6604-428d-96ae-2f62713db722,1470.06,3,Music,bank_card,140.0,7,10,4
0e0f8bd5-4676-42ee-b9ee-fe4badef16a8,387.36,1,Furniture,bank_transfer,225.0,3,10,1
0e11e0ee-3e44-436f-9479-1c8aa4d94e07,195.45,1,Headphones,bank_card,148.0,7,10,3
0e19ec21-a41b-4a40-8f2e-ba26f873a135,118.21,1,Software,bank_card,35.0,1,8,0
0e1d54b1-da5b-4dc9-948d-29b262c2a433,189.86,1,Toys,bank_card,196.0,2,9,3
0e24b5e1-ebde-422a-b2e5-0a04d32aad94,1241.33,2,Outdoor,bank_card,312.0,1,7,3
0e2f68ed-ea0f-4e34-9159-785de3b4bfdf,374.08,1,Beverages,sbp,25.0,10,10,0
0e3a615a-225d-44a1-8a92-9b447c890198,150.16,2,Photography,bank_card,156.0,5,10,3
0e3d59b9-71fc-4ecd-b1c3-f9ad4d7b41ff,34.01,1,Tablets,mir_pay,59.0,4,10,0
0e4b365d-ab4c-4ace-b057-4836a99f7827,222.25,1,Headphones,sber_pay,30.0,14,10,0
0e4b8d14-48b3-4cba-9be7-550ee7eb1b26,402.11,1,Garden,bank_card,9.0,27,11,0
0e4e843f-5783-4720-acbd-09b3a6b4b5a2,638.85,1,Books,sber_pay,132.0,2,10,1
0e50d92e-2aac-402c-bd34-19fdbdab4d8c,175.64,2,Health,bank_card,144.0,4,10,1
0e50fd0c-0483-4e49-92c7-2fbcea928d91,660.55,2,Outdoor,sbp,11.0,8,10,0
0e5f016e-5f34-423d-8a33-f936a75932f2,88.41,1,Books,bank_card,172.0,5,10,2
0e8562e0-2e39-4553-abae-f0c24ff85847,123.34,1,Tablets,sbp,14.0,1,8,0
0e874654-72e9-4400-94ee-6444df92e6e9,13.67,1,Furniture,yandex_pay,118.0,6,10,1
0e90dcc7-c5e3-4d22-94ba-246f0b3b2ffd,151.8,1,Furniture,sber_pay,48.0,9,10,0
0e9f20ad-1d01-4ac5-ba95-ce5da48fb3f6,278.38,1,Gaming,bank_card,27.0,4,10,0
0ea116fc-1eb6-400e-b259-a9f2bac6bc56,122.07,1,Gaming,cash_on_delivery,199.0,2,9,2
0ea1f22f-414b-4976-b581-0cbea335676c,104.44,1,Garden,sbp,65.0,5,10,1
0ea6dabd-bcf9-4c11-86ae-6ecb8f2d1582,119.4,2,Electronics,bank_card,93.0,4,10,2
0eac0aec-179d-4157-9468-2093fd8daa26,44.09,1,Photography,bank_card,21.0,1,9,0
0eacc99c-e269-44b6-b392-e3b4325b7861,419.81,3,Garden,bank_card,126.0,5,10,3
0eb29d4f-15fa-42c6-8a60-6b12d2bb0e3a,188.47,1,Laptops,mir_pay,68.0,6,10,1
0eb8d314-e742-466a-a18e-19d388c73f0d,83.31,1,Outdoor,bank_card,60.0,7,10,1
0ec2eda7-e8e4-4f96-a2cb-79f86bd532df,124.29,1,Electronics,bank_card,47.0,4,9,0
0ec55173-a706-446e-9119-19ed30f83caa,139.6,1,Gaming,yandex_pay,8.0,11,10,0
0ecf18da-d249-4fea-be64-4f90521ba7ea,76.16,1,Sports,sber_pay,97.0,2,10,1
0edcd5c0-fbd1-49bb-a768-4efbe93e82be,769.38,1,Pet Supplies,sber_pay,8.0,1,8,0
0ee13784-9b5a-44e4-bb5f-be569c07e427,62.68,2,Beverages,bank_card,7.0,26,11,0
0ee937fb-6c16-4e09-a421-84722bbbfb47,108.11,1,Shoes,mir_pay,82.0,9,11,2
0eebb4fc-cbf9-4cda-a0cc-16f3f46bf321,144.06,1,Gaming,cash_on_delivery,38.0,7,10,1
0ef49997-c2e5-4f51-8e44-923a469d4c80,356.88,3,Laptops,sbp,5.0,2,10,0
0efa4f29-a07b-4e50-a635-e327f05b3e91,189.82,1,Home,bank_card,246.0,2,10,2
0f052353-4405-4d2b-8840-884a879b89eb,294.49,1,Outdoor,bank_card,80.0,9,10,0
0f1022f9-a4cf-4571-9cb2-1a15093225b4,36.85,1,Smartphones,bank_card,29.0,10,10,1
0f11b9d7-9949-463d-9a78-534b0be167f2,275.1,2,Accessories,tinkoff_pay,221.0,4,10,3
0f1fd17f-27d8-49ed-b471-29b761ad556e,13.99,1,Beauty,sber_pay,69.0,14,10,2
0f2b126c-617f-46e9-8613-abf5f4f18d06,552.62,1,Music,bank_card,47.0,4,11,0
0f333bab-cc80-4b85-8571-90182681c490,11.08,2,Pet Supplies,bank_card,75.0,3,10,2
0f333ddd-8127-47f3-a722-6671f4a1bb53,463.85,1,Home,sbp,58.0,4,10,1
0f4331f6-fe61-4107-be8e-5fda4dab9b51,11.88,1,Clothing,sbp,51.0,9,10,0
0f439ead-f3dc-4b87-ae87-348c199a5cd8,366.33,1,Tablets,bank_card,26.0,4,10,0
0f56e6c0-36ae-4b67-9805-8e78337b3a45,92.63,1,Books,bank_card,44.0,2,9,0
0f5dd9df-7510-4ff8-9543-e973e763a4ee,93.55,1,Office,sber_pay,104.0,4,10,2
0f5fb966-176f-4415-915c-859ad6a6d827,127.49,1,Clothing,bank_card,50.0,11,11,1
0f61a9c6-ab6f-4c0b-b6da-f3832a58aa7f,20.17,1,Kitchen,bank_card,46.0,4,10,2
0f7d1f28-65f0-4262-a186-df383936c29d,91.37,3,Furniture,sbp,30.0,16,10,0
0f7d545e-5087-45f0-afa6-f3ac3f97b50f,49.93,3,Sports,bank_card,46.0,2,9,0
0f8a0e88-a006-4828-9f6d-ac9c529d42ee,51.44,1,Toys,sbp,46.0,16,11,1
0f915113-f23b-4605-b540-c129fad3cf91,25.82,1,Gaming,bank_card,113.0,1,7,2
0fb46759-8951-43df-b93d-4a7f535f8d89,737.5,1,Headphones,bank_card,37.0,5,10,1
0fb73c44-9c2f-40a2-975e-298837cc082f,483.95,1,Kitchen,bank_card,38.0,3,9,0
0fb8d6b4-c467-4629-99f1-a287c002d033,31.94,1,Beverages,sbp,75.0,3,10,2
0fc2ecd5-38d9-496c-8640-0d21b26e4e96,200.3,1,Shoes,sber_pay,111.0,4,10,2
0fd42823-c05a-4633-a5d5-e88ac3d94231,663.75,1,Accessories,bank_transfer,61.0,6,10,2
0fd4c84c-0559-425f-a048-a3d9d9375e2d,143.49,1,Health,bank_card,4.0,9,10,0
0fd6363b-a75f-42ac-bb74-a7dde8f7a616,226.1,1,Books,bank_card,53.0,9,10,0
0fd7c24c-fa9a-49c4-8704-df7a55a1819d,36.41,1,Garden,yandex_pay,41.0,4,10,1
0fe2e0e0-3aee-49be-a4a3-89000af9c921,12.56,1,Toys,tinkoff_pay,2.0,2,9,0
0fe9fb9c-7470-45b8-a8e2-4c72a756f742,554.02,1,Shoes,bank_card,173.0,4,10,4
0ff29ade-a6a4-4899-b6f3-4c020b3b5d75,91.62,1,Other,sbp,184.0,3,10,2
1003e2dc-1f00-451e-b6f4-851987edf3dc,198.09,1,Office,bank_card,202.0,3,10,3
100cc54a-a91e-4fba-a4aa-d8d499ca9a24,230.33,1,Office,sbp,115.0,3,10,3
100ec28c-db40-45b2-9c71-f449cb0aae42,255.65,1,Beverages,tinkoff_pay,316.0,4,10,3
101fd741-a3a6-46c3-adf9-85c4b9a00424,29.61,1,Books,sbp,35.0,4,10,2
102aaf5b-e761-4303-a596-ab6702c847b5,144.94,1,Gaming,bank_card,259.0,2,10,4
10340d7d-dcdf-44c7-9fdd-73579df9bbc0,243.37,1,Pet Supplies,sbp,145.0,4,10,1
10413c77-01d1-4847-8086-0baa75c2da85,11.96,1,Photography,bank_card,338.0,2,10,2
1044a6f8-076c-4ded-bab8-f46baeeb7674,151.06,1,Clothing,bank_card,305.0,4,10,3
10501026-7710-44b9-8666-0d1f261eaa94,252.97,1,Furniture,bank_card,0.0,2,9,0
105242a3-e397-4cae-933c-95326385bc84,25.84,1,Automotive,bank_card,0.0,6,10,0
105bf60a-c137-4feb-93e2-463f29527248,217.28,1,Music,sber_pay,236.0,2,9,1
1068f357-2cb5-4f30-8c1c-953e9b8221cb,262.66,2,Music,yandex_pay,128.0,1,8,2
1071a2db-c5e5-4524-b883-bd95924a65e7,298.66,2,Office,mir_pay,112.0,7,10,1
1073b163-fac2-4ced-865f-feeb5c148bf5,320.08,1,Furniture,yandex_pay,19.0,19,10,0
10791d6d-d140-4b1e-8212-ee2d3d1b87ca,18.7,1,Clothing,sber_pay,101.0,3,10,1
107ff1f0-6634-47b1-9662-090d9ba15f97,219.1,1,Sports,bank_card,235.0,2,9,1
1084a9be-b012-4f9c-8b0f-c289e0cc2cf7,53.17,1,Pet Supplies,tinkoff_pay,88.0,4,10,1
108fae83-3b85-4ea2-a98e-daf1ee018c6c,89.0,1,Kitchen,bank_card,254.0,4,10,4
1098bd23-b8a8-48fd-81d6-3c012562d516,165.6,2,Beverages,bank_card,199.0,2,10,2
109b2653-f10c-4bc1-9a2b-c195f5e238ef,56.92,1,Music,sbp,30.0,22,11,1
109e425c-a64f-47d0-bd42-fe311d2b7cfc,105.56,1,Beverages,sbp,19.0,10,10,0
10afe7f8-0893-4a99-9cf8-9e50edb02380,255.28,2,Photography,bank_card,111.0,1,8,1
10b0444d-59e5-499d-8304-3caf2173ef84,277.76,1,Sports,yandex_pay,140.0,6,10,2
10c18db0-93f3-44c1-82ec-6901142b6bd0,33.58,1,Smartphones,bank_card,91.0,3,10,1
10daa694-6ff1-412f-a308-add3ecead906,857.49,3,Health,sber_pay,7.0,10,10,0
10e67304-9e45-4ffb-96ab-ee412878ab6f,12.56,1,Toys,sbp,56.0,9,11,1
10eb4b64-92fb-4d5c-ab2b-7c6c25addb1b,189.37,1,Beauty,tinkoff_pay,236.0,2,9,1
10f0389c-a381-44d3-a7fc-a51e73ed571b,83.94,3,Headphones,bank_card,2.0,3,10,0
10f26a95-cec5-460d-9ee5-00dffb4d022b,103.92,2,Headphones,bank_card,341.0,2,10,2
10f89d7f-a0c9-4e29-ad73-f7e81bcb0cec,270.18,1,Food,bank_card,86.0,3,10,1
110cfa82-d137-4d0c-a293-bca93ceb1e25,886.18,2,Tablets,bank_card,83.0,3,10,2
1115351f-e68a-41a5-ad5b-591163679bea,46.13,1,Software,sbp,343.0,1,7,2
112248a3-691f-4010-a839-42e29e2b30c5,764.31,1,Furniture,bank_card,138.0,4,10,0
112fbd98-2926-4304-ab0f-cd56c4b89276,244.4,1,Laptops,mir_pay,171.0,2,10,2
11312d32-e3c7-4c40-8d76-37ba9b1ece1f,6.49,1,Home,bank_card,147.0,9,10,3
113cded4-a150-4969-8ec9-32728b70cb14,242.57,1,Books,bank_card,42.0,7,10,1
113d413b-2344-4605-9649-22fceb023c9d,262.48,2,Shoes,bank_card,1.0,1,7,0
114b0f2d-65c4-4be1-8578-27242b51c78c,16.19,1,Jewelry,yandex_pay,275.0,6,10,2
115b9f43-a34e-49d1-aa12-b94cb41f8392,7.59,1,Music,sbp,254.0,4,10,2
1165bb55-c28c-434a-a7b0-06f3229e9246,202.32,1,Music,sber_pay,165.0,3,10,1
116a0560-2d7c-413f-86b5-530bc4a74bec,129.37,1,Shoes,mir_pay,162.0,3,9,5
116bdec6-841c-47cc-ad50-9c1c30f661c8,80.06,2,Pet Supplies,sbp,155.0,3,10,1
116d5833-2c69-44d7-ac68-fbd1ca88fee0,37.7,1,Accessories,bank_card,42.0,15,10,1
118341d7-d6f4-4c67-8c5c-97c980b5610e,121.27,1,Accessories,bank_card,76.0,4,10,1
11850409-3674-493f-bdda-9a026313cdcd,86.77,1,Shoes,tinkoff_pay,46.0,5,10,3
1188dfad-0a5d-4c8d-b81d-866c76b4e06b,83.18,1,Books,bank_card,112.0,12,10,2
118fad5b-3009-4c99-9307-1a20de426f0e,165.64,1,Clothing,sbp,29.0,5,10,1
1190aa3e-cb79-4648-b25d-d37f53002b20,221.27,1,Jewelry,mir_pay,16.0,4,10,0
1197b6b4-b91e-41c2-920c-289ff1d220c0,151.2,1,Music,cash_on_delivery,7.0,12,11,0
11a0db7f-ed4b-4ac0-b1d3-b2c60c61b8b5,263.25,1,Electronics,bank_transfer,75.0,8,10,1
11a4091a-bdb8-45b3-90fb-7d9214876037,591.42,3,Beauty,sbp,132.0,4,10,1
11a647fd-6820-4a53-b8f0-c5e4b5b0b51c,63.83,1,Sports,bank_transfer,18.0,6,10,0
11a76a2e-ba76-4367-a518-9ba66e632854,490.62,2,Automotive,bank_card,108.0,4,10,1
11a97bdf-ceff-48cf-a526-2bda75775886,53.15,1,Health,yandex_pay,148.0,5,10,0
11b4ff40-b2be-40aa-84cb-727241b9ef91,253.94,1,Tablets,bank_card,14.0,19,10,0
11b8d975-4494-4b5f-a403-ca9855e12af2,169.71,1,Toys,sber_pay,3.0,22,10,0
11d1ad05-8b5b-49fc-aa0f-e7a92c8630d4,1603.12,4,Food,bank_card,12.0,34,11,0
11e2f40d-9951-4041-9972-ca2d64bbd6ca,300.81,1,Photography,bank_card,40.0,4,10,0
11ebca92-ac20-4f10-8170-92eb2307700c,80.04,1,Garden,mir_pay,107.0,3,10,0
11f4b790-1873-4099-a0fb-c31b92491046,242.45,1,Headphones,bank_card,108.0,3,10,2
11f8a30f-bed8-4a1d-9c7d-0516dc4a461f,296.75,2,Garden,bank_card,65.0,20,10,2
12059242-b3b1-46b6-b795-582269f9e061,309.3,3,Sports,mir_pay,266.0,4,10,3
1205eeee-5c27-4cdb-8a88-433ac6cc34c3,135.5,1,Home,sbp,160.0,3,10,1
120827a9-ad6d-4732-a4e9-18f11feda731,1055.26,4,Beauty,bank_card,43.0,2,9,0
120d7b53-7b40-4ca3-8b71-001ae854873c,158.02,2,Automotive,bank_card,198.0,4,10,1
121da6cc-de87-45d2-97e6-c5523a8bd3cd,577.0,2,Health,mir_pay,2.0,1,8,0
121dd631-b9f2-4bfe-a99c-60c39584f1f5,91.28,2,Food,bank_card,99.0,2,10,0
121e1a3b-f2c0-4848-89c2-91601a138627,49.28,1,Automotive,bank_card,22.0,10,10,0
1220c6d8-a55b-4779-a227-fe8f0f1bb9cc,137.93,1,Music,bank_card,45.0,2,10,2
1225c384-3804-4222-80fb-6428e5d03926,186.0,1,Clothing,sber_pay,172.0,3,10,3
122fe565-6a65-4793-b6aa-3233c548f372,46.8,1,Home,bank_card,5.0,1,8,0
12337031-cc34-4b21-b76e-01500ebd4f55,393.99,3,Music,sbp,269.0,4,10,2
124189ac-50d7-4c7f-bdf9-9316ffb80aaa,177.81,1,Furniture,bank_card,17.0,4,10,0
124a4d1b-b6ae-4e46-9953-9e5eeec9e483,116.34,1,Beverages,sbp,119.0,1,8,1
12517eca-ed66-4a7c-b2cd-05438f032517,112.27,1,Music,bank_card,39.0,3,10,1
1256fcf9-aae8-46a3-9fd2-01d6cbc8ab19,189.82,1,Home,bank_card,233.0,4,10,4
1257b39d-2f52-45e0-8aed-3f93894ecfc1,273.56,1,Outdoor,bank_card,24.0,4,10,0
125a1607-eee0-4b36-add0-7aed550df476,756.56,2,Sports,yandex_pay,19.0,6,10,0
125d0472-316c-43d0-98a3-9d2b789fef2a,73.19,1,Accessories,yandex_pay,203.0,3,10,3
127378c8-06bb-43b6-ab36-204aaf6cbcb1,101.84,1,Gaming,bank_card,165.0,4,10,2
1274da9f-b0fa-402a-8163-41fb8d577e7d,70.96,1,Beverages,mir_pay,8.0,4,10,0
12ae340d-ef89-4e8c-9a76-c0e34af7c555,131.24,1,Shoes,bank_card,15.0,24,10,0
12b1491c-3de5-4697-af44-6fd9b076bf8b,16.68,2,Toys,sbp,21.0,23,11,0
12cb8f3b-156a-4138-9de5-869b8dd636ab,69.5,1,Gaming,sbp,20.0,5,10,0
12cd77a2-ce13-478b-a32e-26f11bc4e438,78.22,1,Pet Supplies,mir_pay,182.0,4,10,1
12d3c97d-4a27-448b-a240-ca57a8401274,119.03,1,Health,bank_card,144.0,2,9,4
12d97c32-dbdc-4c4a-9ae7-df5668db4662,23.36,1,Beverages,yandex_pay,24.0,6,10,1
12d9c1ee-6be1-4d89-b800-e5949c0eda67,129.26,1,Kitchen,sber_pay,37.0,7,10,0
12da8a8f-b4e4-4887-b8f6-03c67bb26aa5,263.67,3,Health,bank_card,57.0,2,10,0
12dcc460-3f86-4c4a-b5fa-2016759a6bee,645.34,2,Photography,cash_on_delivery,153.0,4,10,2
12e94ed4-1b08-45ec-bf65-f462ecee7889,223.22,1,Food,tinkoff_pay,44.0,6,10,1
12fc8adb-2604-4170-a944-1178326fe0ef,41.72,1,Smartphones,sber_pay,1.0,7,10,0
130c36f6-538f-4ac6-8f4c-d89203acc98b,164.95,1,Health,bank_card,2.0,2,10,0
13183729-2253-4817-baa2-f4cb065804f6,58.79,1,Jewelry,bank_card,3.0,4,10,0
13264afb-93f3-4a89-bf94-874a0b3fe531,232.59,3,Sports,mir_pay,32.0,14,10,0
133c7929-4c34-4d45-87e0-50f1339c91e1,496.93,3,Clothing,bank_card,179.0,2,9,3
13496b05-c688-4aae-8916-dff0dfc58070,628.21,1,Software,mir_pay,44.0,13,10,0
134b1198-b5e2-49da-b339-14c1aed433cf,65.64,2,Health,bank_card,33.0,4,10,0
1357db3b-c466-4936-afeb-8f5d2945cfd1,35.38,1,Toys,sbp,79.0,1,7,2
1363661b-d588-4d24-bdb9-c8a9cee4e119,65.77,1,Electronics,sber_pay,82.0,7,10,1
1374222f-1c06-4e42-9704-9928974d0033,672.77,2,Headphones,bank_card,56.0,9,10,0
1378bd24-7205-4511-8852-ff7c0b65cac6,106.93,1,Automotive,sbp,23.0,19,10,0
137d18a3-4538-4195-8298-69c7df48a792,210.84,1,Shoes,cash_on_delivery,131.0,1,8,2
1380e27c-0c58-40d1-92f7-b4ef5d2ce30a,56.46,2,Accessories,sbp,16.0,5,10,0
1387ff8c-925c-4f5f-8f61-5a4d5dd32396,130.34,1,Smartphones,sber_pay,4.0,1,7,0
138ae638-4c89-4828-94f8-00fb1693667a,100.2,1,Shoes,bank_card,40.0,5,10,0
13958941-6479-4623-88c4-1133742179cb,340.73,1,Toys,sber_pay,45.0,8,10,2
139b0338-03b7-4404-bfca-a4202de3d56d,105.51,2,Beverages,bank_card,3.0,4,10,0
13a02a5d-f49e-4c6b-980b-3874cd698c08,448.08,2,Kitchen,bank_card,320.0,3,11,3
13a07811-4305-426f-a3d8-95d39d50f0bc,30.78,1,Smartphones,bank_card,144.0,5,10,1
13a1e6b9-244b-4ad5-9660-6dabc0bf692f,746.91,1,Software,sber_pay,46.0,7,11,0
13a71d94-fd86-4e45-a64d-904ffe9fc8a3,227.16,2,Sports,bank_card,51.0,6,10,1
13ae2e78-86c7-4f62-9235-03843f5543c7,18.7,1,Clothing,bank_card,88.0,7,10,0
13b1374d-b0a9-4b38-8ca7-5352dc4ee18b,747.24,2,Sports,bank_card,201.0,3,10,5
13b2342e-7b9b-4103-87b8-bafd45c96440,312.2,1,Pet Supplies,yandex_pay,52.0,3,10,1
13b63c53-0c6e-401d-9a23-29d5b078aa05,139.84,1,Pet Supplies,sbp,42.0,2,9,0
13b788ca-63cb-437b-ac52-1f115011f491,125.64,1,Gaming,bank_card,2.0,10,10,0
13c4c923-c5e4-4085-97d3-790ac596c04c,311.04,4,Kitchen,bank_card,154.0,3,10,1
13c93ca5-3b4f-4aa6-873b-53cce13d837d,164.82,1,Toys,sbp,51.0,8,10,0
13d338b3-9442-4d63-8966-7e6a551b74ec,188.76,1,Travel,sbp,61.0,11,10,0
13d5659e-4fdf-431c-aa32-2cb5db022df4,176.21,1,Clothing,yandex_pay,0.0,8,10,0
13e72e6a-f817-4673-8c4c-7a329de37ec7,132.49,1,Electronics,tinkoff_pay,130.0,3,10,0
13ec7a1c-76cf-48a7-b65e-ea260ded1f4c,120.31,1,Automotive,bank_card,41.0,1,8,1
13f1e1ca-06a5-40b7-abb0-eba6b96fd44d,159.4,1,Headphones,sbp,1.0,1,8,0
13f5c4f5-7c45-451c-adbf-523fa2b222b1,116.41,1,Health,sbp,291.0,3,10,2
140403be-2a4a-41a5-a412-abd4a7d412b6,92.63,1,Books,bank_card,131.0,4,8,1
140ff6a1-205e-4de0-a176-ffbd14b54c90,466.66,1,Jewelry,bank_card,58.0,13,10,0
1414fb08-183c-4f7d-b03d-b65369ed8e3b,248.88,1,Health,bank_card,106.0,5,10,1
14176d58-c7ea-4a96-b926-34572cda44d6,152.74,1,Home,sbp,111.0,6,10,0
14279690-dc49-4b23-b7e1-4c682e6b4c13,988.88,2,Photography,mir_pay,156.0,2,10,5
1427b967-1873-4c0f-93a0-e20bf964376e,678.22,2,Garden,bank_card,29.0,9,10,1
142f94da-73c7-41a6-bb5a-2c948b7854c3,348.62,1,Outdoor,bank_card,64.0,5,10,0
14452185-9969-4034-bd36-080658140bc9,26.84,1,Beverages,sber_pay,196.0,6,10,1
1447ac97-dc17-4b5b-a912-cbb852713451,137.48,4,Beauty,tinkoff_pay,154.0,6,10,4
144ece92-947d-4adb-8f3a-43f19d3d0b3a,38.9,1,Travel,sbp,64.0,2,10,3
14713149-b430-4492-897a-4c9d32d5bddf,24.61,1,Pet Supplies,mir_pay,49.0,2,10,1
147bad15-8e1d-483c-9fc2-de8d6062b9a4,25.02,1,Furniture,bank_card,216.0,4,10,1
147f7da7-7717-4eb8-b450-e6361f31497d,1890.84,4,Beauty,bank_card,93.0,3,10,1
1485c604-f6e1-4870-bcdb-b92f836d8cd0,216.67,1,Software,bank_card,96.0,6,10,4
1487798e-f694-4df3-b1d5-5bf5155b6aec,69.79,1,Tablets,bank_card,45.0,2,10,2
148f4004-e8bd-4824-a58a-7c01187a2450,37.43,1,Music,bank_card,49.0,2,10,0
14949b70-68a8-4f95-b127-b815d09fdee3,159.45,2,Pet Supplies,sbp,17.0,2,10,0
1495a688-147f-42a0-a43d-0302e9fd6c03,64.95,1,Headphones,bank_card,50.0,2,10,0
1497ff2f-bad8-4637-905d-adb352d7d49d,64.68,2,Food,sber_pay,32.0,19,10,0
14a93d7e-17d3-407c-baac-60f86602ba1a,417.2,1,Shoes,bank_transfer,114.0,5,10,1
14b1092e-8ed4-40f4-b202-8de2e201e329,54.38,1,Laptops,mir_pay,0.0,7,10,0
14b21bbf-e8cd-42cb-beda-0ec1f7b6383c,110.89,1,Electronics,sber_pay,143.0,4,10,0
14bb00ce-cec7-496e-a098-daf48230ab6b,216.67,1,Software,sbp,90.0,4,10,3
14c1fbd7-6ac4-439d-8047-8ad047e9cce6,445.29,3,Kitchen,sbp,123.0,6,10,1
14c501b8-93ad-4c0c-9461-9485580e9802,416.33,1,Beauty,sbp,17.0,4,11,0
14cb4e03-4230-4d03-9a20-ccb7d543c5a1,280.11,3,Health,bank_card,165.0,5,10,4
14ccc397-cef4-44ea-b8bb-e1cd18a6ed65,14.93,1,Sports,sber_pay,52.0,4,9,0
14e35265-96c1-4dd3-b249-8cebdaf0b29f,673.65,3,Jewelry,bank_transfer,36.0,5,10,0
15022e5a-3488-4ded-9b2d-34d5a6bf4e5e,370.46,1,Sports,sber_pay,95.0,2,9,1
1504641a-7a52-47f0-9145-f1bfb6f9af36,256.18,1,Pet Supplies,sber_pay,300.0,3,10,2
150949f3-28ee-4577-98f0-b7b0a7a56cb4,114.48,1,Outdoor,bank_card,108.0,3,10,3
150a6c7f-b921-41da-abfc-164b50223eb1,759.39,2,Accessories,bank_card,117.0,5,10,1
151494a7-dd8a-4f60-b0fe-610fc2b24b85,21.44,1,Headphones,bank_card,206.0,2,10,1
152155b9-1c27-46ea-9925-d8b0c4ed429a,15.94,2,Gaming,bank_card,44.0,2,10,1
15249ade-0af6-4a4d-b661-615994206e5c,151.85,1,Office,bank_card,77.0,9,10,1
1526f97b-c86d-47c9-808d-e5718978e346,343.44,1,Office,sber_pay,256.0,5,10,3
1534e089-c624-402f-a3b5-ef61373797f3,81.19,2,Kitchen,bank_card,56.0,6,10,0
15431f44-a9f0-4496-a2a5-261d784cad30,547.61,1,Other,sber_pay,12.0,2,11,0
15509816-a54e-4497-ba0f-200945417554,214.83,1,Tablets,bank_card,16.0,23,10,0
1585ad4e-f922-407d-ac7b-5a95083ca72e,68.51,2,Beauty,bank_card,28.0,3,10,1
158992b8-027b-4421-a5d9-8815c9420653,404.04,1,Music,mir_pay,108.0,2,9,0
1590f478-60e7-4b5d-819e-762ccd342da5,127.4,1,Health,bank_card,45.0,6,10,1
15955796-ebbf-4f78-81b8-4fec83d5dfd3,32.46,1,Garden,sbp,20.0,7,10,1
1596a866-f75d-4275-a4a1-14f1df51c17d,1287.82,2,Outdoor,bank_card,156.0,6,10,0
15a2d268-f7a2-4620-b5fe-a734a57792a3,42.82,1,Beauty,bank_card,177.0,2,10,1
15b020f9-cbb4-41cc-8ba5-9fa34cd2001c,19.48,1,Kitchen,bank_card,18.0,27,11,0
15b6ea20-ef24-467f-b856-dbcd381b850c,90.86,1,Gaming,bank_card,39.0,4,10,1
15bbf6d7-f30c-4b42-8e19-8324fde7862b,122.5,1,Outdoor,bank_card,66.0,10,10,0
15c03a40-68a2-4d3d-9db5-265ad859490c,160.95,1,Other,bank_card,9.0,20,10,0
15d0e03f-1c40-439e-ae6e-97d9c69ee33c,1039.95,2,Smartphones,bank_card,78.0,6,10,1
15d240e9-46df-4026-994f-3073f24c42e8,368.41,1,Jewelry,bank_card,32.0,12,10,2
15e36473-1027-42d5-b7bb-8607f1472435,67.23,1,Beauty,bank_card,51.0,2,10,1
15f16019-9fb3-4092-a903-ab8bc40f3dc7,266.99,2,Tablets,sbp,122.0,3,10,1
15fa5377-bf77-4e27-859e-a751210dd725,141.68,1,Office,sbp,11.0,22,11,0
16046049-c477-4c19-88df-360ff581cb0c,341.18,2,Toys,sbp,10.0,9,11,0
160b1538-b9f3-4631-9cb8-c8a5154283dc,351.78,1,Furniture,sber_pay,93.0,5,10,1
160da815-73f3-486a-ada9-792d66d61901,159.4,1,Headphones,sbp,32.0,4,10,0
1612f260-d2be-4a38-b387-4687d598f162,199.98,1,Outdoor,bank_card,192.0,3,10,2
16177c15-097b-41b3-b460-51f6442b25a0,82.01,1,Shoes,bank_card,188.0,5,10,2
1629baf8-7b34-459c-97c4-ac91ceed18b5,43.4,1,Furniture,sbp,20.0,5,10,0
16342ac5-5707-4be2-8ac0-6f43af5cc4b6,48.53,1,Health,sber_pay,57.0,15,11,1
163553a8-ee32-4b80-9691-ad5512c119e7,191.5,1,Laptops,bank_card,110.0,2,9,1
1635fd56-a86a-4d47-95c3-6e509b30a8e3,166.36,2,Books,sber_pay,43.0,9,10,1
1636baff-e503-4993-98c1-6b8ad51e626e,8.82,1,Travel,sbp,39.0,9,10,0
1641ff3c-f4f0-458b-a85e-6c2eede864e9,151.99,1,Office,bank_card,44.0,9,10,0
1642a554-f5bc-4de0-a2d8-03b8e2315abe,106.8,1,Gaming,sbp,111.0,7,10,1
1645c1ad-e6f1-4a05-9bb8-8f0248f2f4b6,508.26,1,Office,sbp,45.0,8,10,1
164a1905-b080-4ce9-9207-649d1b6d44d7,541.69,4,Outdoor,bank_card,134.0,3,10,2
1650aa9c-d922-4bae-b379-e1c77edb7db6,49.09,1,Automotive,sber_pay,123.0,2,10,2
166cb17a-187b-4da2-8f11-fec45a2491e2,115.78,1,Music,bank_card,166.0,2,10,1
1679c340-c557-4d3f-a505-096b70f72290,275.26,1,Pet Supplies,sbp,2.0,3,10,0
16885996-1c36-4637-a05b-6726565ed4bc,405.06,3,Shoes,mir_pay,168.0,3,10,3
169144c8-1217-46d0-bfe6-48c911dec2d6,30.2,1,Clothing,bank_card,114.0,4,10,1
16a4405b-f169-4562-9907-c61160715b3f,103.11,1,Automotive,bank_card,176.0,2,10,5
16a921d6-a539-4935-8dd1-17ab097c9a9f,123.49,1,Office,bank_card,1.0,6,10,0
16b5a5d4-9e53-49f9-843a-d580cddf06f5,305.54,1,Tablets,bank_card,2.0,15,10,0
16b65997-5de8-4eea-913c-9479bbcef62a,218.46,1,Outdoor,bank_card,162.0,7,10,4
16b7de68-b95b-41df-9a32-20a4a1124b74,54.38,1,Pet Supplies,sbp,35.0,13,10,0
16ba8fd2-37ca-4047-9f51-cf708ecf4ade,367.46,1,Toys,bank_card,50.0,2,9,0
16bb22e4-c276-4994-8da7-c66b793b95f5,227.81,1,Software,bank_card,287.0,2,10,2
16be9830-ab3d-4374-a27f-b25e0712c031,116.88,1,Outdoor,sbp,269.0,1,9,1
16beb179-9ff4-44ad-980c-75096e23695e,164.42,1,Beauty,bank_card,6.0,5,10,0
16cb2069-663a-4123-8685-fa745dca8eff,365.1,1,Tablets,bank_card,116.0,8,10,2
16ccedbd-fe99-46b9-9cd1-ad8d73e4a3fa,27.4,1,Electronics,sber_pay,87.0,2,10,2
16d1df04-c039-4e1f-b345-56ce19748eca,68.25,2,Electronics,sbp,87.0,7,10,1
16dcc701-b150-4c3c-9851-756daddad10c,414.88,1,Shoes,bank_card,159.0,2,10,2
16e1fdda-4559-48a0-8a56-7a621a7a6272,83.57,1,Furniture,mir_pay,178.0,3,10,3
16e6c5f0-fce3-4931-bc5f-12a340439fb9,98.95,2,Headphones,sber_pay,130.0,2,10,2
16f0fded-87cc-41ee-9286-36c4bd9f4584,95.19,1,Shoes,sber_pay,8.0,17,10,0
16f5716f-8c45-4803-9230-3511ce977ce0,569.46,3,Home,bank_card,148.0,1,8,1
1705951d-66ae-4ac8-bf3f-475dad36b7e0,918.01,1,Headphones,sber_pay,15.0,22,11,0
1727381a-1256-4976-a18a-81c8dd3f06d3,113.13,1,Travel,cash_on_delivery,177.0,6,10,2
17332489-2e8e-4688-9731-fed23f4d21af,60.06,2,Tablets,sbp,223.0,3,10,4
1737fc9a-6e85-44cb-9551-7a35515f2e5e,83.22,1,Beauty,tinkoff_pay,48.0,8,10,1
174bcbe9-bb57-4880-b34d-1b3d6ceec226,99.68,1,Tablets,bank_card,59.0,7,10,1
175990d1-f155-4ff3-a2e4-a820aa428f07,106.11,2,Books,bank_card,23.0,7,10,1
177940c0-a2bc-485e-ba51-9155ecca36b2,138.12,1,Photography,bank_card,5.0,8,10,0
1793de95-7324-4ecc-9eae-476c4b5d74b9,153.94,1,Books,sbp,90.0,3,10,1
179598a8-e442-4167-a00b-f8c41b07fcde,593.52,3,Shoes,bank_card,81.0,7,10,0
17a0ce38-ad69-4483-ace3-ad29fcbbb985,305.1,1,Accessories,bank_card,77.0,3,10,1
17a2e321-91b2-45b8-a8eb-0a01b6cb6603,268.85,1,Garden,sber_pay,27.0,2,10,0
17a981ab-6ab5-483f-a766-a38408d2485a,6.13,1,Sports,sbp,83.0,4,10,1
17ad149c-9501-443b-bd11-4ee2c0dddc4d,834.4,2,Shoes,cash_on_delivery,241.0,2,11,3
17afea29-c5b6-47fe-8170-e0f585526b58,278.98,1,Beverages,sbp,5.0,3,9,0
17b3aa46-676f-4834-beb9-5bd784601760,50.7,1,Furniture,sbp,183.0,2,10,3
17b4b399-f82d-4126-bc50-3cc5b0efebf9,45.19,1,Kitchen,bank_card,66.0,9,10,0
17b600fe-8176-4bdc-ad00-36fe4a29958a,317.04,2,Headphones,bank_card,3.0,2,10,0
17be3f62-0961-430a-b2aa-5503f6bd0565,122.5,2,Pet Supplies,bank_card,240.0,5,11,3
17c072a4-db5e-464e-99ba-5e3b288cbc5b,287.75,1,Home,mir_pay,212.0,2,10,1
17d2e1e1-d0b1-4415-b829-910535efc8a2,48.06,1,Accessories,bank_card,193.0,4,10,2
17e627e1-c879-47b6-a113-91ee1e63c1e4,61.4,1,Toys,tinkoff_pay,47.0,4,10,0
17ec534a-120d-4dc7-a780-9c4bf96384b8,126.71,1,Clothing,cash_on_delivery,135.0,1,8,2
17fbe028-2a0a-41b3-89af-d2a110f9e969,52.14,1,Health,bank_card,308.0,6,10,5
18118152-6c68-43e7-a30b-af73f751eaab,149.44,1,Furniture,bank_card,2.0,2,10,0
181dbd5a-1be3-4284-bf95-db6f79bd4d83,312.64,2,Office,bank_card,91.0,4,10,2
1834bd5b-8e01-4059-882e-a1f2f0353208,91.91,3,Food,bank_card,68.0,4,10,2
1847fba9-9399-4732-9f84-3e66412e5756,26.61,1,Toys,sbp,33.0,11,10,0
18516f1f-2dd5-4128-9a10-aef7fa3698cd,25.51,1,Health,bank_card,101.0,2,9,1
185499aa-d19f-400a-bf50-bc3d4c5b0f7b,111.69,1,Shoes,bank_card,219.0,2,7,3
185898ca-9f7b-4030-8157-09f1eeb77e9f,33.88,1,Photography,sber_pay,223.0,4,10,2
1874c399-96ef-4b07-83d7-40464bd6c319,25.08,1,Office,bank_card,210.0,4,10,1
187f12f7-7389-4bff-b6fc-c1a621091f4b,52.03,1,Kitchen,bank_card,31.0,3,10,0
187f9bd3-2634-4120-a9a4-fc42b71d4df2,70.06,2,Shoes,yandex_pay,62.0,5,9,0
18835449-d212-47f4-8b34-cab3c68c6ba5,21.57,1,Smartphones,bank_card,25.0,5,10,1
18883e0f-959c-42db-94cc-951ab77d91da,207.68,2,Software,cash_on_delivery,201.0,5,10,4
188b1302-1314-4e85-a4af-1700c9385b0e,60.82,1,Accessories,mir_pay,33.0,4,10,0
188e771f-d84e-4efb-97f8-20ee038b3c50,98.72,2,Home,bank_card,95.0,6,10,1
189f476b-9366-4f00-904e-3324008f46a1,3.3,1,Food,bank_card,8.0,1,8,0
18a38b68-c696-47da-8bf9-edbdfcd1809a,702.86,1,Toys,bank_card,58.0,9,11,0
18adca67-c02a-41ce-8e0c-39b96c867e1f,78.88,1,Beverages,bank_card,5.0,2,10,0
18b6535b-e538-4cbb-bbfd-cc8949358775,98.55,1,Toys,sber_pay,12.0,1,9,0
18b6976c-9ad3-4000-a8ef-8fcb49687731,157.46,3,Headphones,bank_card,205.0,2,10,3
18ba6120-9e5c-4f93-85ca-cc804264e204,104.9,2,Photography,bank_card,22.0,7,10,0
18bf14f6-d288-4dd9-ac28-6aea166f8d5f,290.5,3,Tablets,yandex_pay,71.0,8,10,1
18c038d8-74bc-4f93-9e60-ae458b1ae72c,405.32,2,Pet Supplies,bank_card,216.0,2,10,1
18cc1081-5269-4f91-8010-9b8a8ff71fec,451.07,1,Clothing,bank_card,14.0,19,11,0
18cde514-23b1-4052-8b62-4a3ee3524694,324.46,1,Home,sber_pay,60.0,7,10,0
18d1eca7-7538-461c-8b11-198c245116d1,97.51,1,Books,sbp,139.0,5,10,1
18e530a2-a0ed-4a1c-b8ee-6daf169e4aee,441.38,1,Garden,bank_card,26.0,17,10,1
18e87d48-39b9-41ad-a595-4149f0a6bc11,45.4,1,Laptops,sbp,228.0,4,10,3
18e94e7b-ffa8-4dd4-b75d-e9af3f91a744,249.55,1,Home,bank_card,176.0,2,10,2
18eb9dae-db3f-4f27-a757-cb8f8a00cced,98.71,1,Travel,bank_card,58.0,4,10,1
18ed8eac-9763-42a7-8c65-190c82ddefcd,84.7,1,Tablets,sber_pay,110.0,3,10,3
18ed972d-b5f6-49ad-94fb-fa21a34797e9,325.24,1,Garden,bank_card,56.0,18,10,0
18f3d0a9-b007-4cb3-ada4-b922cd863c79,107.67,3,Photography,bank_card,4.0,6,10,0
19002519-feb2-46b5-9aea-8c4fb456c57a,1308.13,1,Pet Supplies,bank_card,237.0,3,10,4
190641cd-626f-4e64-989a-312e77cceddc,126.68,2,Beverages,bank_card,187.0,6,10,4
190b88a6-af53-4120-ad43-f2ab43c8d101,114.13,2,Accessories,sber_pay,46.0,4,10,0
190e28c4-635b-4b50-af89-062b965be849,429.59,1,Home,bank_card,6.0,6,10,0
191c5098-c606-4048-8cd8-b68f1b6a35e9,15.24,1,Pet Supplies,sbp,8.0,5,10,0
191d88d7-93d3-4cf6-9518-c5667082a265,46.6,1,Pet Supplies,bank_card,1.0,11,10,0
19262a05-ac36-4869-8933-265799b6488e,145.3,1,Health,mir_pay,48.0,7,10,1
19441949-20d9-4581-a8e8-9cf4a089cd1a,34.4,1,Smartphones,bank_card,9.0,4,9,0
19456f9b-34a8-4bc0-a2ec-d4f438a51a6e,38.48,1,Shoes,mir_pay,91.0,4,10,0
194669d6-bcaa-4f43-8864-d5bfff2c0ebe,90.8,1,Pet Supplies,sbp,223.0,4,10,4
1949ac97-92c6-4dd2-8fbd-6455c3fb9371,227.49,3,Garden,sbp,152.0,6,10,2
19515f4c-78c0-4e21-b314-8eaa280d3430,39.16,4,Music,bank_card,37.0,3,9,1
195d5268-2456-496e-8269-01226f0cfe10,149.44,1,Furniture,bank_card,28.0,3,9,1
1964cd41-bfc1-4ab5-af1b-cdb801c9e884,29.61,1,Books,bank_card,24.0,1,8,1
196bc184-8a87-4776-aec8-daa37a46b6f9,185.46,2,Accessories,bank_card,139.0,2,9,0
1974dd40-1c7f-4664-9aa2-845f55a53ede,30.86,1,Home,yandex_pay,35.0,5,10,0
1986a114-8b51-4a58-881b-f1af84f6c414,652.92,4,Photography,sbp,4.0,1,9,0
19e35fd6-7da0-4351-b86d-81c40b33b62e,274.09,1,Software,sber_pay,58.0,3,10,0
19ec05f5-dd46-4d6b-b4fd-7c8875774aee,54.02,2,Other,sbp,60.0,2,10,0
19f10178-e4c1-4e72-81be-3843529a5531,237.64,1,Home,sbp,92.0,6,10,3
19f2ce72-5f1e-48bc-ac0a-9a162c49a604,228.48,1,Garden,bank_card,34.0,2,10,0
19fcc3b3-7ff5-4002-b433-7ead79090b58,102.64,1,Automotive,bank_card,33.0,12,10,0
1a026013-bb3b-42b0-8335-46391ecb096e,43.28,1,Outdoor,mir_pay,13.0,4,10,0
1a0ddd9b-3d9d-47ae-bac2-7d453fa6a241,25.72,1,Health,bank_card,11.0,11,10,0
1a145158-6fd6-472d-baaf-a724b7f373f5,129.87,1,Beverages,sbp,25.0,5,9,1
1a188ce2-03ee-47f5-949c-a08ec5b0cc0b,214.14,2,Electronics,bank_card,178.0,2,9,3
1a1a3f3e-c944-4bc5-b168-099d53446e48,176.88,1,Laptops,yandex_pay,21.0,8,10,0
1a1ba121-8616-4f29-bc79-6319eacdbd9f,735.76,2,Automotive,bank_card,93.0,2,10,0
1a2050dc-9536-4945-b9e7-70a8a71de76f,25.56,1,Beauty,sbp,3.0,1,6,0
1a299b7f-8265-446a-abfb-c34db0514e51,239.12,2,Sports,mir_pay,200.0,1,9,3
1a40d092-d365-4a1d-8d02-04757b81d963,417.2,1,Shoes,bank_transfer,20.0,16,10,0
1a441136-2284-48ed-b56a-c8b5fa4775c9,106.8,1,Gaming,mir_pay,36.0,10,11,0
1a4531ed-1b6d-4941-aceb-6af5372665cd,113.18,2,Beverages,sber_pay,2.0,1,9,0
1a5304d4-aafb-42a5-acb1-44bcb20bbbd6,1004.43,1,Jewelry,cash_on_delivery,183.0,3,10,2
1a5db7e3-77cb-4be7-a2f3-f95029494399,37.93,1,Beverages,bank_card,0.0,8,10,0
1a639d33-185a-4047-a72b-c563a95d8111,46.79,1,Smartphones,tinkoff_pay,9.0,4,10,0
1a88bb52-4fb9-4180-affe-11f2dda269b0,39.08,1,Smartphones,mir_pay,267.0,3,10,2
1a8a4072-e282-459f-89d4-b5872f4f3194,21.23,1,Kitchen,sbp,148.0,2,10,2
1a8cb271-0ac8-4e23-a4cf-896cfc207176,406.83,1,Travel,sber_pay,84.0,10,10,2
1a993a31-f5f6-4ada-902a-33b4e5f104b5,1259.39,1,Clothing,sbp,164.0,5,10,2
1aa0ef89-b0aa-4465-a23c-150d98c6e4c8,147.98,1,Other,mir_pay,20.0,5,10,1
1aa8fd6e-5ba4-49b0-9c79-624a0082c62f,43.41,1,Electronics,sber_pay,49.0,9,10,0
1acde932-e2a9-466e-a4d1-31bc0b6322b4,1206.94,2,Shoes,sbp,18.0,6,10,0
1ad1a1be-6778-4ad6-8b0c-95d59c7fc7a3,57.44,1,Photography,bank_transfer,261.0,3,10,4
1ad59daf-0144-4249-b9e1-c3545beed216,220.35,1,Pet Supplies,sber_pay,0.0,1,7,0
1adb81d2-73c7-454e-b4f3-28411f121eab,112.5,1,Clothing,bank_card,1.0,3,10,0
1aeb1333-c601-402e-8a61-2c8378542e14,196.94,1,Outdoor,bank_card,25.0,12,10,0
1aeebed4-e120-4136-bfd0-cf72a389f099,165.35,1,Electronics,sbp,26.0,3,10,0
1af7183d-121f-4498-8fbd-b2c2665aa165,1797.88,4,Electronics,bank_card,15.0,3,10,0
1af79438-88e7-4042-9a3e-03c9c4010f8f,228.19,1,Beverages,sbp,13.0,22,10,0
1af8cbd3-dc4a-4e13-b3e8-12dad00a1f3b,670.08,3,Beverages,bank_card,0.0,3,10,0
1b0728cb-dc3c-4fa7-b8f3-fa3ec8104900,119.94,1,Travel,bank_card,69.0,1,9,1
1b096961-88dd-45f8-a5d8-583e2bfb7bff,484.46,1,Office,bank_card,147.0,2,10,1
1b14f8df-abaa-470a-bcf7-2582098b0acf,209.88,2,Travel,bank_card,64.0,6,10,4
1b1e42eb-7fd1-459a-8340-6a6c95252f8c,604.35,2,Other,sber_pay,9.0,3,10,0
1b1ef48c-13fb-4853-8791-a3042e21373a,22.59,1,Sports,sbp,15.0,2,9,1
1b280aae-c9f8-4183-9fe4-fcd11fbdcbcc,434.5,1,Home,bank_card,44.0,6,10,0
1b2b73a6-82cc-4b51-8154-3cceea7a5b38,45.17,2,Accessories,bank_card,22.0,2,10,0
1b2e4dad-fa8f-47a2-a112-563850fe07a0,56.3,1,Beverages,tinkoff_pay,32.0,9,11,0
1b3ec5b7-48c2-4837-aedb-4f99199fdb9a,54.9,1,Jewelry,bank_card,0.0,1,8,0
1b442e84-1467-4114-9e04-666e3758e94d,123.5,1,Other,sbp,151.0,2,9,1
1b4b7a24-cec6-44a7-990d-245c56199bac,227.82,3,Pet Supplies,bank_card,23.0,13,10,1
1b5efa58-3968-4c80-af3f-b8f6b3d86deb,345.62,1,Laptops,sbp,169.0,4,10,2
1b669653-3b9a-488c-a242-0da93c23c9bf,32.98,1,Electronics,sbp,3.0,6,10,0
1b7027e7-89ae-46be-a994-7de1fa3bfca1,98.13,1,Books,sber_pay,29.0,11,10,0
1b710118-0777-4028-bf82-f545cf3823cb,834.96,3,Travel,cash_on_delivery,51.0,10,11,1
1b78df70-d527-4d78-9372-8ce9b1983423,98.55,1,Toys,bank_card,12.0,5,11,0
1b7b5635-b13b-43d4-abe6-4323821cb5bb,56.88,2,Beauty,bank_card,46.0,11,11,0
1b7ca2dc-4e88-434f-bcef-52864912793a,7.81,1,Music,sber_pay,61.0,7,11,0
1b819473-a2e4-453d-8ce3-6339db4a8f3e,50.7,1,Furniture,sber_pay,146.0,2,10,3
1b8b67fd-9918-4e28-85bd-e58d458a0aa7,114.69,1,Shoes,sbp,6.0,5,10,0
1b90b45c-80fe-4e94-9c17-7cd12d189680,41.09,1,Travel,bank_card,86.0,9,10,3
1b9527be-902b-40e7-b448-4ddd90d2b54f,114.72,2,Garden,sbp,149.0,7,10,3
1b9eff6c-6e59-4703-8b65-15c399ec8b8f,577.75,1,Smartphones,sbp,199.0,3,10,1
1ba09c22-411a-4ca0-ab98-18a4693ebd52,5232.52,4,Pet Supplies,bank_card,178.0,3,9,4
1ba59bcb-77f0-4069-b36e-20f6196d56eb,48.93,1,Beauty,sbp,8.0,1,7,0
1ba8a02d-7a46-43b5-95d1-6597fe1f0e42,147.23,1,Kitchen,mir_pay,60.0,10,10,0
1bc4f3bd-f20a-4e28-be5b-d32e673d34ba,192.24,2,Jewelry,sbp,59.0,4,10,0
1bd42c1e-b18d-4a14-b290-57c1b6afb933,34.0,1,Clothing,mir_pay,175.0,3,10,4
1bddca85-6c89-400c-b8fb-f33e87a75fbd,16.94,2,Clothing,sbp,181.0,4,9,4
1bdf97a4-2a50-4fee-b174-c13f9a5dfed5,1724.99,3,Outdoor,bank_card,50.0,6,10,1
1beb3e5f-6321-43ff-849e-722cec55496b,960.68,1,Office,bank_card,258.0,4,10,1
1befc98e-0a70-472d-a8fa-9d948aa6a513,43.18,1,Automotive,sbp,40.0,17,11,0
1bfb8d35-038a-417f-9b50-87604ef02b4e,91.11,1,Music,sbp,8.0,3,10,0
1bfc13e7-0eac-4462-9b3f-fba6b2c2d645,139.61,1,Shoes,bank_card,4.0,2,10,0
1bff878b-19f2-4dbf-8458-792e76faa34b,183.4,1,Accessories,bank_card,17.0,19,10,0
1c0644f9-4f81-4342-a7b2-a807c1fb9fa8,338.79,3,Tablets,bank_card,0.0,1,8,0
1c0eae8e-d9c1-43cb-aca1-212d1f27d268,36.58,1,Outdoor,bank_card,89.0,2,9,0
1c0f6837-3bc2-443f-9b51-b6c20facf8a4,83.03,1,Beverages,cash_on_delivery,113.0,6,10,1
1c12ed79-d991-454b-aa67-e6b9a19478b1,25.68,1,Software,bank_card,76.0,5,10,0
1c1855ce-b336-4ebf-a6fa-be9a293ce7d1,34.42,1,Toys,bank_card,16.0,10,10,0
1c1b7d1a-2d57-4b18-8fdd-bef6dcea3fb9,29.25,1,Accessories,bank_card,286.0,3,10,3
1c1d8f2c-071a-4f8f-bd9c-b2251e73b398,38.96,3,Furniture,bank_card,248.0,3,10,4
1c1eb3f6-a5da-44f2-9945-fa481dfb3e30,207.17,1,Laptops,bank_card,165.0,2,10,2
1c202376-0afb-461a-a3ac-2a0c09ff9ea3,173.97,1,Music,yandex_pay,282.0,3,10,5
1c2249e4-d152-4910-89d6-f4232f43c93d,171.75,1,Photography,bank_card,270.0,1,8,5
1c26a8a4-0ae1-4f09-ab84-c3e0d0768e01,1912.29,1,Office,sbp,28.0,8,10,0
1c2f4ab3-a896-45e5-9b54-b32f125e8cac,178.53,1,Travel,sbp,239.0,4,10,2
1c36a255-3cf1-44a5-b632-5fd2c0bfddf3,59.28,2,Travel,sbp,78.0,4,11,2
1c4e9d0c-d404-4353-a247-a962d6784da8,33.24,1,Outdoor,sber_pay,15.0,2,10,0
1c515ff3-44e3-4f49-8c62-9f8f524165e3,407.27,1,Health,bank_card,251.0,5,10,3
1c5613d8-4396-4e31-9377-1c3f01e93ed7,484.17,1,Garden,bank_card,2.0,11,10,0
1c69603e-2c3b-4434-bf61-0e372588ee81,109.71,1,Clothing,sbp,6.0,2,10,0
1c77d2cc-99af-44b4-9b19-1d6d127031a0,392.28,2,Toys,sbp,68.0,4,10,0
1c7a7c26-1bb6-4b45-bd6d-2866b6f842f4,28.72,1,Beverages,sber_pay,106.0,6,10,2
1c7f5d66-5ad8-4f91-ac19-a07f9978d1c8,69.56,4,Laptops,bank_card,91.0,5,11,0
1c838d40-ea58-4356-913a-d1737682b444,70.04,1,Toys,bank_card,34.0,6,11,1
1c879e7e-e23b-48fe-a57f-abbe7cd2f0c6,225.44,2,Shoes,mir_pay,204.0,3,10,2
1c8b89d2-c0d9-4d11-a79a-f367b98b5aa9,70.18,1,Toys,sbp,1.0,5,10,0
1c8db0f4-e85e-4d0f-914e-bb86024fad26,177.6,1,Accessories,cash_on_delivery,97.0,2,8,0
1c9a3d6d-b3a2-4d47-89c7-9454802bde6c,153.94,1,Books,bank_card,13.0,35,11,0
1c9b6604-c78a-400b-84fe-eb64009f4bce,32.33,1,Books,sbp,142.0,5,10,1
1c9f1321-f833-4e38-ba56-cfbad398ae73,204.84,1,Furniture,bank_card,127.0,1,9,2
1cacc83a-98ae-4b43-8696-b6f73aeabf0e,160.53,1,Food,sber_pay,175.0,1,9,1
1cad8045-4f3f-48be-829b-f5bc2bf1af07,49.09,1,Automotive,sbp,229.0,6,10,2
1cb4d727-871e-4367-8d75-44d5b8820acc,106.91,1,Food,sbp,172.0,1,7,3
1cc8bee0-c57c-49fa-8cb2-740b9cc30b51,80.58,1,Kitchen,sber_pay,18.0,9,10,1
1cd4d517-2676-4cca-9433-17060b07554c,306.54,1,Photography,bank_card,17.0,4,11,1
1cd5ba09-2318-4811-9d06-4a9dd2d5d3cb,640.16,2,Furniture,sber_pay,228.0,3,10,3
1cd80860-de1e-4465-a291-9f19c711ad54,25.14,1,Kitchen,tinkoff_pay,174.0,1,7,3
1cf4852b-68eb-4c80-a436-f33b4ef2540f,241.09,1,Jewelry,bank_card,1.0,4,10,1
1cf7bbf6-54c4-4801-80b6-1e2cc2f68d3b,34.76,1,Gaming,yandex_pay,220.0,3,10,3
1cfafb1e-0004-4a35-9d38-17952facd21c,103.55,1,Clothing,bank_card,114.0,4,10,2
1cfb7f07-735f-4ddd-8d7a-d986e24c4d08,190.36,1,Health,bank_card,122.0,3,9,1
1d02a8ff-2040-46b1-a163-4fc35108d4eb,74.96,1,Electronics,bank_card,221.0,3,10,3
1d17fdad-426f-4985-bfb9-385aaa1db7ca,106.87,1,Travel,bank_card,53.0,2,10,0
1d19aad0-5623-4311-b102-6ca3902132f8,248.73,1,Outdoor,tinkoff_pay,153.0,5,10,1
1d19eb34-0e29-4f2b-a397-e88a01ab4cde,1480.57,1,Laptops,mir_pay,176.0,2,10,1
1d1a885a-01d8-4d14-9018-4491aa30a5fa,78.24,1,Music,bank_card,79.0,5,10,1
1d1c2d48-f3d7-492c-b6c1-8d3ba300b435,176.96,2,Shoes,sbp,123.0,7,11,1
1d2fb138-7da7-474e-aaef-ddab17436988,132.54,1,Office,sber_pay,23.0,2,8,0
1d380597-c3e6-48e4-8f6f-83283c431a5e,277.27,1,Health,tinkoff_pay,228.0,2,10,2
1d416527-afc3-41fa-abfc-a4f9682b4426,87.94,1,Outdoor,mir_pay,29.0,10,10,0
1d5d4186-1d16-4181-87d8-e13b1d01c31a,451.78,2,Office,sber_pay,5.0,1,7,0
1d6afb7d-ccdd-4aa8-9e94-f042e690a016,75.94,1,Pet Supplies,bank_card,14.0,7,10,0
1d6bc392-8e49-40f9-9cf2-bd64a82f14c8,14.9,1,Smartphones,bank_card,223.0,1,8,1
1d6faa68-b1a5-4c66-899c-62b49b166f3b,27.53,1,Photography,sbp,32.0,18,10,0
1d94f30c-12f7-45ba-b09a-9458b7a0c6c6,40.78,1,Smartphones,sber_pay,112.0,4,10,2
1d9926b5-bc9b-4708-8d0b-16f7c5c0d6ff,514.24,2,Other,bank_card,47.0,2,10,1
1d9abe21-cc93-4f51-863d-f362e451a155,16.76,1,Software,yandex_pay,31.0,2,8,1
1da83bdd-107c-4b26-98e8-476d13636064,1817.33,3,Jewelry,bank_card,26.0,22,10,0
1db38f84-636e-4273-a35e-5f5c9c618cab,53.42,1,Office,tinkoff_pay,84.0,3,10,1
1db3e24b-dd43-4258-ab1a-c356f1848948,119.31,1,Photography,bank_card,3.0,1,8,0
1dc3926a-5c10-4827-bbfa-72ac7c40b6dc,105.27,1,Smartphones,bank_card,135.0,4,10,2
1dd38ab6-dbf2-4633-89bc-d89682bce5f1,272.07,1,Food,yandex_pay,22.0,6,10,0
1de20cf7-7a0d-4f29-9387-6fadcfbba417,134.2,1,Clothing,bank_card,262.0,8,11,1
1deae149-5ba2-417e-b308-5a2b033133ef,315.31,1,Electronics,bank_card,9.0,1,7,0
1dece7d6-b50b-44af-a948-95051097813d,72.59,1,Gaming,tinkoff_pay,2.0,2,10,0
1dee01c7-bc51-45ae-80e9-e56b65fb8b72,61.87,1,Furniture,sber_pay,3.0,2,9,0
1df78afe-e390-4fb6-a547-3e9f2e405b8a,226.1,1,Books,yandex_pay,95.0,2,9,1
1dfe4fdc-d5e3-4f63-9956-e33b88245290,1477.1,2,Pet Supplies,sbp,63.0,10,10,0
1e119513-d64a-45f7-8c9f-b474deed6943,124.51,1,Health,bank_card,236.0,2,9,2
1e13b18e-9216-4644-8a4c-d63990155df9,13.45,2,Software,cash_on_delivery,134.0,1,8,0
1e167683-4645-46ab-a8b5-6d997967061c,187.09,1,Outdoor,tinkoff_pay,0.0,1,7,0
1e1c95dd-c3d8-4331-95e4-f1db22a148c9,79.03,1,Photography,bank_card,246.0,3,10,2
1e219918-d5cf-4f5d-9575-916517350e75,21.63,3,Music,tinkoff_pay,39.0,17,10,0
1e22e3a9-0fe5-4cc8-aad1-105413f030d3,470.31,1,Travel,bank_card,185.0,4,10,3
1e266b61-8217-4ac8-a23a-9e1d6871b0ac,83.03,1,Beverages,sbp,7.0,10,10,0
1e2c77e7-9824-4eb9-ae31-958b0f121e17,297.01,1,Headphones,mir_pay,156.0,2,9,4
1e388c0d-4d77-49de-b937-2c56ffe2f92f,34.42,1,Toys,sber_pay,7.0,1,9,0
1e3f3e50-f3ba-424e-b12e-16be86afc3d4,243.97,1,Travel,mir_pay,23.0,15,10,1
1e47d73e-d778-4966-a6e1-3fc6a4c66f14,201.29,1,Travel,bank_card,47.0,23,10,0
1e64d2fa-16be-4d36-a02b-3ccc4e2da12e,120.2,1,Smartphones,bank_card,145.0,2,10,1
1e659a16-2910-4596-bd55-60b48131c100,290.77,1,Software,sber_pay,1.0,9,10,1
1e681599-9399-4909-80b5-7b5bb7291583,148.92,1,Other,cash_on_delivery,2.0,7,10,0
1e6f3a8e-d099-49ae-93ab-fda92169deac,21.2,1,Home,mir_pay,182.0,2,10,1
1e779595-63d4-4da5-80b8-6d322355c954,31.33,1,Electronics,cash_on_delivery,120.0,4,10,2
1e7edb96-387e-4ffc-b053-cff01484a8cb,43.92,2,Sports,bank_card,197.0,6,10,3
1e805640-1727-4d3e-9eb0-c8f5fd9188b9,146.02,1,Pet Supplies,sber_pay,223.0,2,10,4
1e967b9d-14b7-48b4-853f-d2413c3c7f4f,14.73,1,Beauty,bank_card,145.0,5,10,4
1e9c0469-ce87-4ac6-b04a-e6419a80bf73,126.86,2,Tablets,sbp,276.0,3,10,1
1ea77e1c-374d-480d-8365-88476fff9e8a,355.27,1,Beverages,cash_on_delivery,182.0,2,10,4
1eabcc94-e02d-49f4-b5aa-8acc627a075a,851.93,1,Pet Supplies,sber_pay,18.0,16,10,0
1eb2151e-4546-4188-bf5d-a80affe08fed,26.82,1,Accessories,sber_pay,188.0,2,10,2
1eb56eb5-09ef-411b-b24c-027c1ca87567,61.73,1,Smartphones,bank_card,6.0,2,10,0
1eb831c9-2277-424e-a28e-545b4585be2a,231.54,2,Home,sbp,150.0,2,10,0
1ebc8bac-01aa-4774-beac-af16d7b4b218,333.22,1,Gaming,bank_card,45.0,4,10,0
1ec095c0-510a-471f-b067-f4b137b25070,87.26,2,Automotive,sbp,1.0,13,11,0
1ec26714-876f-455f-93e5-115d52b125df,46.45,3,Toys,bank_card,10.0,3,10,0
1ee49669-df3b-4650-aad1-d2f87310be82,19.48,1,Kitchen,bank_card,7.0,6,11,0
1ef0449d-0aaa-42b9-884f-6475a7b56ca5,208.84,2,Automotive,sbp,148.0,3,9,0
1eff52c4-ee03-4de9-b006-6259874ba947,290.67,1,Software,sber_pay,18.0,4,10,0
1f02d8ac-16f3-4a44-9d2d-8b921da2d0a7,169.28,1,Clothing,mir_pay,29.0,11,10,0
1f0db8c9-d42f-403d-9c41-887bf217a734,170.83,1,Office,sbp,96.0,7,10,1
1f2a50dd-f445-46e8-af0f-573862d5cc0a,64.64,1,Health,bank_card,1.0,3,10,0
1f3af8ee-7b98-4a59-a604-7091cd0dd8be,74.48,1,Shoes,tinkoff_pay,174.0,5,10,1
1f408c05-a7e8-4e87-a65c-4f0c75e7f516,20.82,2,Tablets,sbp,185.0,3,11,2
1f4d0110-4965-4675-bf9a-d646b3948255,29.79,1,Toys,mir_pay,180.0,4,10,2
1f7a4ae6-ad6c-4842-90ae-6ff17aa048e7,80.58,1,Kitchen,bank_card,75.0,3,10,1
1f7bdd46-c95c-4804-aa28-8a05147a26e0,154.26,1,Furniture,sbp,285.0,2,9,2
1f7f2cba-5318-4b0d-93db-78b1692e13b8,189.65,1,Laptops,sbp,1.0,6,10,0
1f843716-59d1-43df-b92f-14b2f88a7c6e,271.8,1,Sports,bank_card,43.0,3,10,1
1f965c5b-59ae-430d-a6ec-6f260459ad22,575.41,1,Clothing,yandex_pay,229.0,2,10,2
1fa09162-dbb6-4724-9ad8-233d5c964181,591.57,3,Sports,bank_card,5.0,4,10,0
1fb3c840-39af-41dd-a342-07350abe1801,53.69,1,Laptops,sbp,264.0,1,9,3
1fb47379-b260-4b35-85fe-3a9229bdc1d4,916.02,2,Health,bank_card,18.0,13,11,0
1fb5ac95-aeb5-446b-b974-e65e8e7def46,157.62,1,Office,sber_pay,20.0,5,10,0
1fba9fa8-480a-489e-a6ea-54fcb24c3527,1040.28,4,Headphones,tinkoff_pay,153.0,3,10,3
1fcb92cf-4180-482b-a324-7ea5f266d74f,159.16,1,Music,bank_card,26.0,5,10,0
1fd375f1-73e0-4435-b4b8-a24a64de0a53,62.58,3,Smartphones,bank_transfer,95.0,1,7,1
1fd69253-a20f-4221-84fe-d152ccd71c88,92.19,1,Headphones,bank_card,50.0,6,10,0
1fdb3200-1a73-4fd4-b5dc-ff1123412c3d,40.31,1,Jewelry,bank_card,90.0,1,9,1
1fe1011a-54ab-4135-b866-142f48f28565,580.52,2,Health,bank_card,74.0,3,10,0
1fe218ff-2189-41f6-a1cc-ac841ac4bfca,21.92,1,Electronics,bank_card,15.0,8,11,1
2015327f-2721-4008-9a3c-1518b0f11d1e,333.07,1,Travel,bank_card,269.0,2,8,3
20185f2f-88b3-4217-ba41-004b5468e3b9,93.51,1,Office,bank_card,26.0,19,10,1
201b48e4-a1b9-48f8-8093-ba91319f2ecf,238.45,1,Laptops,bank_card,115.0,1,6,0
201dc775-4dfc-4c65-a34c-60de6e2d3bfc,110.8,1,Software,bank_card,126.0,3,10,1
20209453-b1a6-4244-b5f8-428b44fda838,72.62,1,Automotive,sbp,44.0,10,10,0
2026c5b7-8a6f-4fe7-a451-a8f22c336cde,1701.99,3,Automotive,mir_pay,289.0,4,10,3
202b36b2-12af-48b4-afb8-61f47e984f21,178.09,1,Toys,bank_card,58.0,8,10,2
20324404-c5d5-4583-bb2b-c4dc14b6d01b,53.65,1,Pet Supplies,bank_card,111.0,5,10,1
20326ded-32b4-41bc-a7bb-daba9d952c0c,261.66,2,Electronics,bank_card,303.0,1,7,2
2045d853-9fbf-4d9c-bb57-41678e73e0d4,382.56,3,Beverages,bank_card,18.0,6,10,0
2046b665-9b63-4567-830a-68e82a078068,10.61,1,Garden,sbp,289.0,3,10,2
2053176f-6675-44d6-aca8-6cdb6a9988d1,81.56,2,Toys,sbp,53.0,19,10,0
2059c37c-ff3c-4960-afa6-24c50fe1cb5b,145.39,1,Photography,sber_pay,11.0,7,10,0
206603be-0179-4818-b1a9-171ec36573dd,443.18,2,Shoes,bank_card,7.0,35,11,0
2078810c-ccde-48a1-8492-f5a4ef7aad5d,455.98,2,Beverages,bank_card,90.0,7,10,0
207fed63-6547-447e-a67e-f755429aba6f,74.66,1,Furniture,sber_pay,138.0,5,10,4
20911add-42b8-4221-9d92-0dc095d79f83,11.88,1,Clothing,sber_pay,87.0,6,10,2
2092cb68-c23d-4115-b1e7-b04d2247a18a,68.41,1,Tablets,mir_pay,225.0,2,8,3
20947627-aa3a-41eb-b9bb-63cedfba5d05,335.75,1,Other,bank_card,83.0,3,10,1
209ba975-d0e8-4e54-b78d-35521042aa9d,2112.66,2,Sports,bank_card,20.0,2,10,0
20a1a262-2037-4c6d-a968-71f1bbee5432,132.89,1,Accessories,mir_pay,42.0,4,10,1
20c2fac2-c737-44b6-a6e2-4b6fcdfe588f,181.56,3,Food,mir_pay,0.0,7,11,0
20d0632f-e468-49e6-a4e5-968f47a91707,414.67,1,Gaming,bank_card,35.0,2,10,1
20d41b96-8d94-4a5c-88dc-cecdef3d6c97,765.63,1,Headphones,bank_card,26.0,2,10,0
20dabf67-9df5-498c-ab46-2a59ed555d9a,102.66,3,Kitchen,bank_card,10.0,6,10,0
20dfaf0f-9048-4a62-8135-56f776f0a3b6,54.56,1,Books,bank_card,5.0,12,10,0
20e28128-95c7-4d55-a8c7-771c444320b8,45.7,1,Headphones,bank_card,47.0,5,10,0
20fe1733-341a-475a-a847-a781e720bffa,109.72,1,Tablets,yandex_pay,43.0,19,10,0
2101914f-9428-4e13-81fc-47ae7f2fc3b3,257.12,1,Other,sber_pay,26.0,15,11,0
21046856-230b-4ecf-a36b-83f28ac55bbc,74.0,2,Office,bank_card,100.0,4,10,3
2112cf02-9d6b-4237-a0e7-8df06aa9e201,354.62,1,Office,bank_card,135.0,3,10,2
2114fb1d-7c04-43a8-ab61-e8989f5c1d8c,507.45,1,Outdoor,mir_pay,23.0,15,10,1
21244a62-d8f4-446d-8c96-eaef04d62937,226.19,1,Garden,sber_pay,115.0,2,10,1
212b7739-c5ba-42e1-b5b2-7aab99a4e331,86.91,2,Clothing,bank_card,32.0,7,10,0
212fbf52-b77e-4c90-99ef-e6627efc5f92,142.93,1,Smartphones,bank_card,65.0,12,10,0
213b27df-9e43-4b48-8849-62659b754c1b,42.25,1,Accessories,bank_card,28.0,3,10,0
21435704-3fe7-44e3-90cb-36a8ce61441e,109.14,2,Laptops,bank_card,12.0,10,10,0
21461ea1-dcc1-4e86-bb0a-593c74fbe6f2,105.27,1,Smartphones,sbp,8.0,1,9,0
21487515-ada3-4175-83b4-13d210df4402,409.68,2,Furniture,tinkoff_pay,85.0,6,10,2
214afb25-f085-4059-82f6-ead104dba4a8,49.36,1,Home,bank_card,1.0,2,10,0
214b6be6-c331-4b42-9c47-7477f04ff545,54.15,1,Tablets,sber_pay,244.0,1,8,0
2151eae2-bc57-4f63-8e8b-8ef7cf96387e,37.9,1,Outdoor,bank_card,206.0,3,10,4
2156a62a-adfc-4e27-bac3-7fdaf2657eb2,60.54,3,Toys,bank_card,42.0,3,10,0
215945a1-2f29-466d-ae6e-5ef49e62ba68,292.5,3,Automotive,sbp,101.0,3,10,0
216ca082-c09e-400d-a091-a3c73ebb2f77,446.79,1,Travel,sbp,39.0,8,10,1
216ce6ab-1d12-4343-8614-0c1f1e288dcc,244.2,1,Tablets,mir_pay,254.0,1,9,1
216e5762-3dae-4089-ab09-4a4a71561254,428.55,3,Headphones,mir_pay,38.0,1,9,2
216e9949-b952-4f2d-9624-6a2dfec3e3a4,614.32,2,Health,bank_card,34.0,4,10,0
217dd25b-66d2-47e1-98e7-7f899fee93f7,182.82,4,Software,sber_pay,42.0,3,10,1
21828983-2b40-4fe2-8903-2c257ac9a3e7,1396.56,3,Music,bank_card,6.0,6,10,0
218568a5-b99b-400b-8957-f2f63dd45acb,99.05,1,Office,tinkoff_pay,52.0,5,10,1
2187722f-0fa9-4c7e-80e9-4f088e9cc070,255.05,1,Garden,sber_pay,156.0,5,10,1
218a9b66-16f1-4584-849b-c2ba45c448e5,142.88,1,Photography,bank_card,145.0,3,10,1
21925227-253d-4ede-ad72-2ce2ff1100b0,157.8,2,Outdoor,bank_card,42.0,5,10,0
219778b4-b0d0-4d57-814b-401ae2072720,260.86,1,Sports,sbp,32.0,2,10,0
21a0a53e-e1cc-4d51-88a7-9786f771dfac,394.17,1,Kitchen,bank_card,0.0,1,8,0
21ab92d3-72f6-4acf-b861-4ad93e612c30,451.26,1,Jewelry,bank_card,146.0,7,10,4
21af52e4-c8a7-4848-9a51-f5c9c60ad1de,115.42,1,Software,mir_pay,146.0,3,10,0
21c14779-46ed-41d2-b232-a11cc180bdc8,249.5,1,Smartphones,bank_card,211.0,4,10,4
21c1f971-0128-4dc9-8454-12627dbe57ff,49.85,1,Photography,sber_pay,112.0,6,10,0
21c57e5e-7eda-4ca3-b97d-82813fcbeff1,61.83,1,Outdoor,bank_card,33.0,17,10,1
21e0d090-41de-423d-85b2-a9907d5366fe,19.54,1,Garden,bank_card,75.0,7,10,2
21ea862d-3b49-4bdb-a741-9949efd656fe,116.34,1,Beverages,sber_pay,94.0,1,9,1
21f6689c-532f-4e56-8c8b-ce3e6ca19089,769.38,1,Pet Supplies,bank_card,151.0,2,9,2
21f78895-217c-4736-ba50-4f18596bca72,1004.97,1,Home,sbp,20.0,3,10,0
21f873e9-9837-4ce9-b471-a4148b6d6ba8,437.76,2,Beauty,bank_card,134.0,7,10,3
21fdaec5-6a7b-4102-af18-358d26ed7205,666.83,2,Sports,cash_on_delivery,27.0,17,11,0
220257ae-42c5-44d7-a45f-a1b208e03b22,134.51,1,Health,bank_card,244.0,5,10,1
2202a813-43a4-43fa-b48e-215a5a77c656,156.78,1,Kitchen,bank_card,127.0,8,10,2
2209cb77-05e6-43e2-9fef-715ab8de7256,713.53,1,Clothing,sbp,66.0,2,10,0
220d4680-82dc-4672-8213-5baedc6793eb,37.44,1,Travel,bank_card,134.0,4,11,3
220d5927-4b90-451c-aa2b-ed74833fa464,471.8,1,Food,mir_pay,1.0,16,10,0
221b1ce7-d90d-4c05-87a5-51f95a6232b6,439.32,1,Electronics,bank_card,167.0,1,8,1
2226799b-8058-4292-b569-d7ede51e41f8,1004.43,1,Jewelry,sber_pay,32.0,13,10,0
22324931-9357-4660-bc08-aa7a9f11e757,49.11,1,Laptops,bank_card,27.0,3,10,1
223436c8-9b9e-42f8-8d95-eea536ce8ee7,23.83,1,Office,sbp,36.0,7,10,1
22478115-a5a6-4a0d-9f96-04d665b1c06c,162.06,1,Toys,bank_card,246.0,3,10,2
226e1bd3-e3d2-4992-87c3-ca1ced106a05,441.04,1,Health,bank_card,16.0,17,10,0
22789d3d-a5ae-4fd7-b947-118b798b0ee6,729.16,1,Headphones,bank_card,39.0,1,8,2
228e5ea5-2d6b-486f-8c89-48244532984a,14.07,1,Garden,bank_card,112.0,6,10,2
228ee8f1-dc81-4d64-b376-dce129140020,36.7,1,Garden,bank_card,67.0,5,10,0
2293ad12-3f8b-4001-a1ef-92ee15b36df7,148.86,2,Automotive,sber_pay,6.0,4,10,0
2294836c-54ee-48d5-b2c3-ec24af0edd62,233.16,2,Travel,bank_transfer,138.0,2,10,1
2295f6b4-010c-48fb-a6d9-8700b01fca8a,440.89,1,Headphones,cash_on_delivery,10.0,6,10,0
22973aa0-71e3-4d6e-aa6f-973fa2ef77a7,125.61,1,Outdoor,bank_card,350.0,3,10,3
2298d1d1-0345-4af2-b525-fc3e1e8304fd,68.48,1,Music,bank_card,71.0,5,10,1
22a6ab61-5348-41f0-9ede-2851bb7acaf4,190.85,1,Toys,bank_card,68.0,5,11,0
22b330f9-dd73-4448-abbd-d1ba0795319f,67.79,1,Tablets,bank_card,114.0,2,10,1
22b4e849-ea23-4227-8ac3-a70b84f69130,1281.59,3,Smartphones,sbp,26.0,7,11,0
22b6032c-a5b3-4bd5-8762-be05fecced48,31.06,1,Other,bank_card,11.0,1,8,0
22c93ff6-dc80-44a1-907a-d03296456739,111.84,1,Beverages,sbp,69.0,9,11,1
22d1a736-d68c-4f59-83a0-dc409ad95997,177.8,2,Tablets,bank_card,80.0,7,10,1
22dedc42-2e98-46b9-9b2b-5523e866f107,303.08,1,Other,bank_card,21.0,4,10,0
22dfcf31-e033-41a0-aa47-4b9f7cf03775,49.89,4,Toys,bank_card,3.0,1,8,0
22eb6e5f-01ce-4cc6-9588-3c9ad780714f,381.0,1,Photography,bank_card,107.0,4,10,2
22eca9b0-b1ee-48fd-8f67-443915826b62,97.51,1,Books,tinkoff_pay,45.0,6,10,0
22f4236c-c945-419f-adc5-5a88177b7d98,66.67,1,Toys,sbp,168.0,5,10,3
22fac95a-c64b-45a0-96aa-cff60f94c716,291.68,2,Smartphones,bank_card,3.0,16,10,0
23048b25-e1c9-40cf-abd6-524f2b479c8a,598.25,1,Laptops,bank_card,65.0,3,10,1
231a50e4-31cf-4f5d-a424-6cf84f9b0147,290.72,4,Furniture,mir_pay,122.0,3,9,1
23206d10-eacd-4a1a-b751-c1e2d0baea46,122.11,1,Automotive,bank_card,40.0,2,8,0
2328d983-ae52-4526-a619-a38ebf2f9d1f,75.91,1,Office,mir_pay,83.0,7,10,0
232a9dce-bd8e-4593-9783-fecbbb4b3d0a,852.18,3,Beverages,mir_pay,12.0,3,10,0
23351a22-dec4-4897-8988-5fe17e0f0833,174.7,1,Jewelry,bank_card,98.0,8,10,3
2338dd87-ce56-43f9-a890-c5250c02fde5,27.18,1,Beverages,bank_card,87.0,5,10,2
2344f069-c17f-4561-b005-b505ae929f8f,17.39,1,Laptops,bank_card,22.0,20,11,0
23575808-3d7e-47e6-a1f6-f4dc4601fa94,258.82,2,Food,bank_card,299.0,1,8,2
235bcc0f-562d-41ab-a5e0-fb13a7f1ff38,133.6,2,Clothing,bank_card,9.0,4,10,0
236705f0-e4cc-4f9d-8ac4-ae0aa2bad846,33.29,2,Sports,sber_pay,36.0,5,10,0
236ab45b-b77c-4e76-983f-ef618fc65c01,127.22,2,Laptops,bank_card,140.0,6,10,1
236cb6d7-9f41-4d9b-84b0-d676cf3d0396,190.12,2,Jewelry,bank_card,169.0,6,10,1
23749a9f-7fc4-464b-8b98-85dfdcdfaa2a,794.51,1,Gaming,bank_card,4.0,5,10,0
23758f85-ec9a-41b9-94de-8a7d498e7fe0,318.96,1,Other,bank_card,54.0,3,10,2
23770f91-5856-4e6f-9599-67cf326aff0a,409.0,2,Sports,bank_card,255.0,1,9,4
23831115-6adc-4e71-bc78-21f480e588ac,1428.18,3,Accessories,yandex_pay,72.0,5,10,0
238f1580-2c99-4586-b58e-864dbd2e734e,55.02,1,Clothing,yandex_pay,191.0,4,10,3
239406a2-b20c-4fe2-86cb-7e6ab57f35e5,1117.44,3,Office,sbp,223.0,3,10,1
239fadcb-4f9a-4347-bb79-6a7608312e0f,18.3,1,Beverages,sbp,120.0,3,10,1
23a5c798-e264-4198-b281-c630498f064d,45.5,1,Automotive,sbp,256.0,2,10,1
23a7e64c-7acc-4cc0-ba47-02fbfeaac4a3,1013.61,1,Smartphones,yandex_pay,184.0,2,9,1
23aab458-8836-44ac-8830-719dc3dd3675,174.7,2,Clothing,sber_pay,274.0,2,10,5
23ac27d4-b6f6-43f5-8d79-3a6e313708ae,595.13,1,Kitchen,bank_card,180.0,5,10,4
23b07e94-52fd-4a5c-845e-1d4b92012932,148.9,2,Other,bank_card,10.0,8,10,0
23c44f47-b4a4-480f-8417-f288eae61dd2,286.19,1,Gaming,bank_card,0.0,1,8,0
23cb7e7a-e02b-4115-8b19-dbbc9a28977b,126.82,1,Travel,sbp,12.0,4,9,0
23cc9926-58f5-42cc-8872-44dd6e2878a9,459.39,1,Jewelry,mir_pay,64.0,8,10,1
23cdecdc-99e1-4362-9672-55cd19d00635,40.48,1,Garden,bank_card,47.0,4,10,0
23d02717-01c9-46ad-8684-1b3a26b5cf85,240.12,3,Garden,sbp,280.0,1,7,0
23d2cdfa-307a-4656-8717-078dc8c52543,111.51,1,Electronics,tinkoff_pay,53.0,21,11,0
23d8e19c-4c31-4949-a320-b6c35586e00d,73.12,2,Headphones,bank_card,73.0,7,10,2
23e06dbd-5440-4593-ac41-d525f8fb8fe7,460.07,1,Kitchen,bank_transfer,101.0,3,9,1
23e4b529-4a59-4a7a-9d2c-e163e0196913,544.34,1,Pet Supplies,yandex_pay,200.0,9,10,2
23e573ff-8f86-4feb-ae74-bed58f0f1090,328.18,1,Smartphones,sber_pay,179.0,4,10,2
23e70ee6-deba-44c4-b95d-bf2db38cb97e,24.08,1,Outdoor,sbp,185.0,1,7,1
23f3dec6-bf2a-483b-98f6-15634ed39979,102.44,1,Shoes,mir_pay,24.0,9,10,0
23fa4708-197c-4492-b072-72a22bfc23c4,130.93,1,Pet Supplies,bank_card,6.0,1,9,0
24034376-262d-46fd-a3f1-9dbd28d262b6,63.43,1,Tablets,bank_card,73.0,3,9,0
2404cbba-8f86-4eb0-8de4-b598728b8927,509.42,1,Kitchen,bank_card,42.0,6,10,0
241959b7-c890-4ad4-a2d6-b1d120df656c,27.99,2,Automotive,bank_card,212.0,4,10,5
2419db5f-66f9-42c9-b77e-fd41a9464b56,378.48,3,Beverages,bank_card,78.0,4,11,2
2419e26d-ff15-4fa7-ab71-e0e81709d6a6,126.61,1,Beverages,sbp,186.0,8,10,5
241f2624-118c-471b-af80-aae8b2c795b0,112.11,1,Garden,bank_card,265.0,2,10,1
242e70cf-90a4-45cf-9577-46d75c6c9153,383.59,1,Headphones,sbp,85.0,3,10,0
2431dc23-c9fc-4da6-a0e9-deaf53c6f46d,88.83,1,Clothing,bank_card,4.0,2,10,0
2433ccf8-e2d4-4a4d-b729-be67bfc6401c,60.18,2,Furniture,yandex_pay,60.0,10,10,0
243f76e4-7a53-4fd8-94b7-88140982f340,89.53,1,Gaming,sbp,128.0,6,10,0
244b8016-e252-4604-ac8e-ce7465612487,119.94,1,Travel,bank_card,47.0,16,10,1
245937d2-58ee-4a00-87cd-85bbba0d223f,640.16,2,Furniture,bank_card,13.0,35,11,0
247e7a95-9df7-4583-9bb9-eb4ba715011e,243.45,1,Photography,bank_card,0.0,15,11,0
24830cc6-369b-4630-897e-777e89f8ca36,258.35,1,Beauty,bank_card,51.0,12,11,0
24862823-480d-466c-8984-bd50cb57bde1,380.46,2,Software,bank_card,167.0,7,10,1
24a6c5e3-a640-4acc-821b-99f0d12f82fa,882.79,1,Gaming,mir_pay,173.0,1,9,1
24aaf101-40ef-471b-a7a4-4d8661f149a1,57.81,1,Kitchen,bank_card,120.0,5,10,2
24bb8fa4-ba33-4a7e-9ebf-8a93007e2a57,44.52,2,Electronics,bank_card,4.0,18,10,0
24c4814f-0828-4f51-bb57-493668179ee6,256.18,1,Pet Supplies,bank_card,184.0,2,10,4
24e4cd29-f71c-494e-9b29-d21324a8484b,25.14,1,Kitchen,bank_card,169.0,4,10,1
24f4a263-7f2c-47f1-87d0-1161ff5b57fc,144.93,1,Shoes,bank_card,66.0,3,10,1
24f97045-b7ac-4bd1-a1d2-ee5e18b69df7,150.05,1,Headphones,bank_card,29.0,2,10,0
24fbe8c8-2a05-4b60-a89a-31dd07a61aa3,22.25,1,Garden,sbp,70.0,3,10,0
2504235c-572e-4ea6-8fc2-b911c005d692,92.33,1,Music,bank_card,33.0,1,7,1
2504d273-4232-4d0f-a060-a391b6d9b4e0,618.16,2,Travel,bank_card,212.0,2,9,4
2529383c-a292-4375-be31-4bb45ff7f3cd,92.16,1,Photography,bank_card,200.0,3,10,2
252ef749-c541-4ce9-aee0-02d3820d944d,510.41,1,Health,mir_pay,72.0,8,10,1
2532eb12-cd8b-4ede-a1b8-e27edf9556a3,447.47,1,Shoes,sber_pay,56.0,3,10,1
25351fb8-05ea-448f-b1fe-03ba4a9245b5,572.38,2,Gaming,sbp,220.0,2,9,2
253cb8f3-e61f-4e80-816b-6a32768d24d8,373.37,1,Laptops,bank_card,59.0,13,10,2
25416f5e-79fb-40be-a116-b85c859d16b2,153.08,1,Music,bank_card,16.0,2,9,0
25423749-ea69-43e0-bbf9-7166c792c4e1,92.14,1,Office,bank_card,87.0,3,10,0
25446cd5-02eb-40fd-b8be-4a875e29015c,125.92,1,Electronics,bank_card,145.0,3,10,3
25455595-d712-4bc4-a937-de16b03a866a,41.01,3,Furniture,bank_card,62.0,6,10,1
2550b64c-8ff8-4168-a3a4-c83331bb73cd,146.92,1,Health,sber_pay,131.0,1,9,5
25670488-4c2c-42da-a8a4-1c34e29592d2,234.58,2,Beverages,sbp,69.0,4,10,1
256d9a9d-6c79-4ba2-9914-13211ef56f25,1190.81,3,Health,bank_transfer,39.0,8,10,1
256dd7cc-e768-44c1-80f6-94d9b850d2dd,372.65,1,Beauty,bank_card,81.0,6,8,2
25763ff0-4adf-406f-bb2c-67d8576a4be6,30.52,1,Travel,yandex_pay,163.0,4,10,1
2578a5e8-0260-40dc-b096-36dea4e1411e,485.09,1,Home,bank_card,121.0,3,10,3
257ecf0c-aad5-48fc-8b79-7fb40fbc10f0,89.11,1,Gaming,bank_card,127.0,3,10,1
2582b84a-eeef-46b1-9f84-d8ff9340f17c,251.14,1,Jewelry,bank_card,110.0,2,10,1
2588c865-eca1-43e2-8818-c5b00ec2db8b,45.18,2,Sports,bank_card,163.0,3,10,3
258e9a65-3ba3-4dde-81fb-5f027b000c95,282.05,1,Shoes,mir_pay,243.0,3,10,4
259c0385-61fa-4372-b4a6-2e8f6a8a98df,29.51,1,Other,sbp,86.0,4,10,1
25a1e2ca-5ed5-4d3e-b818-9bf4dec232f0,980.65,1,Laptops,sbp,52.0,8,10,0
25a90e7a-3e01-4104-a932-64fd277d538c,136.25,2,Automotive,bank_card,19.0,11,11,0
25a9814b-b262-44a5-bc82-0e5d5060ceb4,93.22,1,Photography,bank_card,33.0,4,10,1
25c72564-8eb6-4347-b7d4-3d6a4d245feb,61.73,1,Smartphones,bank_card,176.0,5,10,1
25d58cd1-2973-4bee-b08d-d7ead88818e7,100.38,1,Jewelry,sbp,186.0,2,10,3
26040b5d-901e-44f0-bdc1-077d37b35226,240.43,1,Kitchen,bank_card,132.0,5,10,0
26095b3a-76d4-4f22-9a5f-3c7311905815,74.28,2,Clothing,bank_card,146.0,5,10,4
260bd470-e492-4151-acba-e9e49d9e0765,21.72,1,Tablets,mir_pay,1.0,2,9,0
26162276-f6f1-4f27-ba9e-a303e2cd2c80,27.18,1,Beverages,bank_card,21.0,2,9,0
2628959e-a94c-4354-b5fa-f10ac6761cc1,16.9,1,Sports,sbp,12.0,7,10,0
262cfe5e-14bf-4818-9019-29c97c5545de,83.84,2,Electronics,sbp,220.0,4,10,2
263495c5-6920-41cb-bc0c-f1584436ad36,70.24,2,Accessories,bank_card,134.0,3,9,3
2634ec29-7f91-4fa3-a891-6b672368d01c,48.42,1,Shoes,sber_pay,54.0,4,10,1
26458521-5a64-40a4-b551-225c86134e06,677.08,4,Automotive,sbp,47.0,16,10,1
2665a3e4-b5c3-49a2-806d-09bb8978e771,40.61,1,Toys,sbp,18.0,2,10,0
2665d9a0-389b-45e8-86ea-96f1ee2a1406,135.1,1,Headphones,sber_pay,43.0,13,10,0
26691bf5-672f-4185-ad07-992622d6f5f4,1312.58,2,Clothing,sbp,40.0,3,10,1
266f9faf-3869-4ca8-90bd-b4c15cc11089,223.98,2,Shoes,bank_card,109.0,5,10,2
2678df46-7e69-4700-835a-55b3923b0529,331.07,1,Toys,sbp,230.0,1,9,3
267cd57a-2743-4a09-a289-570257f59e8c,83.3,2,Furniture,bank_card,199.0,5,10,1
26980ebf-4b2a-4fc2-920b-af35bb74b618,120.2,1,Smartphones,cash_on_delivery,273.0,3,10,5
26acec78-d828-4530-93d1-0130aae80a2c,119.85,1,Beverages,bank_card,217.0,2,10,1
26afb34f-4502-4f5f-ac84-eb5a3e19df61,151.14,1,Clothing,sbp,75.0,4,10,1
26b3819c-bca3-4b2e-aeab-ed561287efb6,36.92,1,Jewelry,bank_card,19.0,6,10,0
26c6a084-318f-43d3-8211-14dcbe7f97f8,265.95,1,Laptops,sbp,49.0,3,9,0
26cea71e-3a4b-4557-8acc-5797f6baf4b2,18.89,1,Beverages,bank_card,23.0,2,11,1
26dc6d3f-2ceb-413f-9743-f1cdeb2c3a68,101.33,1,Software,bank_card,254.0,3,10,3
26e560ac-cf41-4a97-82ad-4420571de8d1,69.53,1,Accessories,bank_card,186.0,2,10,3
26f54324-55b3-4080-acc8-cb681b0def6e,262.67,2,Kitchen,bank_card,145.0,1,8,4
26fb658d-7587-4359-8321-33288b321a10,876.42,2,Home,bank_card,265.0,3,10,4
26fdf9d4-f493-439c-a434-2e54f5fdda6e,285.52,1,Sports,bank_card,225.0,1,9,2
2705b8b7-f0aa-4786-b08e-6a1c48d134d0,471.8,1,Food,yandex_pay,109.0,4,10,2
270704d0-7849-49ae-bde0-f5a8f87f6589,438.21,1,Home,sbp,80.0,7,10,2
270ca314-f18d-4a65-a2d8-f918acb9897d,70.8,1,Food,bank_card,93.0,2,10,0
270f70cb-6015-4c66-b3f8-2d4f8fe2c740,86.72,2,Food,bank_card,103.0,5,11,2
270fe9a7-3d91-4a91-8b05-3c325baa86df,65.78,1,Kitchen,sbp,161.0,7,10,2
2711828f-e349-4d2e-9933-8f7dbdb4d0af,130.69,1,Office,bank_card,235.0,3,10,1
2719433c-9e36-4298-b6e4-b1370eb0faff,47.44,2,Garden,sber_pay,52.0,6,10,0
271b0724-665b-4db4-a650-8bd97757893f,40.72,1,Software,bank_card,112.0,1,7,2
27332079-3752-4e1c-8764-d9422b7133ab,9.3,1,Music,mir_pay,216.0,4,11,3
27336b5e-9799-4e9d-8047-30e9d86e9f6f,217.36,1,Health,yandex_pay,199.0,3,10,2
273405ed-8ecc-4ade-8956-5f90cf490f26,100.09,4,Furniture,bank_card,246.0,4,10,4
273dfa5c-27bc-49e2-9a4d-cf87163d12dd,92.98,1,Other,sbp,158.0,2,10,0
273fce0c-3279-4e0c-b405-8ef1b87c4d9e,74.43,1,Automotive,bank_card,199.0,3,10,2
27480e92-c4b8-4930-92b9-590e3636263f,226.19,1,Garden,bank_card,34.0,8,10,0
27494e38-f4dd-4c03-b12a-6b90d28be0ef,115.97,1,Gaming,bank_card,39.0,1,6,2
2775fd96-5b5d-4993-8f59-46801a9d2033,81.94,1,Books,bank_card,44.0,4,9,1
27795fa4-fd30-4852-8a0d-b9628b77db67,47.04,2,Other,bank_card,175.0,2,10,3
278a6bbb-33a1-4655-b373-1f54ee3cbfde,38.36,1,Automotive,bank_card,69.0,11,10,1
278f24f0-de4b-4575-adc1-ef772c6d228b,173.34,1,Software,bank_card,1.0,1,9,0
279088ec-75ee-4636-9d37-2e0220bd1a04,106.64,1,Food,bank_card,102.0,4,10,3
2798c5df-99d0-4423-afc5-dcb87bd72fbc,857.03,2,Clothing,sbp,12.0,18,10,0
279917a4-ac4d-434d-b850-573d51e182fb,88.34,1,Laptops,bank_card,105.0,9,10,0
279c9a39-25a3-475a-9fdc-ab9bac320c2e,656.36,2,Smartphones,sber_pay,15.0,1,8,0
27a4b1dd-b992-4dab-9ca0-cce1e985e3d6,124.34,1,Travel,bank_card,66.0,4,10,1
27b08cd1-4cfb-4d5b-aa95-ff03de096e7a,19.35,1,Beauty,sbp,94.0,4,10,1
27b6fefc-2b03-42a7-8ae5-e8d84c46fdcb,80.65,1,Gaming,bank_transfer,268.0,2,10,2
27c0ee5f-7426-4176-8ab3-43ec75630565,133.57,1,Sports,bank_card,221.0,1,7,4
27c56ae4-46b2-42c0-8749-69eb9df4713c,282.98,1,Music,bank_card,11.0,6,10,0
27c85d7c-cdcf-429b-873d-66bc564d586b,451.07,1,Clothing,bank_card,153.0,3,10,1
27d575f6-4555-43d1-9a04-8af24dc4dbc1,136.82,1,Travel,sbp,12.0,3,10,0
27d7604a-b19c-4d3b-a388-0a71ff90b0a2,422.54,2,Garden,bank_card,55.0,4,10,0
27e57970-c7a0-48d8-91c5-149b582a87d9,155.93,1,Toys,sber_pay,67.0,3,10,3
27fa2ddc-79cb-44d1-9ac8-1b056ea37d47,40.78,1,Smartphones,bank_card,42.0,4,10,2
27fcfcdd-bb0c-4644-89e5-596f83759c21,184.91,1,Pet Supplies,sbp,66.0,4,10,2
2806caf6-6f30-4fe2-8b70-2986fab5ad9d,80.29,1,Tablets,cash_on_delivery,12.0,6,10,0
281a12a0-11e4-4817-908b-14330c90c5ba,1011.62,2,Food,mir_pay,94.0,5,10,1
281cb230-74b7-408d-9aa8-f23594a105a4,140.71,2,Kitchen,bank_card,63.0,2,9,0
281de0ce-46c8-44a3-b95c-c08c896451ca,122.72,1,Beverages,tinkoff_pay,137.0,2,9,4
283e8b74-f92a-48f5-ad44-2d915e142c50,331.07,1,Toys,bank_card,264.0,3,10,3
2847ff0d-d219-4606-a89c-236df309d3d9,32.09,1,Photography,bank_card,60.0,2,10,0
2849a14b-11a7-4ec4-847a-c191a7877f89,233.76,2,Outdoor,mir_pay,55.0,1,7,0
284d3c26-d69a-44de-b008-8be5073edeae,68.7,1,Outdoor,bank_card,229.0,2,9,1
28524737-2c78-46e5-b52d-914ede3a3744,242.3,1,Garden,bank_card,57.0,8,10,1
2855502d-4d91-453e-9f4c-5fbb4d98207c,307.13,1,Headphones,tinkoff_pay,129.0,6,10,4
285a593b-e6a2-40bb-8f5c-07e6d11eaec4,746.91,1,Software,bank_card,2.0,7,11,0
286a9fdb-eabf-4fe8-9626-441dbb4b1b6c,277.7,1,Beauty,bank_card,34.0,11,10,1
286f8e8f-0e68-4002-91b1-34763325173c,83.03,1,Beverages,sbp,4.0,6,10,0
286faeb4-c6d6-47e0-8dc1-c0d1b9b5bf0b,220.41,2,Gaming,sbp,43.0,2,10,0
287ecb52-2ad9-4424-966a-543504ec4fd7,91.4,2,Office,sbp,48.0,6,10,1
288bde78-d9d4-4d5d-91b6-21b8cf147747,59.01,1,Headphones,sbp,39.0,9,10,0
289c6073-4a57-4117-ae64-373eed0d0932,398.78,1,Tablets,bank_card,65.0,1,8,1
28a69bf3-1bd8-40dc-8ccc-872a5eccc3a2,204.47,1,Clothing,bank_card,38.0,1,7,0
28a7d907-1550-45f9-a7bf-9b3630c72253,77.24,2,Automotive,bank_card,44.0,18,10,1
28b34a44-fe50-4385-b28e-61ea2690d069,15.82,1,Headphones,bank_card,4.0,13,10,0
28be7087-9111-4402-8116-236f40fb2064,269.39,1,Headphones,bank_card,90.0,7,10,2
28c208c0-23c4-42dc-84a8-b1615dfe12a6,189.82,1,Home,bank_card,282.0,3,10,2
28c5593b-8d31-4559-8895-ecb1e1f7fe7c,496.66,2,Travel,cash_on_delivery,6.0,4,10,0
28dd393d-d891-4a13-badd-828f5c0f2a7a,64.1,1,Gaming,yandex_pay,9.0,5,10,0
28e81363-2331-4f07-9404-998e8e2f4247,36.65,1,Automotive,sbp,197.0,2,10,2
28eb6966-2bc3-4181-885a-41c1a4e261f4,73.3,2,Automotive,sber_pay,208.0,8,10,4
2904b68d-0607-4f8a-b209-72306f2f8a60,75.96,1,Shoes,bank_card,0.0,1,9,0
29240d04-395d-491e-a715-107c23a0974f,174.12,4,Gaming,bank_card,16.0,5,10,0
29292efd-4dbf-49d0-be95-94d695548a1e,464.46,3,Shoes,mir_pay,16.0,8,10,0
293b8467-0d0b-4787-a574-ca4801c4c313,59.12,1,Books,sbp,3.0,9,10,0
293ebc2c-c353-471b-aa55-63b7eb132aaf,86.77,1,Shoes,bank_card,21.0,2,9,0
293f0521-98bd-4d81-9692-b1ed863bb7cf,326.27,1,Office,bank_card,115.0,4,10,1
294f2fb2-534b-405f-bf99-944492d50db5,1824.1,4,Sports,bank_card,1.0,4,11,0
29502838-4a3c-4550-b464-8e4e717ded5d,111.99,1,Shoes,bank_card,83.0,3,10,2
296213a3-7984-4614-942d-8c8c0861ae94,34.76,1,Gaming,bank_card,285.0,5,10,2
2965b014-dfa9-42be-89c4-cc7132f5ddf3,165.64,1,Clothing,sbp,31.0,13,11,0
29729bfd-4ae4-4adf-bdd5-ea166fa02b1d,31.1,2,Automotive,mir_pay,220.0,4,10,1
297489f0-a906-4a25-a8d3-e65d5cd3fecb,119.26,1,Photography,bank_card,42.0,3,11,0
29824b79-da12-44da-a7c5-18e2d13bdbc2,100.3,1,Photography,yandex_pay,114.0,4,10,1
299094bc-af72-46af-9f22-bc6bf0895e40,24.93,1,Garden,bank_card,201.0,4,10,1
299963b7-7077-4488-8761-32502b07c649,125.86,1,Tablets,bank_card,10.0,4,10,0
299e8b73-39b4-43b1-a7a9-3555e827ae78,29.3,1,Furniture,sbp,71.0,8,10,1
29ad2c78-b014-47d1-837f-bae778222873,129.87,1,Beverages,mir_pay,208.0,3,10,3
29b42385-4917-43e9-93f9-b1e3c4a1a92e,338.54,2,Automotive,sbp,56.0,6,11,0
29b42e11-d400-4a9e-a9b0-04287ced7b69,70.36,1,Kitchen,sbp,121.0,1,9,2
29b8efba-2189-40bb-9ab1-954821929033,70.23,1,Office,cash_on_delivery,0.0,8,10,0
29d4f1b6-c08e-47ff-9150-c0dc10bd597f,5.4,1,Office,bank_card,61.0,2,10,1
29da3fee-6fec-4ed0-8123-9b952192b09e,141.47,1,Other,cash_on_delivery,5.0,12,10,0
29df1d56-5445-481d-8f58-237eb199434a,1460.07,1,Accessories,bank_card,5.0,4,10,0
29e31f02-ad96-4e0f-b591-4bba5e1736dd,21.18,1,Accessories,bank_card,77.0,1,8,1
29eac0d6-5355-4c35-90fd-42742c9effc0,1248.99,3,Beauty,tinkoff_pay,295.0,1,7,4
29fa49f7-5462-464f-a7e0-4d39f67c800c,157.01,1,Music,sber_pay,23.0,15,10,0
2a11c902-0b46-4c4d-8e7d-b7811a35a01f,238.64,1,Shoes,sbp,46.0,10,10,0
2a1fc2bf-47c5-44b7-9f14-14b74ec5f7c5,101.84,1,Gaming,sbp,140.0,5,10,3
2a22e4e7-ad6e-4ba6-b358-f676e018547c,267.52,2,Books,sbp,72.0,2,9,2
2a24a4c6-e4a9-42b4-8316-de925a12780a,179.5,1,Automotive,tinkoff_pay,332.0,1,6,2
2a25d45f-fccf-4e73-bb21-e46c86e9f9e2,484.59,1,Other,bank_card,249.0,1,7,4
2a277192-f842-4140-ad0a-903442532ae0,596.31,3,Food,bank_card,156.0,3,10,3
2a280f3e-ddb7-460c-ba22-76a7941c9813,1376.37,1,Kitchen,sbp,204.0,6,10,3
2a38beae-041a-42f7-bd7a-0d29f54ebcc6,129.82,2,Food,sber_pay,242.0,1,7,3
2a40c8d9-fa74-442d-b946-dbb030971cf7,403.51,1,Outdoor,bank_card,91.0,7,11,0
2a52429c-3dc1-4609-8571-4bd31b93a78b,86.72,1,Smartphones,bank_card,171.0,6,10,2
2a59970b-2086-41c9-ad0a-296340d74775,81.84,2,Photography,sber_pay,4.0,1,9,0
2a5db77f-8932-4f5e-aa70-90f160999a17,39.93,1,Beverages,yandex_pay,259.0,4,10,4
2a66b04a-9912-41fc-a39c-bffbc98044f8,236.62,1,Clothing,sbp,32.0,8,10,0
2a7753e2-5a42-410a-950a-6ff393269821,73.77,1,Kitchen,sbp,16.0,5,10,0
2a7a7808-267d-477c-9660-a980773fb86f,54.38,1,Laptops,bank_card,12.0,7,10,1
2a832a46-8f2d-41ae-afcb-dbdfa95df862,590.44,2,Photography,sbp,50.0,16,10,1
2a89057e-075c-462d-ac8a-f0e2c243c567,223.86,1,Outdoor,tinkoff_pay,58.0,5,10,1
2a8bfcc8-b4b6-4e54-80dc-2b1d94c295d3,42.56,1,Kitchen,bank_card,95.0,6,10,1
2a914af9-48b5-4e33-9eec-d0d718b3c06f,210.69,3,Office,bank_card,48.0,9,11,2
2a92252a-edac-4b6f-961e-2e6244f858f4,25.08,1,Office,sbp,95.0,11,10,1
2a923473-bf95-47bb-b429-e5e84c509346,73.87,1,Kitchen,bank_card,8.0,2,10,0
2a9d8ddb-5eb5-43d0-80ca-dd399184de30,33.74,2,Office,bank_card,32.0,19,10,1
2aa07a7e-ef33-4d57-861c-0ac00b99fbc4,309.28,3,Laptops,bank_card,0.0,5,10,0
2aaac34a-08e4-4ea8-a7c0-c3a72cf623b1,28.98,1,Electronics,bank_card,115.0,4,10,2
2ab4063e-dced-4aea-8752-0f2fbc1c7f7a,431.83,2,Automotive,bank_card,128.0,4,10,3
2ab7104a-9a9b-4a26-9ac8-fcdbe096dec0,48.53,1,Health,sbp,31.0,22,11,1
2ac40dee-83c3-4d62-9e1f-549f05e7022a,425.31,1,Music,bank_card,2.0,13,10,0
2ad06097-71fc-4814-aec0-44c5a643490f,102.65,1,Headphones,sber_pay,66.0,5,10,0
2ad95f50-b7df-4b5a-8c07-068c47eb8650,124.5,1,Electronics,bank_card,11.0,14,11,0
2ae8ab68-02b6-49c7-8350-36d9eba3f4c9,64.95,1,Headphones,bank_card,228.0,2,10,2
2af376a3-158c-4381-a79e-1ff528ea84cc,14.45,1,Gaming,bank_card,72.0,6,10,1
2af92f79-e918-4e78-8ebc-93fec367e15b,125.14,4,Gaming,bank_card,4.0,5,10,0
2b1b2a35-edf9-4b76-9a07-ab012a6f0a4d,40.01,1,Furniture,bank_card,96.0,3,10,3
2b1f66ee-dec5-416b-b307-381c7f7b7d28,65.54,1,Toys,bank_card,52.0,6,10,0
2b257fad-0821-4c3c-b6cc-e0dacf26504d,208.66,3,Tablets,bank_card,37.0,10,11,0
2b34e584-9b69-46c5-88fd-28813f30f29e,264.4,1,Travel,mir_pay,179.0,4,10,3
2b41fc1e-4e9b-4ad5-aac4-d2b5e3690c9b,86.53,1,Photography,bank_transfer,156.0,2,10,3
2b4991d7-7c96-41ca-a216-c80568d2617f,146.26,2,Furniture,mir_pay,205.0,6,10,1
2b4b03a5-7846-49e6-9cc2-f2f1259f505e,106.93,1,Automotive,bank_card,51.0,6,10,0
2b4ca291-cf32-4f98-abe9-bf913fd367f8,161.37,1,Shoes,bank_card,251.0,2,10,6
2b5fbde4-df8c-4802-9d80-22378008f562,302.25,1,Music,bank_card,75.0,8,10,1
2b611afd-f4c4-4f3e-afdb-809d55089799,13.44,1,Toys,sber_pay,56.0,4,10,1
2b64714b-ce43-4302-8a80-a43c9276f2ac,618.27,1,Garden,bank_card,2.0,1,8,0
2b79fc31-762c-4675-a410-bff2d2974dff,78.13,1,Headphones,mir_pay,6.0,1,9,0
2b82a227-e21b-4538-9d15-5e5ec922c754,1360.14,1,Home,bank_transfer,79.0,3,9,0
2b896e60-b8a6-4a7b-8a2d-5316d7c32148,199.34,2,Office,bank_card,49.0,10,10,0
2b95e901-0b84-4cad-926b-6b73fc8722a4,117.38,1,Electronics,cash_on_delivery,36.0,5,10,2
2b9ee15a-38a5-4e53-9173-568837d83336,224.98,2,Travel,sbp,27.0,22,11,0
2babba9e-f8ac-4b51-a1f2-895f7122e1fb,935.7,2,Accessories,sbp,43.0,2,8,0
2bb361db-7eb3-40ca-96c8-2f629646e532,69.78,1,Sports,mir_pay,198.0,3,9,2
2bb9f98b-80f1-46e7-adbb-610b11193f93,383.97,1,Beauty,bank_card,160.0,4,10,3
2bc5b708-fc74-42b3-9ae3-d97a67da7ca2,101.46,1,Gaming,bank_card,12.0,4,10,0
2bd58727-fba9-47ed-86a0-3ba7066e34a9,320.84,1,Photography,cash_on_delivery,6.0,15,11,0
2bd5a7d7-d687-4fe6-a991-e548cc28024a,139.33,1,Headphones,sbp,269.0,1,7,1
2bd76a31-de31-4394-9b78-0d6d39d3f65d,1834.4,2,Health,bank_card,144.0,2,10,2
2be5f11d-2a31-4766-b082-142ce92c18ef,126.82,1,Travel,cash_on_delivery,94.0,1,8,2
2be9dd61-4760-45c1-96b0-39ee8ac04c0c,571.8,1,Garden,bank_card,9.0,21,10,0
2be9e6fe-2444-4618-badc-94faf915c1c7,289.61,1,Gaming,bank_card,130.0,6,10,2
2bea11be-789f-4be5-8e11-1c511785544f,440.88,3,Jewelry,sbp,24.0,9,10,0
2bebb01d-6a71-4454-aa2a-defd7870d6a4,547.92,4,Other,yandex_pay,162.0,5,10,2
2bf091df-805f-44dc-ab6a-9d23fec2e6f8,444.33,1,Garden,bank_card,40.0,10,10,1
2bf5f581-d4fa-4a99-85ef-1234dbe3ccc4,141.97,1,Furniture,bank_card,12.0,1,9,0
2c017dda-34c5-48de-895c-d05b8d45ed9b,555.4,2,Beauty,bank_card,182.0,3,10,5
2c0c0de2-6489-461a-b3a4-516d0ec7248e,251.61,1,Books,tinkoff_pay,193.0,4,10,2
2c119e30-ea27-4116-affa-1b3fe859fab7,656.29,1,Clothing,sber_pay,27.0,20,10,1
2c1c5e8e-3302-45c4-8d76-6c4459de2ddb,377.82,3,Travel,sbp,63.0,1,7,3
2c1d9627-30f4-4b36-abea-1c6a9de067f3,190.63,1,Photography,sber_pay,27.0,15,10,0
2c1e6221-aa51-4aa4-a1cd-beac21327ae2,212.06,1,Food,yandex_pay,144.0,5,10,1
2c279113-a04a-4c81-ba3e-d77a0e70d155,232.36,2,Software,bank_card,25.0,1,8,1
2c31f64a-4e02-46a7-83a4-dc3bec99bbee,673.92,2,Accessories,sber_pay,40.0,9,10,1
2c4b3321-5b0f-44b9-be1c-44348c3206ff,1232.38,1,Garden,tinkoff_pay,104.0,3,10,2
2c58d3ae-6c41-4e5d-b03d-b14b7718da38,167.66,2,Food,sbp,28.0,7,10,0
2c63e5f5-5f8a-48fb-9df9-e0184172dc90,51.86,2,Office,cash_on_delivery,90.0,2,9,0
2c74d30b-7fcb-4c87-9ef1-22ae4530b124,205.84,1,Software,mir_pay,39.0,4,10,0
2c7fae7f-0761-4f89-8440-1bd72e9100e9,30.49,2,Beverages,mir_pay,36.0,4,10,2
2c92e593-f625-4576-a680-11c233611cf9,285.83,1,Health,bank_card,4.0,3,9,0
2cc53e4b-ad29-4057-909f-12c2741ac9a7,129.65,1,Gaming,tinkoff_pay,48.0,7,10,1
2cc6a9af-ce0c-4c10-9d46-0e4398551b7a,1057.94,1,Beverages,sber_pay,108.0,5,10,4
2ccb6aaf-05fe-463e-8783-82d7a3f542a8,43.7,1,Beauty,mir_pay,26.0,1,8,0
2ccbbf8d-026a-4532-a077-29dc7bd95915,345.77,1,Automotive,sbp,165.0,3,10,3
2ccf6944-cb74-4d7e-8ad7-a71a2a83f0e2,183.14,2,Home,bank_card,13.0,5,10,0
2cd1f2c7-835e-416b-b046-538b64330be0,73.47,1,Beverages,bank_card,45.0,1,8,1
2cd4e05d-94e5-4812-8068-3d5b36f66f9a,112.42,1,Laptops,bank_card,51.0,4,10,1
2ce3d9de-d718-4fe5-9ae1-0161fd640472,55.36,1,Toys,sber_pay,195.0,8,10,2
2ce67521-ed54-4510-862d-33ac0b6de180,34.66,1,Tablets,mir_pay,337.0,2,8,0
2cee44dd-8908-43e5-8c1a-975da3838c7b,44.09,1,Photography,yandex_pay,134.0,2,9,2
2d0348c5-7f85-4f29-946e-df7df05939f5,110.78,1,Jewelry,sber_pay,98.0,5,10,1
2d063d35-e7c0-49ae-86bc-81786a723316,55.79,1,Automotive,bank_card,142.0,3,10,2
2d118bd2-a3bb-4880-bcc4-6ff534e3c643,497.26,2,Jewelry,bank_card,36.0,6,10,0
2d28a676-47a6-4d5e-8b63-da9082a74b55,41.02,1,Beverages,bank_card,147.0,4,10,2
2d2a5ad7-cc5a-4854-9636-8cc784e9a0a5,151.06,1,Clothing,sber_pay,293.0,4,10,4
2d2e7404-01a1-4f48-a8ed-06cbf8851588,70.42,1,Music,mir_pay,159.0,4,10,5
2d2eef38-c9fb-4590-84f8-430c8d0aad28,1092.58,4,Office,bank_card,257.0,3,10,5
2d3efb77-2c8b-44fe-b6f0-71a0ce62ff46,210.51,1,Outdoor,sbp,103.0,3,10,1
2d41dc5c-1284-44ba-9909-cdbd3466580e,116.27,1,Headphones,bank_card,43.0,11,10,2
2d5f1016-39ea-431d-b028-61ac9f09416c,53.66,1,Software,sber_pay,120.0,3,10,2
2d5f223d-0596-4908-bf3e-812e2ee87c27,234.9,2,Health,bank_card,20.0,16,11,0
2d75cd44-6dcb-4210-b397-714312fa635b,13.44,1,Toys,sbp,33.0,2,10,0
2d7a0152-8fb7-4ae0-90a0-7438e548001c,507.45,1,Outdoor,bank_card,8.0,1,7,0
2d7c1751-69a6-4123-b286-7ab466ec0d9c,44.07,1,Clothing,bank_card,3.0,3,10,0
2d7c5a81-b0c0-4fbc-9693-b2821a50d7e4,1724.93,1,Food,bank_card,16.0,7,10,2
2d8331b6-369a-41c6-b836-bfdd701cb905,144.51,1,Laptops,tinkoff_pay,266.0,1,7,2
2d90adf7-d215-4b0f-8ce2-108de096710f,329.9,2,Health,sber_pay,0.0,6,10,0
2d91db25-2b66-4047-9eee-829d0c59211d,148.92,1,Other,bank_card,332.0,4,10,1
2d987a02-fa0a-4dc0-a58f-e9f0fbe8dab6,61.02,1,Garden,mir_pay,234.0,2,10,1
2d9ecd24-c69f-458b-805c-0eaf6acb6e37,19.1,1,Music,bank_card,27.0,9,11,0
2db9f227-9684-4a2b-9242-9e793df88792,374.86,1,Office,bank_card,23.0,20,10,0
2dbaf52c-a01e-433b-a61a-3e9bf85130e1,58.95,1,Books,sber_pay,50.0,4,10,1
2dbc505f-bad7-435a-af46-9b9bb86f582e,58.47,1,Health,sbp,108.0,3,9,1
2dbeb074-622f-4c01-b0a7-69350662dcd4,228.46,1,Electronics,bank_card,69.0,4,10,2
2dd6517d-9b8f-4125-a129-734a5810d606,1908.42,2,Jewelry,yandex_pay,123.0,3,10,0
2dda0974-b95f-43d8-9355-401a1a4eca93,62.35,1,Health,sbp,4.0,8,10,0
2de9dd0d-a7d6-48cd-ae85-868f8c872d42,106.08,1,Home,sbp,101.0,2,9,1
2defafd3-c9b2-41d3-8af7-61077f97263d,190.63,1,Photography,bank_card,114.0,2,10,6
2df5935a-b58a-4b09-828e-091633633d7b,1279.98,3,Music,bank_card,51.0,2,9,3
2df984ad-1cbc-4654-9372-49ed4c9606ad,57.46,2,Beverages,sbp,94.0,3,10,2
2dfc47b9-b104-4864-8642-13f58864e6c6,73.13,1,Furniture,sbp,43.0,5,9,1
2e04a5ea-d42d-46d0-a268-3bdefe9af919,538.96,1,Automotive,bank_card,219.0,2,10,3
2e1f451a-1a64-4894-b63f-4562dee99572,27.5,1,Beauty,sbp,106.0,3,10,2
2e22585a-7699-4658-a40d-c31613788865,91.2,1,Software,sbp,134.0,3,10,1
2e3052f1-5bdb-44ca-b935-dcab6d03998d,78.16,2,Smartphones,sbp,16.0,7,10,0
2e3401e0-f8f6-49cb-aab1-dacf58458abf,316.9,1,Kitchen,sbp,65.0,7,10,1
2e35f035-ba1e-49bd-a8fa-407532449575,61.22,1,Electronics,sbp,106.0,4,10,1
2e380ebe-a59f-429c-ae49-7d51a6c93813,1777.75,1,Tablets,sber_pay,88.0,2,10,0
2e3cf397-0a36-46bd-b195-25d9c7361165,76.61,2,Smartphones,bank_card,162.0,2,11,4
2e457dc1-33f8-4d34-ba59-8bbe616f5a45,19.26,1,Laptops,bank_card,33.0,7,10,0
2e4c772d-f95a-48ba-8788-49bcb584d2f4,166.59,3,Beverages,sber_pay,27.0,22,10,0
2e4ef3e9-eb06-4127-905b-53511082f2b0,177.81,1,Outdoor,sbp,178.0,6,11,3
2e54f932-d06c-4202-8202-e6e5b52fbcd9,128.7,1,Shoes,yandex_pay,7.0,2,10,0
2e571586-4afc-4960-b317-847c5408ecef,35.5,1,Music,sbp,1.0,1,6,0
2e5ecfd5-001b-4c07-a39d-456e9fa5582e,29.63,1,Travel,sbp,17.0,3,10,1
2e6999bc-261b-4d2d-9000-87604a2b3569,26.61,1,Toys,sber_pay,120.0,6,10,1
2e6b1e7e-67c8-4e16-a605-900e0c834248,165.35,1,Electronics,bank_card,335.0,2,9,2
2e6ff8e5-802d-493c-b1fa-f950a61e9a53,125.59,1,Photography,bank_card,268.0,2,9,3
2e769dfd-9606-4d0d-8b15-6d1c8e30dca4,171.4,1,Furniture,sbp,101.0,1,7,2
2e7d1ee3-6f7e-40b6-ad55-d6a99058fb89,261.64,1,Clothing,sbp,98.0,4,10,0
2e83c675-4033-4a84-97f1-21908be043a4,421.49,1,Photography,bank_card,25.0,11,10,0
2e8e278a-30fd-4d3c-9422-53ea8201a844,25.53,1,Beverages,sbp,107.0,2,9,3
2e9769e2-da64-4c12-ba39-8b1b61449501,28.77,1,Kitchen,sbp,71.0,5,10,0
2e9a1d18-e268-4e6a-9791-b899f4e2f993,26.39,1,Garden,sber_pay,238.0,2,10,2
2e9e0ad0-cc09-4927-9d0c-0fdd31fe5559,147.69,1,Photography,mir_pay,234.0,4,10,4
2ea11bd1-c047-4e77-873e-f8690dd95aff,98.19,1,Shoes,bank_card,77.0,6,10,2
2eac8f49-9e01-437f-8696-8d46b4227b68,145.77,1,Sports,sbp,172.0,5,10,2
2eacfffd-603b-4b76-90a9-5e60fe95a587,54.66,1,Furniture,tinkoff_pay,91.0,2,10,2
2eb695cc-b8db-494e-9552-55305b67696b,167.96,1,Sports,sber_pay,184.0,5,10,2
2ebe7e10-12a1-4fc1-8988-e9c76830c11f,119.55,1,Beverages,sbp,105.0,5,10,5
2ecfe10a-43cb-4ff7-80fb-ac50eb171c81,310.12,2,Kitchen,bank_card,74.0,9,10,2
2ed43071-345d-4d8b-bb22-b335c8b85ce6,67.57,1,Software,sber_pay,258.0,6,11,1
2ee45b68-f8ec-4cf2-9f7a-7657c52c9cc7,978.52,4,Gaming,bank_card,70.0,5,10,1
2ee6a9a2-2fff-4c6b-b3c9-00b3ec1f0704,292.86,2,Electronics,sber_pay,205.0,2,9,2
2eeb73a5-a21a-4464-afb8-532299860150,46.83,1,Photography,sbp,64.0,6,9,0
2ef05556-00aa-45a8-a9a3-b79ffefd426c,42.1,1,Sports,sber_pay,164.0,6,10,3
2ef3b055-29d7-4982-aa59-5aee1c6aeb8a,348.31,1,Headphones,bank_card,64.0,6,10,0
2ef69fc0-2524-4b2f-9602-949ee2d658bf,333.22,1,Gaming,sbp,12.0,21,10,0
2ef7f782-cd3f-4863-aa00-5a9adc0cfbb3,52.68,2,Furniture,tinkoff_pay,248.0,3,11,3
2efcac6f-9bb9-47b0-a257-8726d0916e47,83.83,1,Food,bank_card,146.0,8,10,3
2efe2ef6-fdd6-4cc4-9eeb-66d9ccf35375,59.41,1,Music,bank_card,351.0,4,10,1
2f00089f-e46f-4f12-8153-cd2824fce0f9,631.55,1,Shoes,mir_pay,179.0,1,7,2
2f0c383b-a4cc-481c-b6f1-4640dddcf2d1,412.21,1,Health,sbp,2.0,20,11,0
2f277d69-943c-4cee-b290-b6c1c6596a5b,121.43,2,Beverages,bank_transfer,121.0,6,10,0
2f2e40c2-91ea-4965-bc71-db58057625b2,79.1,1,Kitchen,bank_card,175.0,9,10,2
2f37d51f-97ae-487e-8bc4-8fa1b223f0da,28.23,1,Accessories,bank_card,12.0,1,8,0
2f3c6361-de3a-49b2-85d2-5dc00356ba01,64.77,2,Beauty,sbp,73.0,4,10,2
2f42dd66-88e9-4147-bdf0-fd03bffc5b82,178.18,1,Furniture,bank_card,47.0,6,10,0
2f624203-6ac5-4118-a150-0ce0b2415998,64.94,1,Gaming,bank_card,4.0,4,10,0
2f652acf-0340-40ee-823c-0cda90094f4a,125.29,1,Health,mir_pay,74.0,9,10,2
2f674cca-1d41-458d-8cce-f5c0bf34229d,405.33,1,Music,sber_pay,40.0,15,10,2
2f6c5b5f-c45c-4f7b-8f59-5004b351c3fe,23.26,1,Automotive,bank_card,26.0,3,10,0
2f6deb3b-bb3b-4035-84de-fcdb759e193e,159.1,1,Clothing,bank_card,20.0,4,10,0
2f795d54-49b0-45cd-83b6-3ea21442965d,149.73,1,Sports,bank_card,191.0,2,10,3
2f7e77f3-b0b6-4229-bff4-e8abec7aada9,1110.94,2,Travel,bank_card,63.0,3,11,0
2f80c2c6-22ff-4573-b31e-402c52214d69,75.08,2,Food,bank_card,36.0,18,10,0
2f8e7c31-6052-4048-8b46-4221af9f25dd,162.79,2,Office,cash_on_delivery,222.0,1,8,2
2f8f4153-ab34-4dca-83e6-eab021775785,147.4,1,Books,mir_pay,205.0,2,9,2
2f923069-555a-423f-971a-0e26508abf52,72.52,1,Kitchen,sber_pay,91.0,6,10,2
2f9d9b54-77e0-4a4a-9872-b81dceda267a,32.15,1,Health,tinkoff_pay,156.0,2,9,3
2fb48b9d-54b7-4646-8021-207666a20703,51.77,1,Outdoor,mir_pay,3.0,3,10,0
2fb5c691-3ca0-4d3e-be34-4d0af275a016,128.26,1,Health,yandex_pay,196.0,3,10,4
2fdf2cb0-3f32-4dcb-b22b-2298d2cd70b6,29.45,1,Outdoor,sbp,145.0,3,9,2
2fe98269-ae6c-47c5-9e25-72f7a164f7be,302.08,1,Office,bank_card,175.0,1,8,0
2feb53f0-f8bd-4a20-8746-1bcf931fbc30,822.34,1,Books,sbp,268.0,6,10,1
3000a08b-810a-41bc-8705-9ac8e4d3dff1,125.59,1,Photography,mir_pay,247.0,1,8,1
300989df-958c-4949-9ddc-2b71ab671ad0,132.65,1,Smartphones,bank_card,34.0,7,10,1
300a5ccd-9c2c-4c41-b329-dc873b9c8a3c,81.56,2,Smartphones,sbp,33.0,9,10,0
301f5de3-49e2-427d-97ec-c7be12ad88fa,74.01,1,Software,sber_pay,43.0,2,9,2
301fdc2d-ccfa-49a6-8fc8-9c3249c87654,248.63,3,Tablets,sbp,29.0,4,10,1
3036d429-8de4-4078-b5c1-09248a0e499c,54.99,1,Electronics,sbp,93.0,4,10,1
303af66a-2e11-4cde-94a6-a4ecef3e4ea0,155.73,1,Shoes,sber_pay,13.0,9,11,0
3047fe26-8381-48e0-a7d4-e3b806dcb25c,58.59,1,Software,bank_card,57.0,4,10,0
305b0628-026a-4baf-95f6-dc4f4dcb2480,508.76,1,Other,sbp,115.0,4,11,2
305b8d15-e361-4c77-be29-6383ada5c5ab,878.58,1,Toys,bank_card,219.0,8,10,2
3061f5c7-1dbb-4ef3-abf2-94e12001ae8f,88.75,1,Tablets,bank_card,236.0,4,10,1
306f0dbe-ade2-4f6b-af29-81f984fb2d77,266.26,1,Software,bank_card,72.0,8,10,1
3072d1d0-fa7a-402e-bd48-c1515f3fc39d,223.09,1,Photography,bank_card,168.0,2,10,0
307a71cb-941a-4131-b99f-70f3bcc9891c,277.66,4,Shoes,sbp,67.0,10,10,0
307e8dd7-b014-4eea-9697-fc454d7dd577,1043.82,2,Photography,sbp,215.0,1,9,3
307fe376-dd31-451c-aa38-52665090de3d,85.33,1,Outdoor,cash_on_delivery,122.0,2,10,3
30899273-d995-4c28-a7a9-c3f9d175063d,274.89,1,Shoes,bank_transfer,105.0,5,10,2
308ad624-850c-43f9-a191-e4073c04a0ec,449.47,1,Electronics,bank_card,107.0,3,10,3
308ca5dc-17fc-471f-819d-a5a7e9e7f2d4,146.94,2,Beverages,cash_on_delivery,259.0,4,10,2
309ad7a2-0a79-4264-aa54-24336b30b18b,36.88,1,Kitchen,bank_card,38.0,7,10,2
30b5d974-4f6f-4c48-a279-84b8b091f8cb,437.07,1,Kitchen,sber_pay,65.0,4,10,1
30baf94e-33c0-4cb1-88f6-a41acb24509a,67.68,1,Gaming,bank_card,131.0,3,10,0
30bb8715-ff7d-4c33-b1a2-6fbf626adb2b,202.1,2,Beauty,bank_card,73.0,4,10,0
30e4799f-2df4-4975-87f2-1cc02bbecdba,129.78,1,Other,cash_on_delivery,115.0,5,10,2
30e570f3-b99d-4969-908c-c6a38af8d586,180.17,1,Accessories,yandex_pay,94.0,3,10,0
30e8dde8-aa13-4c49-8c7b-5d37a4fd2771,64.91,1,Food,sbp,70.0,9,10,2
30ead393-5d71-4890-a44d-4461217e4a6e,622.05,3,Accessories,sbp,120.0,3,10,4
30ebc3c8-804c-462a-ba7d-d2d506461cf2,524.81,1,Home,sber_pay,66.0,7,10,1
30efd935-bd13-4117-9e09-ebf0c8c5b9f1,22.25,1,Garden,sbp,29.0,18,10,0
30f038e5-3ccb-4877-961d-2bab87c61590,233.21,1,Smartphones,sbp,6.0,1,8,0
30ff307d-4956-4453-b871-e58cd7e0e89a,40.39,1,Kitchen,sbp,22.0,15,10,0
31041653-d24d-46ec-9229-14cb555660b2,472.71,1,Beauty,sbp,168.0,1,7,4
31072335-32d0-451f-a0df-17b8ec94c94b,572.53,2,Software,bank_card,154.0,2,10,3
311e27aa-6e82-484d-b1ec-c6f854fac882,1904.64,1,Automotive,mir_pay,246.0,2,10,4
312333f6-fa44-4275-a02d-8728229d1e28,28.63,1,Office,cash_on_delivery,85.0,1,9,0
3134f252-c16f-4f69-9c72-fba50cd42af7,120.0,1,Home,bank_card,280.0,3,10,1
313c6289-82a1-47dd-a660-999c1e234a47,791.03,2,Beauty,bank_card,2.0,10,10,0
314a41cc-4284-4560-81b3-0c77bd193b48,264.46,1,Gaming,bank_card,167.0,1,8,3
3155b230-aae1-41ef-8147-6c261ea441a8,257.41,1,Sports,yandex_pay,5.0,8,10,0
3160b57a-4d4f-4932-95d9-e2be0bd82c7a,460.07,1,Kitchen,tinkoff_pay,4.0,2,9,0
316994c2-430d-4756-aa8c-d99b6c090c08,130.07,3,Food,sbp,44.0,13,10,0
316a9d13-4d5a-429e-8ea4-af931242002d,180.21,1,Beauty,bank_card,88.0,3,10,3
316aab3d-5862-4946-b14d-e453a188f66f,210.13,2,Music,sbp,170.0,2,10,3
3171fb42-0204-4f11-b129-be5f001bd1b2,101.74,1,Toys,sbp,82.0,3,11,1
31762774-999f-47de-83e0-d8c3caa9663b,355.62,2,Furniture,bank_card,150.0,4,11,4
317983ce-4a74-4bfa-897d-032b20f226e5,155.56,1,Tablets,bank_card,56.0,2,10,1
317a99cc-8bac-4ec2-88ee-0607c72d07db,489.08,2,Sports,sber_pay,32.0,3,9,0
31866035-6a3d-4fed-9448-ed4cce1f1ac3,119.64,1,Travel,bank_card,203.0,3,10,3
318d1ed4-1229-4109-95f1-7682e50d9f05,189.75,1,Smartphones,cash_on_delivery,156.0,3,10,3
319966f7-20fc-488a-a1c6-55e072d98642,1346.1,2,Other,cash_on_delivery,147.0,6,10,2
31a713fc-b612-4a29-8e02-214e0727afb0,114.69,1,Furniture,sber_pay,5.0,12,10,0
31b0673d-b29c-4224-8cd2-29172bce576a,509.38,1,Headphones,tinkoff_pay,6.0,14,10,0
31db4379-b7c3-433a-9d70-586f8a649aeb,73.14,3,Outdoor,cash_on_delivery,105.0,5,10,1
31dc2ca8-ee2e-418e-98fb-53d6bfd01c05,147.78,1,Tablets,bank_card,174.0,3,10,0
31deb58d-0d06-46fa-8a8b-d63f4983f58f,528.58,1,Beauty,bank_card,73.0,12,10,0
31e463c9-b419-4f75-917f-ec77601d9d16,216.11,1,Office,bank_card,34.0,7,10,1
31ef3beb-951e-433c-aaeb-9e96d717b977,1332.3,2,Headphones,sbp,177.0,2,10,2
31f09016-c1de-4b24-9248-04d7091b3543,28.42,1,Tablets,yandex_pay,80.0,8,11,1
32031423-a85f-4d38-ab68-206b37ffa066,1243.49,2,Clothing,bank_card,122.0,5,10,1
32062b08-7b03-4107-968d-067f4c82b8b9,397.42,1,Automotive,mir_pay,39.0,5,10,0
320b702c-01e1-4d7f-a222-89a240f45c14,367.68,2,Beverages,sbp,7.0,1,9,0
32200d8e-cb6a-486b-8de9-ecd2a8e156ec,380.56,1,Sports,sbp,61.0,6,10,2
3226ab82-065e-436c-837e-7f87ca913b5c,131.32,1,Kitchen,tinkoff_pay,19.0,5,10,0
322f4a04-cb62-4b79-9ec9-44910a217fe9,16.64,1,Sports,tinkoff_pay,2.0,13,10,0
3232f196-2066-4373-908d-d42ddab5c67d,161.81,1,Toys,sbp,18.0,9,10,0
323947fd-46ee-465b-8237-3df320faa556,514.27,2,Tablets,bank_card,53.0,11,10,0
323a4e3b-8b67-4010-8c39-f212af0e71ed,331.07,1,Toys,sbp,142.0,1,9,2
323b0502-53e2-4802-a80f-0ab613e5915f,194.64,1,Pet Supplies,bank_card,11.0,15,10,0
323d5989-4263-4751-883c-6a9873983c77,44.76,1,Electronics,sbp,10.0,9,10,0
32460f97-047e-482f-a78a-21a5032186e1,63.66,1,Health,bank_card,22.0,2,10,0
32547e41-1855-441e-849a-5be1aafa2af1,281.79,1,Travel,cash_on_delivery,0.0,1,6,0
32551bba-8520-468f-ad57-6dc2c0764b56,102.25,1,Tablets,mir_pay,191.0,2,9,3
3269d3b1-c8e5-46fc-af47-3a73598a0a33,93.11,1,Gaming,mir_pay,98.0,2,9,0
326ce159-14df-4322-a1e7-8fc34807b6ef,90.37,1,Jewelry,bank_card,130.0,9,10,2
326d30e9-f76c-46fc-b617-4b735c0b11a6,32.66,1,Pet Supplies,bank_card,191.0,7,10,1
32757854-f476-4423-a08d-ef816271dd35,279.2,2,Gaming,sber_pay,7.0,6,10,0
327966ae-b0ff-4b76-9e88-0c2c5ddf3fe9,969.24,3,Software,sber_pay,274.0,2,10,2
32813e6e-3273-4bd5-b7c9-3abb2daf5eee,276.42,3,Office,bank_card,9.0,5,10,0
32818ce5-f61a-4a88-9f73-1cf85ea31195,351.47,1,Smartphones,bank_card,23.0,2,10,1
328d7a14-8e8f-4a3b-afec-e3db008570a7,842.13,2,Accessories,bank_card,75.0,2,9,0
329327f5-0215-4e98-9a76-c6fb0306135d,105.26,1,Beverages,mir_pay,4.0,1,8,1
32944ac6-40c0-4e79-b95a-c2d93dbba7b8,35.53,1,Accessories,bank_card,81.0,8,11,0
3294e658-f835-47cb-a414-4f93d90b55a7,187.95,1,Software,sbp,4.0,6,10,0
32c6a963-0267-47e8-8d63-12e8940e8e96,597.74,1,Accessories,bank_card,80.0,3,10,1
32d370dc-e321-432e-8c06-6f00f4a30ab4,414.76,4,Accessories,sbp,74.0,2,9,0
32d96d21-a5b7-4c32-b5d1-5c34ac397f58,23.68,1,Garden,sbp,0.0,1,10,0
32e7c007-0554-4835-8f58-59fd475ba4f5,164.31,1,Other,sbp,190.0,5,10,1
32f56632-14c3-43ea-babb-7066eb3d2eea,36.44,1,Accessories,sbp,10.0,18,10,0
32f61693-f1d6-4f0b-bd52-84cefd42f825,136.33,1,Software,yandex_pay,24.0,3,10,1
32f7df8c-bd7f-4d08-adcd-e606e077778a,68.71,1,Home,bank_card,279.0,5,10,4
330867a4-c9e5-4311-86c8-cc81e580c82f,286.06,1,Automotive,bank_card,274.0,2,11,2
3312879c-fbc5-4cee-95ea-e5d4f897eec7,92.73,1,Accessories,mir_pay,76.0,6,11,0
33239781-f716-4860-83f6-8560812b3bdc,251.2,1,Shoes,yandex_pay,43.0,1,6,0
3330a8a4-8a19-4df9-8cde-4fa00926faf0,44.52,1,Shoes,bank_card,28.0,1,7,1
33398aba-6fe3-4631-9dbe-70f456d773b2,90.5,2,Laptops,bank_card,38.0,4,10,1
33582d16-39a4-478d-816e-45867d041951,155.88,2,Food,bank_card,69.0,8,10,1
335b6fe5-b1dd-46de-8e22-54549f8548e1,425.31,1,Music,sber_pay,88.0,8,10,0
335cb7f3-a3dc-4763-8561-bdeac9ebaf1a,48.28,1,Headphones,sbp,15.0,9,10,0
3370b40f-df6d-4ee3-9f75-534dc432f996,256.52,2,Health,bank_transfer,44.0,12,10,0
337bb721-1511-4a2f-a729-81c3835c8287,97.98,1,Books,sbp,130.0,3,10,2
338deb76-10fe-4c1c-b328-d8e879b79c30,68.72,1,Jewelry,sber_pay,204.0,3,10,1
33a33cd6-83e5-4dcc-bd8d-5395388a8b4f,39.92,1,Pet Supplies,bank_card,106.0,7,10,1
33b334ba-87f7-418d-ac51-8aba41ba5803,464.02,3,Furniture,yandex_pay,106.0,10,10,0
33c28f47-0a22-4b39-a2f7-c3a114026e03,143.55,2,Health,yandex_pay,196.0,1,9,3
340197b2-2fe8-4ee5-8f96-a730a7c02e4c,1362.92,4,Toys,bank_card,160.0,2,11,1
3408254d-04ea-4a61-a232-c46929a02aa7,106.87,1,Travel,bank_card,12.0,2,8,0
340ac0b7-9613-46fc-bb35-840f0fd812e8,23.71,1,Furniture,bank_card,48.0,4,9,1
3412f617-47ca-465e-a01c-1be78ea1d7a5,343.72,1,Automotive,mir_pay,210.0,1,9,2
3417c34f-12aa-4fd7-a1fc-7ec7a508ec7e,48.08,3,Office,sbp,59.0,2,9,0
3419b642-338b-4059-94bf-4c8dc2c1eeb2,17.95,1,Accessories,yandex_pay,18.0,1,7,0
342b583a-e030-49e1-96f2-894327c66c5a,359.0,2,Automotive,cash_on_delivery,51.0,5,10,2
3442bbde-1c33-4c32-b6e0-a26518cfb42b,240.33,2,Beverages,bank_card,1.0,1,9,0
34502890-292e-42f8-af87-ab8fc66d57bb,89.47,1,Headphones,sbp,54.0,7,10,2
34519b03-2b9a-4a8d-9860-005a93f27bf3,101.18,1,Jewelry,bank_card,131.0,1,7,2
345bc3bc-4155-415a-9a38-6fdb83a8eaeb,1830.19,2,Furniture,sbp,126.0,2,10,1
346b9d69-1220-4e80-b78d-1694a8f6487c,52.52,2,Photography,bank_card,12.0,4,10,0
3473a5f3-8570-451b-bf03-af02a6a208d8,522.05,1,Books,sbp,109.0,6,10,1
347c2268-5c2b-41ef-a4c3-a3f9b4c28649,38.47,1,Accessories,bank_transfer,16.0,11,10,0
347d610e-5147-4095-9cb9-fced5b79fb63,796.48,2,Garden,tinkoff_pay,12.0,7,10,0
34953565-9048-4667-9b26-1fa297d31c7d,158.75,1,Beverages,bank_card,62.0,9,10,0
34984d2f-e749-4052-ac5e-5a2b5bc65b59,181.08,1,Laptops,yandex_pay,25.0,6,10,0
349f6f3a-3647-4b6a-8590-37e744c403f1,258.77,1,Office,sbp,5.0,1,9,0
34a48135-7443-4e5d-b41e-e06d17bcc1b2,13.67,1,Furniture,bank_card,61.0,14,10,0
34a7a034-a017-48f4-a62d-cd9ec82295e2,532.43,1,Food,bank_card,219.0,2,9,3
34ae1145-add5-4051-ad12-33a4f2d0b289,80.2,1,Headphones,sbp,55.0,3,10,0
34b1e72b-f215-438b-9f40-103582f78283,142.93,1,Smartphones,bank_card,137.0,2,8,0
34b30828-2cab-4ee6-bda7-832d62b11872,538.83,1,Other,cash_on_delivery,46.0,2,9,1
34b3d42e-6729-439a-bbe3-3fc4ca66320a,17.71,1,Office,tinkoff_pay,62.0,5,10,0
34be71a3-850b-420f-a2f7-dca896061579,572.13,2,Automotive,mir_pay,35.0,3,10,0
34cc39ce-8a6d-49cb-a039-62435a805d60,472.71,1,Beauty,sbp,47.0,1,9,0
34ce3f33-404c-4a38-a6a3-c291c52c46e8,842.98,2,Photography,sbp,11.0,2,10,0
34db4ec3-417b-4b79-aade-5fe686b60ca5,30.78,1,Smartphones,bank_card,84.0,3,10,1
34e0f314-9f0b-426c-9580-9a326afe9c86,636.84,4,Toys,bank_card,4.0,22,10,0
34e83410-4dc4-4d3f-b385-80f8f3577481,119.38,1,Accessories,bank_card,111.0,3,9,2
34fb7f55-66bc-4a46-b9f8-4b02676a4566,89.39,1,Pet Supplies,bank_card,0.0,6,10,0
34fd1ccd-5bef-46fa-afd3-afb680d2ae28,147.65,1,Health,sbp,310.0,3,11,2
351df739-7643-446e-b67f-33a430cc02a1,17.57,1,Headphones,mir_pay,5.0,2,10,1
353f584f-b61f-4a5d-91b3-1a534c70ed65,40.49,1,Accessories,sber_pay,130.0,3,10,3
35478025-07b3-4038-884f-6043f8fc23e7,524.99,1,Music,sber_pay,45.0,5,10,1
354813a5-65c7-4787-987b-357cb85e7cd3,1120.86,3,Sports,yandex_pay,31.0,23,10,0
3555345a-6bce-467a-a9e6-5bad93c1c69f,386.66,1,Books,bank_card,93.0,4,10,1
35563624-90c6-44b2-beee-3a465645cc21,262.48,2,Smartphones,bank_card,21.0,7,10,0
35648ecc-01a1-4695-b1e7-697cf65eb59b,130.44,1,Software,bank_card,41.0,12,11,1
3571e184-3989-4f6e-84a3-98ea329f0c04,79.01,1,Automotive,sber_pay,23.0,3,10,0
3576997d-a2de-46f0-9960-17a3bd4a0aee,178.53,1,Travel,sbp,42.0,2,9,1
358dcf86-fc4a-4609-b285-1d75183f6c83,39.73,1,Smartphones,bank_card,79.0,11,10,1
35957e6e-865f-41b6-bb46-3c3c14ae5a57,319.84,4,Shoes,mir_pay,0.0,2,10,0
35978817-ae65-427e-8cbf-32635a9179d2,248.02,1,Food,mir_pay,43.0,12,10,0
35a7fb1d-6418-4f92-8182-d486474a78cb,205.38,1,Furniture,bank_card,46.0,8,10,1
35a8b131-7ee1-4b0e-989e-078887db7fb7,131.34,1,Shoes,sbp,143.0,4,10,3
35ac7b6d-54b6-46d6-949b-0638363637cb,15.82,1,Headphones,bank_card,199.0,2,9,2
35b829e2-a8d8-4488-b88f-a5dc62429d96,262.32,3,Food,bank_card,31.0,21,11,0
35c5f558-8ea3-47d9-927b-53ea1e2f0008,25.0,1,Headphones,bank_card,2.0,14,10,0
35d2aefa-e2fe-4797-a6da-dab0c285de80,180.17,1,Accessories,bank_card,116.0,2,10,2
35d88064-b740-4e2f-9a93-e58b14377abd,1480.57,1,Laptops,sber_pay,39.0,10,10,1
35da3ac5-8c7c-4851-846b-930b4407b193,139.84,1,Pet Supplies,bank_card,70.0,3,10,1
35e7e28b-7dcb-45da-8913-6afad1684440,666.44,2,Gaming,bank_card,8.0,9,11,0
35f7f01f-d5db-4780-a720-e7f46d2192d9,286.19,1,Gaming,bank_transfer,191.0,4,10,4
35f9ba0b-85b8-4f43-b930-67728ebde22e,9.85,1,Tablets,bank_card,128.0,6,10,0
36080aaa-caac-4544-9bcd-a28fe9d5a990,361.53,1,Sports,sbp,110.0,6,10,1
360c146c-a044-4f40-adaa-3939e2298e51,471.8,1,Food,bank_card,60.0,3,9,1
3619df56-5191-4e0f-adcf-2e4436700baa,165.6,2,Beverages,sbp,25.0,3,10,1
3630b6be-d6b4-42c7-8db3-48249e52505d,411.75,1,Automotive,sbp,179.0,4,10,2
363cdc4c-a3b2-4f9c-9784-6f85c707dc7a,290.67,1,Software,bank_card,30.0,17,10,0
363d8589-f708-427a-a8a0-a770dd8ab243,155.56,1,Tablets,bank_card,31.0,1,9,0
36429d8f-9c8c-4f15-9581-864f4d780988,151.99,1,Office,tinkoff_pay,22.0,3,10,0
3642c87f-8bed-400c-9a0a-44430af4a0b2,300.08,1,Accessories,sbp,7.0,13,11,0
364401c4-0bc1-418e-885c-04973acf2f8e,794.84,2,Automotive,sber_pay,112.0,3,10,1
3644b3ad-a679-466d-b721-0a82d4412353,187.25,1,Laptops,bank_transfer,86.0,11,10,1
3648476c-e81f-4f4d-8b2d-1b2d33c5bba3,170.53,1,Automotive,bank_card,66.0,15,10,2
36520bac-438d-4a07-9f88-e95c2fb2f014,8.74,1,Photography,tinkoff_pay,112.0,7,10,4
3654a164-0f02-4acb-9e6f-b3dc7f855c36,267.68,2,Electronics,mir_pay,55.0,6,10,0
365e6216-12bf-485e-af7c-b15d2a0703ed,83.57,1,Furniture,sbp,267.0,4,10,3
366491cf-84dd-4f1b-b9a2-205304d0e297,89.0,1,Kitchen,sbp,12.0,1,8,0
367c1749-d8f9-4c63-9ea7-6b6f15f2840b,36.48,1,Tablets,sbp,75.0,6,10,1
367e3b66-07f4-476a-90d0-f0e688337084,119.38,1,Accessories,sbp,151.0,2,10,2
36864f0f-21b9-427b-8baa-324b28e7ce34,594.02,2,Headphones,bank_card,14.0,5,9,0
3688c40e-a9ad-4065-a1b5-a89cea006807,159.46,3,Health,sbp,249.0,3,10,2
3694680c-475e-4d5f-90b8-5383a688a22a,713.09,1,Music,bank_transfer,166.0,3,10,2
36a160b0-eb64-4c3e-8517-9f994745add9,365.0,1,Jewelry,bank_card,89.0,6,11,0
36b490c2-14d6-47fb-90da-19998de73646,74.01,1,Software,mir_pay,48.0,9,10,0
36b794cd-ce22-4071-be92-78a003db0118,111.84,1,Beverages,bank_card,101.0,4,10,1
36bd29e3-f23d-4f0b-aa8c-b3fcf1be0347,1204.94,2,Books,mir_pay,1.0,13,10,0
36c0293e-fbaf-4eb2-9147-9985dd03f9dc,867.24,3,Jewelry,bank_card,126.0,7,10,0
36c66224-3d08-495f-ad26-1cd87cc57a96,120.1,1,Headphones,bank_card,232.0,3,10,5
36ce8981-3844-41de-bf4a-4b168f9b702b,17.37,1,Jewelry,mir_pay,41.0,23,10,0
36d14dca-e18f-4c3e-8fb4-bd3404cf8ab9,99.43,1,Software,bank_card,162.0,5,10,1
36d90eed-e866-422f-aa4a-5acb289176dd,64.54,1,Automotive,bank_card,229.0,4,10,1
36ff5328-3150-4d2e-908e-7b626392658a,741.49,1,Software,bank_transfer,33.0,16,11,0
3700bdbd-6823-4dcc-a96b-2a491a7ed5b3,61.05,1,Software,sbp,315.0,2,10,1
370c78ab-ab7b-42a6-ab07-2755b472356c,134.43,1,Furniture,sbp,8.0,1,7,0
3710f7e8-20d8-4092-869b-aed1b31b16fb,251.2,1,Shoes,sber_pay,58.0,16,10,1
3717e45e-dd4a-44e7-b3b4-b557490c43d1,724.3,1,Home,tinkoff_pay,36.0,15,11,0
371c5f1b-d099-4e38-9427-ea317468645e,53.0,2,Shoes,sber_pay,340.0,4,10,2
371cfb84-030f-464a-82a0-d90a535ce812,63.68,1,Shoes,bank_card,165.0,5,10,3
3725700a-9bce-4b69-b8bf-6ac9bd4c1f42,36.23,1,Toys,bank_card,218.0,2,10,3
37349c10-d087-48f0-b683-9e1b348f14b5,86.6,1,Food,bank_card,104.0,3,10,3
3738167b-551d-48c7-9f94-a360e8b422a6,319.75,2,Gaming,sber_pay,143.0,4,10,4
373de721-f24f-4c43-9466-455ba5642ec4,80.1,1,Kitchen,bank_card,168.0,5,10,3
373e4ac5-43d8-4bcf-aa61-319db6ce6c20,59.36,1,Headphones,bank_card,3.0,3,10,0
3742032a-a9a9-4a2f-b62d-c34ce95c0c9d,167.98,1,Music,sbp,170.0,3,10,0
3756204d-7c2d-4b17-9493-da0c0bb0eceb,58.94,2,Music,sbp,47.0,2,10,0
3758ea1b-f23a-44da-89f2-a472a72e6b31,159.16,1,Music,sbp,21.0,10,10,0
3760b1a9-c417-4af7-89ae-a00630d90d83,56.06,1,Furniture,mir_pay,53.0,5,10,0
3761c7a4-1a67-42b6-afb8-badc9445d215,309.33,3,Automotive,sber_pay,27.0,9,11,0
376b0e71-ea53-4886-91e7-6728453b788f,251.03,1,Music,bank_card,31.0,13,11,0
37718b76-48df-4da7-99c2-39c795548c64,60.89,1,Sports,tinkoff_pay,70.0,7,10,1
3775e63b-7f24-4552-a6b4-6a61ebf5e4a2,57.96,2,Electronics,bank_card,7.0,5,11,0
3784d2a0-2250-4a8a-94a3-934e56f9fb2b,36.56,1,Shoes,bank_transfer,10.0,14,10,0
37850088-707e-472c-b877-7589e498b54e,1335.88,2,Kitchen,sbp,161.0,2,10,3
37a97bae-745a-4574-b138-daa6e48c80c8,637.66,1,Jewelry,sber_pay,59.0,3,10,2
37b22817-2c07-4a1f-b576-acee8f6b584b,451.4,1,Home,mir_pay,214.0,2,10,3
37b56c4d-5fc3-490a-975b-c9c661f9050d,2319.11,1,Accessories,bank_card,65.0,3,10,1
37b8f5a8-cc81-4738-8ec3-c86bec3efd03,137.77,1,Music,bank_card,124.0,5,10,1
37c8e31c-e25b-4297-abf7-e6b67a065ef4,123.33,2,Food,bank_card,2.0,2,11,0
37c96b64-37dd-47eb-bcff-2db3e7bcc101,166.17,3,Office,bank_card,71.0,2,10,2
37cd0cf7-b47c-4b73-8f43-0e963a2751c5,1335.88,2,Kitchen,bank_card,68.0,7,10,1
37cd4e41-8c1d-42ac-9ed2-e587525a3940,191.49,1,Home,sber_pay,143.0,1,8,1
37d9b87b-688e-4c06-acb4-1a066ccd9737,174.73,1,Tablets,bank_card,78.0,5,10,0
37ed442b-d0f3-4492-8503-400dc3a82206,209.33,2,Home,sber_pay,53.0,8,10,1
37f76f20-f884-4aca-8daf-079fe5022e59,151.06,1,Clothing,bank_card,42.0,14,10,0
3804c5a2-924d-4ae1-8041-a1f8e07dac01,40.89,1,Music,bank_card,7.0,5,10,0
3809d22a-9b5a-4f93-bd16-b58c7cc173c2,81.85,1,Travel,bank_card,117.0,3,10,0
3823d37a-0a90-491a-8001-c1392bbeb5d5,1962.7,2,Toys,bank_card,6.0,8,10,0
38382e04-d0d8-4167-94c8-992d250f0427,23.21,1,Smartphones,bank_card,63.0,2,10,0
383c3dc6-1b75-4330-b92d-22719cd45fff,1531.26,2,Headphones,bank_card,35.0,12,11,1
3845e28d-a549-4850-9bec-54c4e1e9adf9,194.08,2,Headphones,bank_card,2.0,8,10,0
3854c9dc-8e6d-48f3-8cc2-711bde98cb20,53.63,1,Toys,mir_pay,39.0,19,10,0
386274df-7479-4c1e-a7f0-bc3e3280e81e,28.98,1,Photography,sbp,152.0,2,9,0
38731850-41e2-45c9-8469-b07f87a640e5,600.16,2,Accessories,bank_card,44.0,11,10,0
38792a8d-9700-4399-8396-a7926860d3c1,918.01,1,Headphones,sbp,91.0,4,10,0
389ad1d1-1ff2-4032-9424-c64681e32760,32.83,1,Tablets,sber_pay,57.0,4,10,0
389fe358-cd0e-43e5-bd8f-4d40a4cc17c0,65.42,1,Beauty,sbp,26.0,2,10,0
38a6529e-798f-4b1e-81fc-4e68ac852b1a,223.36,1,Beverages,bank_card,151.0,3,10,3
38a9c302-9a29-4140-af3c-95137354aa5a,53.84,1,Toys,bank_card,251.0,3,10,4
38ac35b2-b79c-42ae-812d-a39bac69d3b3,561.62,2,Furniture,sber_pay,308.0,1,7,1
38b7008e-8174-4045-81a4-bbf7bbf32681,178.26,2,Furniture,bank_card,134.0,2,10,3
38c8e1db-1da8-41df-adbf-54cad2fe0299,152.74,1,Home,sbp,32.0,16,10,0
38d1e564-cc6c-4895-b7cd-f1a0ebafb96f,28.63,1,Office,sbp,49.0,4,10,1
38d5860e-00cb-4287-9542-c58a50e3bf61,37.4,1,Books,mir_pay,265.0,3,10,4
38e1ae59-1bdf-4e3f-a0ba-27920819481b,164.86,1,Garden,yandex_pay,15.0,8,10,0
38e86c0d-9fa5-4de5-80d7-87babce5a646,575.04,2,Office,sber_pay,33.0,2,10,1
38ea1279-43df-46a2-9cfa-e1659d3f797b,178.53,1,Travel,bank_card,41.0,12,10,1
38fe2df9-d36f-46bc-966f-ecac78bcbd1d,34.82,1,Gaming,cash_on_delivery,266.0,3,10,2
38fe411a-26f0-484c-855f-1e67809556f4,59.74,1,Beverages,bank_card,169.0,2,10,3
39026ae1-4ae7-4fbb-8df7-f6c70a68a940,43.34,1,Toys,bank_card,95.0,9,10,1
39077521-bc42-40a9-af44-8be24b98cc36,320.66,2,Clothing,bank_card,180.0,3,10,3
390bfe68-fca3-426a-9fe7-7f579e3e2e89,16.77,1,Food,bank_transfer,150.0,2,9,4
390f25d1-e004-4a07-ae03-9e9456714311,442.49,1,Garden,bank_card,5.0,1,7,0
3910f515-12de-4c83-916b-28f364f7a637,189.38,2,Tablets,bank_card,196.0,7,10,2
39224823-fecf-45e8-9664-379d9e81e8f4,248.04,1,Accessories,bank_transfer,110.0,10,10,4
392c6d43-2728-4a1c-a0b6-07c743af7573,186.27,1,Accessories,sbp,20.0,14,11,0
393b1059-d6c6-4817-b935-5a3117aa571d,106.93,1,Automotive,bank_card,122.0,6,11,0
393d9c1b-b040-4355-8b5d-bea723e8872e,73.7,1,Home,bank_card,28.0,5,10,0
393dee1d-e904-414c-9b6c-36c844f11dea,157.45,1,Jewelry,sber_pay,60.0,3,10,1
395b0277-8ef0-44ae-b350-947eb9133eb0,86.22,1,Toys,bank_card,33.0,8,10,0
3968297b-a264-4a64-8838-4f0ab36a5063,49.28,1,Automotive,bank_card,4.0,2,9,0
396e0ce6-868f-467b-bffa-6b4f072e78e8,24.59,1,Beverages,sber_pay,47.0,1,9,0
39709ae8-a89d-4085-b382-80e1a901dc51,244.11,1,Pet Supplies,sbp,227.0,5,10,2
39759f66-3c2d-4594-b5ff-a95714a2fd94,48.08,2,Shoes,bank_card,1.0,7,10,0
397b0bc7-7e2b-4848-8d5e-3c758bdcc446,467.77,3,Electronics,bank_card,199.0,3,10,4
397b879b-db2b-4837-bf81-4178e2796159,59.71,1,Food,bank_transfer,89.0,5,10,2
397e5ed7-2e92-4412-b9f6-82a127537057,355.03,1,Laptops,tinkoff_pay,39.0,9,10,1
39a8c0f1-9e25-4367-9f88-16b1962024b4,176.54,1,Other,bank_transfer,34.0,2,9,0
39c65868-d91d-4335-85e2-9ddcd151cc7e,1480.57,1,Laptops,sber_pay,39.0,2,10,0
39cc4455-4280-428d-9cd0-6e5eba7360a7,238.67,1,Books,yandex_pay,130.0,3,10,2
39cdd32c-b726-4b7c-95bc-0831b9ddd40b,139.61,1,Shoes,bank_transfer,32.0,3,10,0
39df5320-1d06-4110-92b9-493c9d648d81,177.8,2,Tablets,bank_card,28.0,7,10,0
39e2b75b-e2b2-4e30-b518-d947535dd407,399.71,1,Shoes,bank_card,1.0,8,10,0
39f46f3b-8adf-4e87-89e1-31163b15bd7f,122.19,1,Home,sbp,259.0,2,10,5
39fa687c-78bb-44bf-91a3-66a6eb33a211,25.5,1,Beverages,bank_card,4.0,1,8,2
3a099140-9227-4389-8614-a15d1d0532e6,108.96,1,Kitchen,bank_card,30.0,2,10,0
3a0c228e-82d7-4c90-8e80-f46d9d83366c,110.5,2,Headphones,sbp,21.0,12,10,0
3a0f0c8a-c7b5-4744-b850-d7759de153e9,67.55,1,Health,bank_transfer,0.0,4,10,0
3a112b25-24a3-48e0-9864-6ca35fa610ce,1093.53,3,Photography,bank_card,52.0,14,10,1
3a15d719-94c7-4532-8cfd-7fa413b8754a,16.81,1,Outdoor,tinkoff_pay,117.0,1,9,1
3a23eaf5-935f-45a7-aeb1-41ae6dc9d314,2897.33,2,Accessories,sbp,104.0,2,10,3
3a32978a-4a5b-4ae3-a3a2-16212891082e,361.58,3,Photography,sbp,284.0,3,10,3
3a371c19-ec83-4674-8a5b-d3bf2825ed6f,154.51,1,Gaming,bank_card,12.0,19,10,0
3a3baeaf-3e6c-4508-98ca-6c178900f9c3,231.95,1,Pet Supplies,bank_card,209.0,2,9,2
3a524176-3101-492d-9b88-b728de379b86,443.72,3,Tablets,bank_transfer,211.0,2,9,1
3a54eca3-04d5-4789-bedf-e1aa0e5e9bc9,76.58,3,Beverages,yandex_pay,22.0,3,10,0
3a59d1ca-cb14-4a3f-bbca-a91b300b4014,189.13,1,Gaming,yandex_pay,43.0,8,10,0
3a619e27-92df-457c-b2a8-f9fd38b10037,60.52,1,Food,sber_pay,59.0,4,9,0
3a6726c8-6bb7-42c6-a057-b7d3bd2f3a5a,373.57,1,Music,bank_card,52.0,7,10,1
3a6a0eb8-b7d1-42f5-b263-c80054dd30d2,197.14,1,Beauty,bank_card,227.0,4,10,3
3a764df0-3798-47b7-832f-bd1044dcb624,202.08,1,Outdoor,sbp,185.0,5,10,4
3a7b5d77-f4ef-497f-8bc7-654a37646cad,267.14,2,Sports,sber_pay,65.0,19,10,2
3a7c42fe-1fa8-475f-9cc4-0c120b3f5221,284.64,2,Health,sbp,161.0,3,10,2
3a80c664-f27f-49e5-9102-dcbe1d5f4584,108.03,3,Furniture,bank_card,73.0,4,10,0
3a842732-6517-46f8-94aa-522ef03d85c7,555.52,2,Sports,sbp,60.0,1,7,1
3a9e71d3-a95d-48d1-b8b0-2a2edc1de46f,462.78,3,Furniture,bank_card,4.0,2,10,0
3aa139fd-eef0-44c3-b983-9e847d0f2b68,98.19,1,Shoes,sber_pay,69.0,3,10,0
3aa3cead-57bb-4466-82b0-3a39070a1cd5,130.83,1,Home,bank_card,46.0,6,10,1
3aa59631-40cd-4b1a-9020-904676e2d2a9,160.35,1,Jewelry,bank_card,226.0,4,10,4
3aaa2495-4dba-499d-af86-6159fde701db,77.53,1,Furniture,bank_card,98.0,13,11,1
3aab9ccf-4d4b-4f67-a374-c7cfa9925091,100.01,1,Smartphones,mir_pay,197.0,4,10,4
3ac2172a-0406-463f-92f2-1b4a8e1d4257,273.42,2,Beverages,tinkoff_pay,194.0,4,10,2
3ac37437-2cc0-4a96-aa91-298b59e02e4f,349.41,2,Jewelry,mir_pay,40.0,1,8,0
3adde724-797b-4c0c-8bdf-1332f21ea493,140.31,1,Photography,bank_card,46.0,12,10,2
3ae1c183-3048-4051-9bf2-8852898a8bd7,86.83,2,Headphones,bank_card,31.0,23,10,0
3ae3c75a-31d0-411f-8473-054bd0a07e75,529.63,1,Software,cash_on_delivery,213.0,2,10,5
3ae6c4f2-3743-4471-8649-8256b64fa187,715.44,3,Music,bank_card,4.0,1,9,0
3aeb6cf4-c559-41f4-9df3-151bd13c922e,143.61,1,Outdoor,bank_card,174.0,2,10,1
3aef147b-863b-4e29-b8d0-026127f8ef85,851.57,1,Home,sber_pay,114.0,4,10,0
3aef8380-e3a0-44c5-bba9-e222beef2bf3,52.95,3,Food,bank_card,262.0,8,11,1
3af365e2-7ac3-4913-8acd-d40780eb6562,216.11,3,Garden,sbp,16.0,1,8,0
3afc1348-71d1-4705-b54b-3fb5bb654f02,486.9,2,Photography,bank_card,127.0,4,10,1
3b001b00-47c2-4591-ad02-11ccad7ebf7e,289.08,1,Jewelry,bank_card,109.0,7,10,1
3b04a092-e723-4272-ad25-0560010ad0df,199.06,1,Beverages,bank_card,39.0,2,10,0
3b09ebeb-d16d-4f57-9e27-c4287d59d43b,865.17,3,Software,sbp,191.0,7,10,1
3b12ff06-185f-4288-bdad-c82c6d2bc7e5,131.32,1,Kitchen,bank_card,46.0,12,10,0
3b3436bd-ce66-4155-b2d9-9cbb8f066339,174.58,2,Software,cash_on_delivery,106.0,3,10,3
3b42b5ef-a683-48db-b59a-1ad572a0a802,601.8,4,Smartphones,bank_card,149.0,3,10,4
3b59118d-aab9-48a8-b9e5-14d2943d12ce,38.48,1,Shoes,tinkoff_pay,16.0,5,10,0
3b620f99-23bb-49e5-8bc4-ccb9219f87c6,121.85,1,Health,sbp,0.0,11,11,0
3b73e7c5-6809-4004-b677-ff0467d34221,301.06,1,Kitchen,sber_pay,0.0,1,9,0
3b81ff10-a837-427e-8fa0-9c85bbe30ecb,40.92,1,Photography,bank_card,5.0,1,8,0
3b879f42-1751-4b85-ac70-bed1176bd7c4,329.16,3,Tablets,bank_card,2.0,2,10,0
3b88346a-84cf-4874-a129-7df3043a4f5d,115.78,1,Music,yandex_pay,23.0,12,10,0
3b8f270e-82d4-4802-81b3-31ea5fa2c8b6,638.08,2,Music,bank_card,119.0,6,10,4
3b90253a-ce40-49ac-bce0-9dbe82fcb665,382.12,4,Travel,bank_card,206.0,3,10,1
3b941135-873c-4e79-9ffc-9a691aedc1b8,500.56,1,Other,sbp,3.0,1,7,0
3baa2803-eb72-4b97-81c9-b0303e54cd9f,111.38,2,Pet Supplies,sbp,37.0,2,9,0
3bacd681-b849-49a2-8e7e-a76a1f93b4a6,597.76,3,Furniture,bank_card,103.0,3,10,2
3bbf64c0-3ce5-4ae6-92dd-1992cbff0146,399.7,2,Toys,bank_card,65.0,10,10,1
3bc2ab75-e1de-4538-beb6-b0c10f7701c3,1120.71,3,Music,cash_on_delivery,32.0,16,10,0
3bca9fd8-e0f7-4bf6-b30e-e36fe7a633f6,20.1,1,Gaming,bank_card,40.0,5,10,1
3bcdcc85-ad79-4154-b2b4-2e276b20decb,218.81,1,Office,yandex_pay,65.0,6,10,2
3be05e45-bf01-4abc-87f1-8fa8972eec9e,98.84,2,Shoes,cash_on_delivery,70.0,2,9,1
3be1c9f3-5b5e-4ad9-b12e-8e35aab38534,188.64,3,Software,bank_card,184.0,4,10,2
3be5df2d-4b7b-4eff-abf1-dffbd83c62d4,47.44,3,Headphones,bank_card,66.0,13,10,1
3bf152c1-f691-4235-a231-5c6534b18549,165.61,1,Electronics,bank_card,113.0,5,10,0
3bf49b5e-76f6-4a92-92db-847ca1f98569,62.66,2,Electronics,bank_card,87.0,6,10,0
3bf52366-f2c4-4d6b-9ea6-772ca8f2f4a1,112.5,1,Home,tinkoff_pay,8.0,13,10,0
3bf80bc2-bc7c-49e5-83a0-dffba8151509,37.43,1,Music,bank_card,8.0,15,10,0
3c08d86a-e408-41f6-94a1-618b07f3e8b1,637.66,1,Jewelry,yandex_pay,202.0,3,10,3
3c09b98a-6ac4-4619-baea-b99695de057a,172.79,2,Travel,cash_on_delivery,140.0,7,11,6
3c0adcd1-5c06-40af-9b54-2db2db1057ea,105.95,1,Jewelry,sbp,33.0,12,10,0
3c1d5a7d-0e04-4773-aa52-61d5549dcaee,745.3,2,Beauty,bank_card,103.0,4,9,0
3c3376c1-4838-4ea5-a5fe-e4995f547bfd,549.53,1,Books,bank_card,69.0,5,11,1
3c37b947-0635-4ce8-b361-0a8d2df0260d,98.95,1,Beverages,cash_on_delivery,56.0,4,10,0
3c4139a9-2d85-4053-ba2c-8c6dfda6e1c1,490.02,1,Music,bank_card,4.0,3,10,0
3c468b35-f26f-4ba6-a267-871270818601,28.77,1,Kitchen,bank_card,297.0,2,10,4
3c4f6fb1-97bc-412b-b1e9-3c47b2d4f128,355.03,1,Laptops,bank_card,6.0,11,10,0
3c54aa44-3df3-4db4-9a14-74cbda3f56ea,15.95,1,Accessories,bank_card,68.0,9,10,1
3c63000a-5fa9-467c-896c-41ebed141463,544.34,1,Pet Supplies,sber_pay,271.0,5,10,4
3c6f9a55-21f5-4adc-af69-07fb93104fb6,328.84,2,Other,sbp,93.0,9,10,0
3c7e468e-8fee-4295-8ab1-794fc17a8e0d,360.0,3,Home,sbp,75.0,2,10,1
3c825818-5e0c-4911-b929-53abec32008c,35.43,1,Smartphones,sbp,253.0,1,8,6
3c83fe58-5a85-49e9-b99e-d78c9c7ed63c,453.06,2,Laptops,sbp,12.0,1,8,0
3c86419c-0cc6-4ff7-8b1f-764f35c9db67,11.39,1,Tablets,bank_card,264.0,8,10,2
3c8645e1-844d-4817-9eb5-eacd5dc64acf,97.51,1,Books,sbp,112.0,7,10,2
3c8b8819-de32-4a96-a763-2f4f1ab12bba,38.46,1,Garden,cash_on_delivery,316.0,2,10,0
3c8de1a2-1bcb-4ca9-861c-eb2f9bffa885,452.16,4,Toys,bank_card,20.0,12,10,1
3c90a739-01c2-45f3-b4b5-084f74458ece,168.42,1,Jewelry,bank_transfer,23.0,13,10,0
3c93bfdf-e985-436d-bf91-3f92f8c670ac,10.8,2,Office,bank_card,87.0,9,10,0
3c99f933-4220-44af-a932-ff83a9bcd1ff,232.75,1,Jewelry,bank_card,50.0,2,10,2
3caf7cd9-1c4e-43b0-8064-7b87cc8929be,43.58,1,Shoes,bank_card,19.0,2,10,0
3cbd72cd-ddf6-4616-96f5-f4c4cb283d0f,41.09,1,Travel,bank_card,58.0,5,10,0
3cc093ad-70cc-424f-9f83-6a9eed281268,39.2,1,Clothing,sber_pay,26.0,4,10,1
3cd0eb6f-a454-42cc-83b5-1902d68dff5c,34.79,1,Electronics,bank_card,66.0,7,10,1
3cd110fc-c8ee-4cab-abc5-1d4ebf5b5794,112.5,1,Home,sbp,67.0,7,10,2
3cd208df-5ccb-47ed-9b66-a5f3ececd526,125.61,1,Outdoor,bank_card,183.0,3,10,2
3cd480f8-4b82-4438-8137-c87aad82007d,15.94,1,Beauty,bank_card,33.0,4,10,0
3ce78d33-a9d8-4643-bb38-14f233280045,45.48,1,Health,bank_card,0.0,1,9,0
3cec79e6-778a-4a56-872f-72ca799bc5dc,40.94,1,Outdoor,bank_transfer,158.0,3,10,1
3ceda67f-f8c7-4668-ba11-21b0274d8a92,640.22,2,Accessories,mir_pay,4.0,2,9,0
3cf3c4d7-698c-4bc4-b73b-3da8ad378cc4,216.45,1,Garden,sber_pay,300.0,3,10,3
3cf995fb-f150-466b-8cf9-e21a551e50ec,156.96,3,Other,bank_card,81.0,4,10,2
3d0bdae3-d283-4af8-858c-fb986500fe8f,36.65,1,Automotive,cash_on_delivery,15.0,9,10,1
3d151448-d126-4a3e-91b1-7bf6effb8e46,35.81,1,Accessories,bank_card,10.0,3,10,0
3d173e84-ccf0-4d4f-8bed-367874fb088e,278.32,1,Travel,sber_pay,95.0,2,9,1
3d1784bc-0c0b-40aa-8813-7ae3eb0ce127,55.31,1,Laptops,bank_transfer,125.0,3,9,0
3d226475-dccc-4912-bbf1-3e22c6abed66,255.1,1,Toys,bank_card,15.0,1,8,0
3d226dc0-7795-4c93-9e8d-08a39f3395e8,8.38,1,Travel,cash_on_delivery,12.0,12,10,0
3d22dd24-237c-49e7-979a-50c68a9fb396,178.44,1,Smartphones,bank_card,1.0,1,7,0
3d3b026c-f5f2-4332-8477-a377e0697f01,343.66,1,Tablets,bank_card,83.0,5,10,0
3d3ff464-fd4a-473b-a80b-932ecd484262,383.74,2,Books,sber_pay,5.0,21,10,1
3d5484a0-5e11-49f6-b899-066e1dd06638,54.15,1,Automotive,bank_card,43.0,1,8,0
3d5ab4fd-05b5-4844-894d-3655a0445903,205.3,2,Headphones,bank_card,298.0,4,10,2
3d6272e3-da80-42c3-a336-866c72a9a9bb,177.81,1,Outdoor,sbp,123.0,2,9,0
3d6e6cff-b898-4c57-aee8-8829fd1d7e7f,30.03,1,Tablets,bank_card,224.0,2,10,1
3d8b9986-ab57-4cdf-88db-9560aac998d5,45.48,1,Health,bank_card,48.0,1,8,0
3d8f80a6-2033-4500-a285-bd5e659676e5,68.56,2,Other,yandex_pay,74.0,9,10,1
3d9720fc-3503-4774-a341-3d162d530e8e,410.12,1,Jewelry,cash_on_delivery,141.0,4,10,1
3d9ba5d1-ad1e-4922-b22c-e38b4a341fc4,167.38,1,Food,bank_card,84.0,4,9,0
3d9c629f-c60b-4865-a76e-2616500d7365,342.12,3,Automotive,bank_card,19.0,26,10,1
3da81a43-4e95-48fa-b5df-892ee036ba92,203.48,2,Sports,sber_pay,153.0,3,10,1
3daf693d-817a-4eeb-b463-98d5d9f077d5,34.04,1,Food,bank_card,146.0,2,10,0
3db00944-8591-4617-80ca-f92d8111eb50,441.22,2,Furniture,mir_pay,143.0,5,10,3
3db31256-1133-41c8-b82a-98f6a5c9a1c6,303.08,1,Other,sbp,90.0,4,10,1
3db39a7a-8d40-4b56-b9d9-691d2dc80dbf,1086.25,2,Shoes,sber_pay,107.0,7,10,3
3db8ed9f-2b1d-42f9-9a8a-01ef84adb099,235.72,1,Software,bank_card,4.0,4,10,0
3dc14dde-b1fa-494b-b44f-8a1c7b4fbe71,258.82,2,Food,cash_on_delivery,32.0,8,10,0
3dcaec97-1dec-4826-a528-e2e4de52ed0c,35.8,3,Garden,bank_card,272.0,2,10,1
3dcfe437-0900-4e4d-ac97-c40e7bbda1e2,86.18,1,Headphones,bank_card,0.0,5,10,0
3dd2eb9c-e1be-4c2f-b500-e842b00e3613,286.19,1,Gaming,bank_card,256.0,5,10,1
3dd6ada5-c585-4179-a3f2-27e29a1a5ff6,439.32,1,Electronics,sbp,108.0,4,10,1
3dd8a037-93e8-44f3-b6ca-ebf78b9ef56c,946.59,1,Pet Supplies,bank_card,91.0,7,10,3
3ddb5549-2ab9-441a-8b65-ec3253d4c327,98.48,1,Toys,sber_pay,237.0,4,10,1
3de04ce5-cb16-4b88-a490-87f5f021cf99,120.49,1,Smartphones,bank_transfer,304.0,2,10,3
3de60b6b-2cc7-4c93-8e1f-c2b10595019b,525.21,3,Travel,bank_card,86.0,4,11,2
3dea9403-09bd-4d8e-bab6-3f7fe9629dbc,892.8,3,Smartphones,bank_card,192.0,2,10,1
3deb2439-588c-451b-88aa-0bf0e48e99ca,502.24,2,Books,bank_transfer,97.0,3,9,0
3df86081-48f2-4368-aaa6-3a0d352e01d6,104.23,1,Tablets,cash_on_delivery,33.0,4,10,1
3dfbf254-480d-4465-8027-8b640370faa6,550.74,3,Software,yandex_pay,37.0,6,10,0
3dfe8c2b-2aae-4736-9c6d-28683e89232d,1136.43,1,Beverages,bank_card,259.0,2,10,5
3e0ae448-d9dc-440c-a868-7970c6467e5e,39.14,2,Food,sbp,40.0,10,10,1
3e0fcdef-d53f-48f8-83d3-543bce22e514,98.19,1,Shoes,mir_pay,113.0,10,10,4
3e12c325-2b5c-4ad2-9502-ed9d1f519af7,165.61,1,Electronics,bank_card,72.0,3,10,0
3e30de2e-dc19-4e0e-a372-80f5245b6d1d,27.6,1,Other,bank_card,10.0,1,9,0
3e3a3202-efa7-49ce-9b07-5dfca0ddeb92,22.71,1,Smartphones,bank_card,159.0,1,9,3
3e44b826-98cb-4abd-b210-ec17f573d2b1,756.01,1,Garden,sber_pay,121.0,4,10,1
3e4beae8-e47e-4aa5-8e71-8aa2435f7e56,130.21,2,Jewelry,bank_card,25.0,8,10,0
3e58ce8f-83af-4635-b0b5-997a0c3154d4,701.72,1,Shoes,bank_card,75.0,6,10,0
3e5ece25-a523-473f-b047-1b4e4504f5d8,40.61,2,Software,bank_card,47.0,14,10,0
3e6138a6-b98d-4cb9-8771-b0f3a87e3fd1,7.92,1,Toys,sbp,15.0,2,10,1
3e65375f-f8bf-4c7e-9eb3-ffaedc2658dc,127.2,1,Outdoor,bank_card,9.0,25,11,0
3e6addbe-1919-46a6-8199-ea7bdd0898fd,220.61,1,Furniture,sbp,5.0,1,9,0
3e807026-bf1c-47b9-aa87-debd554fc54a,667.94,1,Kitchen,sbp,80.0,4,10,1
3ea1fbf1-efd4-499d-b353-b73aef3b38ec,216.98,1,Jewelry,tinkoff_pay,0.0,9,10,0
3eaeed04-65d1-4385-92c5-cd8e29a9d01a,52.13,1,Tablets,bank_card,3.0,4,10,0
3eb2fbc8-7663-434c-a92b-433f00945259,219.49,1,Laptops,sber_pay,48.0,6,10,0
3eb87cbb-bbbd-4084-a749-53fd4d76dee5,153.92,1,Tablets,sbp,0.0,2,10,0
3eb8ccac-6884-401f-9706-2c6770538072,53.17,1,Pet Supplies,sbp,24.0,9,10,0
3ed53030-1e64-4727-a0f2-35ef542b3ad5,441.38,1,Garden,sbp,28.0,23,10,0
3ee1bd71-0cb8-4041-b422-c83eafd4a941,103.31,1,Toys,tinkoff_pay,59.0,13,10,0
3ee33510-3415-441b-8157-4e0292c95bd7,845.06,1,Sports,sbp,239.0,4,10,2
3ef0bf6c-a7a6-41d8-9922-0d87e3a70339,68.81,1,Shoes,bank_card,209.0,5,11,2
3efdf485-b0b2-496f-966e-4da12eda5afe,244.32,1,Accessories,tinkoff_pay,149.0,1,7,2
3f0e0667-9435-409d-ba9a-20ed4e964c82,44.62,1,Laptops,cash_on_delivery,4.0,9,10,0
3f0f5346-b7e9-48e0-a3fe-01a245543bc7,1126.44,1,Health,bank_card,40.0,12,11,0
3f16676d-4a26-419b-a2a5-fc9968ca8931,109.22,1,Pet Supplies,mir_pay,34.0,18,10,0
3f171989-1cdc-41c5-a7e9-a9c10108b2a9,131.13,1,Accessories,bank_card,2.0,7,10,0
3f1caa67-1e9e-43e4-9e73-843450544014,497.86,1,Books,bank_card,98.0,4,10,1
3f246982-d1cd-4519-8979-2181a71bef9c,177.12,1,Automotive,bank_card,137.0,7,10,3
3f320b44-ca3b-4050-9bc4-2ac6f07299b6,734.69,4,Furniture,bank_card,173.0,2,10,3
3f3257a7-ba7c-4b03-9f6c-65bdbe206fd5,68.8,2,Smartphones,bank_card,10.0,1,6,0
3f47ee03-f28e-491f-bd79-b4064220c659,339.24,3,Photography,bank_card,88.0,5,10,1
3f4a45f7-6315-4b04-a5ac-c094d8458b30,258.68,2,Health,bank_card,184.0,3,11,3
3f51df8f-e4f7-43b2-8da8-4d4da387809b,87.12,1,Beverages,bank_card,303.0,2,10,3
3f520f81-16b0-4756-8500-2347f59161bc,666.39,3,Sports,bank_card,13.0,7,11,0
3f558d99-2079-4172-8789-837c7699fe71,225.04,1,Headphones,bank_transfer,12.0,3,10,0
3f6973ba-c637-49e0-b8d3-1d6b1f7efbff,78.79,1,Office,tinkoff_pay,47.0,3,10,0
3f7a9e7d-3520-46a9-8989-1ac04f07128b,2383.83,3,Electronics,bank_card,171.0,4,10,2
3f89a46a-6515-4468-a9fa-a45acab5b85d,8.38,1,Travel,sbp,8.0,17,10,0
3f911180-ab81-47f5-af7e-3b67d853b5a8,146.86,1,Software,bank_card,110.0,6,11,1
3f97293b-79c0-463d-b054-410386f462d5,392.02,3,Accessories,sbp,97.0,8,10,2
3f9f0a31-f7fd-4879-8e1b-a5a07b706e5a,51.13,1,Kitchen,sbp,92.0,6,10,2
3fb6d0da-0097-4d63-b802-f8f9fc46c489,536.91,1,Toys,cash_on_delivery,134.0,3,10,3
3fb91d56-67a0-4807-9e5a-70094748de00,946.59,1,Pet Supplies,sbp,2.0,2,9,0
3fbc365f-d1c6-4984-9a31-d7eeb569fbd9,266.27,1,Office,sbp,61.0,4,10,2
3fd14c3e-67fa-416c-b9ed-d0a98992bfc5,351.47,1,Smartphones,mir_pay,232.0,1,8,1
3fd1bce0-d196-40e5-a08f-b8a24dd7e8a9,109.1,2,Jewelry,bank_card,19.0,5,10,0
3fd3accd-fbe8-442e-998c-578f465cba77,490.47,3,Electronics,bank_card,52.0,5,10,1
3fd47540-b86b-4dcf-b33d-58dcabc1e6db,203.91,3,Pet Supplies,bank_card,42.0,1,7,1
3fd4b906-67be-49d6-a0d1-31e8effa2028,306.6,2,Shoes,cash_on_delivery,167.0,1,7,3
3fd54992-6ae7-4b04-ab87-662fbaa85dd6,37.04,1,Outdoor,sber_pay,28.0,22,10,0
3fdb1980-d0f1-4ab8-9ea4-4c9aa76b537f,442.49,1,Garden,bank_card,25.0,8,10,0
3fe064b6-9165-4556-a4b8-211198643929,122.04,2,Garden,yandex_pay,25.0,16,11,1
3ff10a57-b3be-455b-bfa7-390cdc517105,217.36,1,Health,cash_on_delivery,13.0,20,10,0
3ff88f77-0bd8-48b4-b77f-35c65cd4cf65,277.11,1,Electronics,mir_pay,100.0,2,9,0
3ffd4f99-3f62-4096-807e-5958c6364730,12.03,1,Tablets,sber_pay,205.0,2,10,3
400f86ee-3ca2-42eb-b2da-3e88d5077358,36.92,1,Beverages,sber_pay,1.0,2,10,0
401ec867-0a14-4700-8dd2-7e8067bd694d,726.05,2,Beverages,sber_pay,90.0,3,10,2
4023bd71-3fd2-47a4-8a63-6e6c4a7ef31a,32.33,1,Books,sber_pay,289.0,2,9,4
402adf8d-4515-43ab-9754-565192e70049,393.77,3,Smartphones,sber_pay,26.0,23,10,0
402cacea-491b-419c-81a3-ebc909364652,307.13,1,Headphones,bank_transfer,78.0,1,6,3
4038c562-6ac8-4106-9891-02fea19d4288,613.21,4,Shoes,mir_pay,20.0,19,11,0
403bee87-c130-4313-8d3d-1b9bc46d024f,116.27,1,Headphones,bank_card,103.0,3,10,2
403fc2ec-6b8e-45b5-a073-a8d6c188048f,62.55,1,Gaming,bank_card,212.0,3,10,3
405c48de-1bb6-409f-ab6c-857926771057,34.97,1,Automotive,bank_card,50.0,3,10,1
405fecd6-a057-4cd4-8b65-49188e9ea738,671.66,2,Music,bank_card,19.0,8,10,0
4065cdae-858c-49b7-bfe3-fa67d9eff0f0,141.97,1,Furniture,sber_pay,180.0,3,10,2
4071683b-0174-4a35-a1cc-aafdc315f5dc,736.61,2,Books,sbp,107.0,5,10,2
407668f3-8cc8-4d12-9559-8b06c72dba70,87.54,1,Office,mir_pay,171.0,3,10,3
40769e23-906b-4ae7-8922-c01b28b0c7f1,164.77,2,Smartphones,bank_card,282.0,2,9,0
40862f27-46ab-4153-8eb2-16fdc2337eae,442.36,1,Books,tinkoff_pay,0.0,9,11,0
409ef289-da65-4472-b8df-7b10556ecd93,364.44,4,Music,bank_transfer,32.0,9,11,0
40a21c5e-ef0f-4e20-809d-3614a25bd68d,153.55,1,Accessories,sber_pay,82.0,8,10,2
40a63ad8-999d-4aba-9440-b6bb6fc5d8d2,345.69,2,Headphones,bank_card,58.0,10,10,0
40b52276-71fa-40fe-b662-5e4d922187eb,651.34,1,Outdoor,sbp,143.0,3,10,1
40bc7ee9-0678-4348-a04a-bd139c26012a,280.81,1,Furniture,sber_pay,10.0,5,10,0
40c8d123-c6d0-4eb2-84f9-36658c22fc15,207.32,1,Tablets,bank_card,168.0,1,7,3
40cc9e19-6b97-4cc6-9bdc-3d0b3887b5ba,123.49,1,Office,sber_pay,12.0,1,9,0
40d8ff0b-d43d-42bb-bc0d-8cb92dd8bc8e,491.22,1,Jewelry,bank_card,74.0,1,7,0
40d9b06b-89b0-4d6d-99c9-1ba0f1e15a30,267.68,2,Electronics,sber_pay,204.0,1,7,0
40e75fa4-4418-42f3-9148-a2d3124fe0b4,15.77,1,Sports,tinkoff_pay,269.0,1,9,3
40ecd3fc-ef0d-47e5-ae1d-87f65bebf525,78.58,1,Other,bank_card,72.0,1,7,0
40edf619-d9de-48d9-8685-7176422d7198,105.3,1,Sports,sber_pay,9.0,13,10,0
40f13d80-c0cc-4fd4-b67e-1f522ff783ad,198.43,1,Toys,bank_card,12.0,3,10,1
40fbd950-db88-4c40-91e9-b37186c6ca89,17.37,1,Jewelry,bank_card,209.0,1,8,5
40fc2a9a-b38d-464b-a1aa-245d0fa7f851,245.48,1,Smartphones,sbp,67.0,3,10,2
4104bdf0-ee98-41c2-bcd3-7a7ec1bc5471,37.96,1,Office,bank_transfer,141.0,3,10,3
41070d8e-4aea-406c-a38c-2df1a68929c3,143.88,1,Outdoor,sbp,20.0,3,10,0
41094497-4566-425a-9066-766eb372a8d4,502.11,2,Photography,bank_card,140.0,4,10,2
411b2938-4a41-487b-b84f-38224bca24a7,137.69,1,Gaming,sber_pay,11.0,5,10,0
412ca74e-dadb-4b6f-918b-e4496a3999e8,157.45,1,Jewelry,mir_pay,15.0,13,10,0
413aa9e2-52de-4fcf-a9dd-4b0aff33ca15,154.22,2,Kitchen,bank_card,8.0,3,10,1
413f6c53-5601-4d8f-b3f0-7aeaadf6eecc,4.86,1,Office,bank_card,203.0,3,10,2
41519d24-f2ac-4cf4-8e10-5be40b8f48c2,461.16,2,Kitchen,bank_card,187.0,9,10,5
415e2088-8e10-4efe-9fe8-7c2601b24088,70.31,1,Software,sbp,299.0,4,10,2
4160aa3b-223c-4810-9451-ca7526b69e49,857.3,1,Automotive,mir_pay,7.0,5,10,0
4168b823-2225-4be5-abd3-c97cc50a86a9,250.12,1,Laptops,bank_card,16.0,3,10,0
4168de1a-566f-43f4-a349-580863dba389,245.2,1,Shoes,mir_pay,0.0,1,8,0
416ecc7f-3838-42e1-9a19-3a3b25e0f37c,433.1,1,Smartphones,bank_card,311.0,5,10,5
417f1f6f-fdb8-4694-b070-fb7e02fe5cb1,50.67,1,Sports,yandex_pay,247.0,2,9,2
4181b3fd-978e-4f9b-a3a6-4e58cdab8050,71.6,2,Tablets,mir_pay,157.0,3,10,0
418b8ff8-ae54-46dd-9141-381303217c15,198.8,1,Kitchen,sber_pay,82.0,6,10,1
418c4fe5-e32a-4f3f-bfbf-a45d4f2dc6db,823.35,4,Software,mir_pay,137.0,8,10,3
41984233-dcd4-4f45-83b5-4849b68ea648,10.24,1,Toys,bank_card,172.0,7,10,3
41987a52-d2c5-464c-9376-7807ec40a121,320.08,1,Furniture,sber_pay,0.0,1,8,0
41a15c27-8495-47d7-9c0d-d28de3e9c9e2,672.43,2,Music,bank_card,325.0,4,10,0
41b29ad2-8929-41fe-836e-8630bedfa8e2,109.25,1,Kitchen,mir_pay,12.0,2,10,0
41b376a1-d663-4b28-8564-428f7d81f02c,29.02,1,Photography,bank_card,152.0,2,8,2
41b9e7e4-68a3-4896-812d-edc35b1b7bb9,24.83,1,Health,bank_card,14.0,9,10,0
41c2dd0c-073f-4050-8712-ad82d79f97d1,132.28,2,Health,bank_card,155.0,1,8,1
41c544a5-e469-4be9-b390-c8b90cc6f209,59.08,1,Pet Supplies,tinkoff_pay,125.0,3,10,2
41c6005c-9805-46a4-b763-58f460aaba93,19.03,1,Health,bank_card,15.0,4,10,0
41d12d63-b681-45cf-ba77-a223a17ead02,219.9,2,Music,mir_pay,150.0,2,10,1
41dc54ac-8b11-40d5-98e9-3b6c23e95bbd,119.94,1,Travel,sbp,2.0,24,11,0
41dd83a9-2da8-47a6-8e60-268260ab2b98,176.04,1,Software,sbp,4.0,6,10,0
41de9191-c2f8-41ac-899d-c596a7f57b39,65.64,1,Sports,tinkoff_pay,87.0,8,11,1
42209e88-6d63-4cec-9b5e-4d9419fe182b,122.5,1,Outdoor,bank_card,241.0,3,10,4
4222568f-e4c0-40eb-ba73-5d5f98adec89,68.72,1,Jewelry,bank_card,85.0,10,10,2
42231a73-3cf9-4858-bf8b-ec4ec7339d42,26.12,1,Photography,bank_transfer,143.0,2,10,2
42243250-7b8b-4a48-9ee7-6d8863a10811,156.65,3,Laptops,bank_card,280.0,2,10,1
4228f6fc-16fd-42a8-a1df-8e5f258b79ef,318.96,1,Other,sbp,144.0,3,10,1
4230e99b-1738-421c-8bf4-9624b7bade00,141.72,1,Clothing,sbp,216.0,3,10,4
42507099-3e44-4b8e-a84e-3f8f263fa9d6,45.84,1,Food,bank_card,28.0,8,10,0
42808f58-a99e-4207-b940-884d0a50df81,301.12,1,Automotive,bank_card,256.0,2,10,1
429686b5-7ee3-4933-9a86-3037f74b2fee,19.94,1,Accessories,yandex_pay,3.0,2,10,0
42a074a4-ac57-4f44-bfda-7257d1585f5e,191.49,1,Home,bank_card,5.0,3,10,0
42a0885a-acbc-4980-b1d6-e7bd35d7af98,30.79,1,Accessories,bank_card,54.0,3,10,1
42aa6c0c-7ecd-4179-9a9e-65d43d2df9af,67.55,1,Health,bank_card,5.0,3,10,0
42afb4c9-2688-4a07-9322-89fb7b6e8e86,1067.64,3,Beauty,sbp,54.0,3,10,2
42b7c639-42c6-4a56-8cbe-e649419065fb,507.84,1,Other,bank_card,147.0,4,10,6
42bdd096-9f13-44c6-b214-c42c8592d240,74.43,1,Automotive,tinkoff_pay,96.0,2,9,2
42bdee4f-0fe1-4ff3-a327-afd50239eecc,541.24,2,Tablets,bank_card,33.0,7,10,0
42cb34b7-2041-4177-845d-28e6f1dd5b48,417.9,2,Outdoor,mir_pay,101.0,5,10,3
42cd8231-115a-4799-86b6-a10e8f36b6d3,31.06,2,Health,sbp,27.0,12,10,1
42d1da2f-8349-46a3-8820-aefe322cd1fe,68.52,2,Smartphones,sbp,11.0,25,11,0
42dee8f7-d692-4edc-acff-c9f64557a632,253.52,1,Kitchen,bank_card,85.0,3,9,0
43143380-71a5-43f9-bb83-0f257714d1c6,8.71,1,Shoes,bank_card,25.0,3,10,0
43190954-a239-4273-983a-eaaa98738fc3,288.52,1,Software,yandex_pay,45.0,11,10,0
431df190-e17d-4483-a542-02b4ac5afaa6,379.72,1,Shoes,sbp,6.0,1,8,0
43408fa1-0dc4-4eaa-86e2-da50fd1d5898,34.26,1,Smartphones,bank_card,96.0,6,10,5
434516ee-1a4d-4cbb-9eee-dfd04cc13223,167.96,1,Sports,bank_card,209.0,2,10,3
43579d57-b765-4962-85f7-650543f7d2f2,151.25,1,Toys,bank_card,71.0,7,10,1
435e8c4e-7e27-40a1-8706-08fe70e42c34,381.91,1,Automotive,bank_card,227.0,2,10,3
436279a7-4d67-4da8-80b3-887d633e8b6e,36.55,1,Toys,sbp,210.0,4,10,3
436a922e-4aa2-4bb2-b718-513d4129497f,85.81,1,Electronics,bank_card,26.0,9,10,1
4370aaa7-036d-411d-b80b-91801f6f7621,31.54,2,Sports,bank_card,20.0,3,9,0
4372f4d1-df75-4d44-ad1c-dac38e9ac547,469.32,1,Health,bank_card,169.0,4,10,1
437c6532-12f3-47a9-a943-437a36490883,120.73,1,Shoes,bank_card,111.0,5,10,1
43818509-be27-459c-b197-b1ff4d79904d,476.06,1,Accessories,mir_pay,127.0,6,10,0
438b8d47-4008-4ab2-a590-9c7d89c08a4c,455.03,1,Beauty,bank_card,196.0,5,11,2
438da6cd-3d2e-4a04-82c5-56d73d457b50,135.1,1,Headphones,bank_card,175.0,6,10,0
4398fb06-b869-42e5-93a7-f62f4184ec9e,84.52,1,Tablets,sbp,0.0,10,10,0
439ae6d7-5a76-407b-baf6-2f4b5920a228,21.18,1,Accessories,bank_card,23.0,5,10,0
43a45704-d6f9-4f0f-8b65-ae14c64d7b91,83.33,2,Headphones,bank_transfer,172.0,8,10,2
43bb8ae5-6370-4a91-aa6f-222ad787fc3f,459.18,2,Toys,bank_card,11.0,2,10,0
43bd6a82-3bb8-43aa-80bf-afbbe1bec0e9,165.36,3,Laptops,bank_card,178.0,5,10,2
43cfac97-8568-409d-b6dc-8fd0d1198058,43.7,1,Beauty,bank_card,109.0,2,9,2
43d60b8d-b9ca-4bda-8f43-684459284872,35.43,1,Smartphones,yandex_pay,173.0,5,10,1
43e16cfc-dfdd-4984-8164-800c457a7a90,45.84,1,Food,tinkoff_pay,275.0,3,10,4
43feef38-f49c-4eca-bdc8-f29f60b7686d,197.26,2,Accessories,sbp,175.0,2,10,0
4405d094-8fdf-46d9-a3b0-e28e707f583a,183.58,1,Software,bank_card,4.0,22,10,0
441eb545-51ee-45de-b781-65a8e03fe84b,357.2,2,Tablets,sber_pay,85.0,10,10,3
44226e86-965f-4f61-ac7c-977a06a4bf02,86.63,1,Toys,sber_pay,272.0,3,10,1
443023ed-ed88-40de-bc5d-2fb157a14c89,493.75,1,Travel,sber_pay,112.0,6,10,1
4431918f-ee10-4117-9c39-20cb78095e5b,205.23,1,Garden,bank_card,15.0,24,11,0
443d0de3-2b66-44f3-9980-03b42a8faa84,130.71,3,Smartphones,yandex_pay,84.0,2,9,0
444b7825-5e5b-4a8f-b344-5487648714cd,141.72,1,Sports,bank_card,157.0,1,8,0
444c0a35-be46-469f-9d4a-fb5b9df06ef1,186.79,2,Shoes,bank_card,14.0,2,9,1
445b0bc8-6f3b-48e6-8024-fb8dcb2d1ea9,138.48,2,Electronics,mir_pay,282.0,4,10,4
445d6203-1cc1-4d2f-8fea-c851092dc048,145.69,3,Clothing,bank_card,6.0,1,7,0
446482f2-fcd0-4a75-b2c7-db940b4abb83,97.4,1,Garden,sber_pay,103.0,5,11,2
44793078-baed-4daa-9067-5a8d372aa4ee,306.6,2,Shoes,sbp,9.0,1,8,0
447ae1d7-1d81-45ff-a2b9-e39994a54062,51.84,1,Laptops,bank_card,186.0,5,10,3
448d53d3-dbde-4d52-94b3-781fb3b023ac,178.65,1,Kitchen,sbp,73.0,7,10,1
44917e95-9aa5-4399-a03f-495df3cd93ff,198.6,1,Beverages,bank_card,56.0,1,7,0
449a6069-83ee-4c9b-bf2f-d6be9bef1534,43.92,2,Sports,bank_card,253.0,5,10,3
44a27e0c-8664-4122-a773-5b6c357e2018,147.23,1,Kitchen,bank_card,5.0,5,10,0
44a69891-3476-4546-a9ef-acc357d9093b,106.8,1,Gaming,mir_pay,6.0,1,7,0
44bfbcf1-326c-497d-a2f9-3f8cb180d3fa,9.68,1,Shoes,mir_pay,58.0,11,10,0
44c2058b-1a0d-4d27-b75b-54bd8a1ce90d,109.68,1,Travel,bank_card,48.0,7,10,2
44c4c1aa-d5b2-4b1e-9095-efacf2ad8a46,26.22,1,Books,sber_pay,38.0,6,11,1
44d88962-04f6-47ef-9512-e9a01d9842f6,321.16,1,Accessories,sber_pay,137.0,3,10,3
44e84467-c307-49f7-9f69-ebf6b979e59b,291.1,2,Laptops,yandex_pay,0.0,1,8,0
44f498b1-01bc-47da-bc77-83c5b1eada1e,252.98,2,Beverages,bank_card,131.0,2,10,0
44fa590d-ce16-4cfc-b89c-1f5c803851f5,190.36,1,Health,sbp,233.0,4,10,4
44fd9792-409e-42d0-b9c4-84ae68493072,12.66,1,Garden,sbp,18.0,11,10,1
4500965f-e3b4-4876-a308-4f5bf723bbd3,70.18,1,Toys,bank_card,81.0,6,10,2
4507fded-c56d-4cea-8ede-e07896d063dc,43.55,1,Clothing,sbp,69.0,8,10,1
450ba7b0-6518-4773-9ca3-b1e459d47a11,15.38,1,Jewelry,bank_card,276.0,3,10,2
450f6223-161e-43f5-bf3a-79840ee9a391,36.83,1,Photography,sber_pay,237.0,1,8,0
4519aab2-d1aa-4c9b-ae98-7ff0d6b441d1,101.93,1,Tablets,sber_pay,0.0,11,10,0
45298fb9-3f76-4deb-9a58-6f10fb0b2937,1184.28,1,Gaming,sber_pay,292.0,2,9,3
452d86a4-5d0a-46ff-9206-15dbea24ed93,111.73,1,Music,sbp,58.0,2,10,3
453fad33-e099-4718-a00e-2dc6e8307cca,123.44,2,Smartphones,bank_card,88.0,2,10,1
45402e26-4126-4771-a44b-806b6a733cbd,29.47,1,Furniture,mir_pay,169.0,3,10,2
45431b05-e46a-44be-81a7-0c7c6cefc1a7,372.48,1,Office,bank_card,141.0,2,9,1
4544cc0c-6944-4b4b-8725-806dd7183fe1,92.46,2,Sports,sbp,13.0,4,11,0
45562b79-be59-4dd9-a135-44de60f69547,247.71,1,Books,tinkoff_pay,67.0,5,10,1
4559e54a-93bb-486a-b072-2e24dd1ab5ad,28.88,1,Laptops,cash_on_delivery,36.0,16,10,0
455a2d7f-7dd3-4a4b-8a5f-b44eb9098822,66.8,2,Accessories,bank_card,88.0,3,9,1
455aaa5f-f035-4d31-9e34-1e61a1da67bb,940.95,3,Toys,sber_pay,70.0,8,11,1
4568a296-4c79-4daf-9b45-a4362293520f,864.66,3,Shoes,bank_card,184.0,2,9,0
456c40d6-a079-4069-bb52-2e96526dd182,451.11,3,Headphones,mir_pay,30.0,19,11,0
456d4fa3-816c-4b13-abb8-a0b467151c6f,18.22,1,Furniture,yandex_pay,22.0,27,10,0
4573879e-7c3c-41e9-97ab-57e4f69e1a22,333.15,2,Software,bank_transfer,30.0,5,10,0
457cebfc-41bb-476f-a563-9dcaeb414c17,363.02,1,Beverages,mir_pay,108.0,1,6,2
4582f795-3e0b-4ecd-8774-fe4232607b1c,416.33,1,Beauty,bank_card,35.0,5,10,3
4592e299-7282-40f8-8ad3-2c4e1acc6b2f,1396.35,4,Toys,bank_card,15.0,8,10,0
45958f44-35e5-4ece-9ade-d59549335340,242.45,1,Headphones,bank_card,51.0,10,11,1
45978644-2d39-4059-a881-3720c49bd696,18.59,1,Food,bank_card,112.0,2,10,1
45993824-89c5-41bb-9b10-4a9f18fe21ed,34.43,1,Shoes,mir_pay,145.0,2,10,1
459ee362-beab-44f1-9f20-015a8f02f455,151.99,1,Office,yandex_pay,173.0,1,8,2
45a0d70b-2f15-4e73-9ab4-1262e7c943b3,182.69,1,Beauty,bank_card,60.0,10,10,2
45b1e8b2-3f17-47eb-912d-1a6f76466975,77.76,1,Kitchen,bank_card,102.0,2,9,0
45b5c8ad-7102-49cb-9fa2-c837fe2ea04e,446.12,2,Laptops,sbp,4.0,1,7,0
45b64cb8-27e5-4597-b212-dfcfaa6ea98f,386.72,1,Jewelry,sbp,18.0,13,10,0
45bcca57-7494-4ed8-b743-c8cafd6e5aed,467.6,1,Smartphones,bank_transfer,88.0,6,10,3
45c491cb-4afa-4939-9488-91b493f25387,54.66,1,Furniture,yandex_pay,135.0,3,10,1
45c731c7-a0a0-43fb-b859-2f147c998d81,19.98,1,Garden,mir_pay,161.0,3,10,4
45cee453-0b4a-421a-acdd-ba9943a98bae,43.53,1,Gaming,yandex_pay,104.0,6,11,2
45cf5124-d9ef-42fd-b035-63e660a48b18,98.5,2,Smartphones,yandex_pay,53.0,12,11,1
45d315da-f379-4a41-9a4d-24593731cad0,476.15,1,Beauty,bank_card,5.0,4,10,1
45d64a9f-f5ca-41d8-9443-90ed77299897,105.77,1,Beauty,bank_card,128.0,5,10,2
45e2f144-4cb0-41c8-a4b8-9042af77ec2e,378.93,1,Sports,sber_pay,50.0,2,10,2
45f437c0-f94f-442c-a5d6-bfea905b43ca,111.55,1,Food,bank_transfer,133.0,1,7,1
45f9a7db-bea0-4994-b47f-923eb76deb7f,396.36,2,Headphones,sbp,240.0,4,10,2
45fc3004-ed87-481e-bcd8-7c8e4c4dcb73,203.21,1,Music,sbp,77.0,5,10,1
460269ff-861f-4706-aabb-6e240e3ec15b,34.97,1,Automotive,bank_card,184.0,4,10,2
4602c263-1366-4244-b979-0f57bf1c4457,901.15,1,Health,yandex_pay,27.0,25,10,0
46042660-33e8-4338-af74-52b38c29d5c5,159.87,1,Outdoor,bank_card,328.0,1,9,1
4607d9d1-d1da-4f79-ab3b-69727bc9a855,169.27,1,Automotive,bank_card,31.0,13,10,0
460b4e1e-d860-4633-98b5-d217a8bf15e2,996.7,2,Garden,bank_card,18.0,10,11,1
462050e6-cea7-4559-a3e4-de793dc8c4f9,407.54,1,Kitchen,bank_card,18.0,9,10,0
462097a2-5bb8-4ac7-a9f7-1e82fbe7cff6,115.77,1,Home,sbp,44.0,6,10,0
4620d6ce-6f55-445d-9234-238e5cd94a9a,39.2,1,Clothing,mir_pay,35.0,13,11,0
4621125e-407e-462c-91ff-ba13f78bbf55,1145.76,3,Tablets,sbp,132.0,2,10,2
4626660b-8e34-40a7-97ac-36d9cdb1a889,34.79,1,Electronics,yandex_pay,149.0,4,10,0
46294535-5711-4ab0-b907-d292693ae756,209.16,2,Music,sbp,71.0,3,10,1
4640c39c-037f-4009-85d6-339ec1e54113,102.89,1,Furniture,sber_pay,114.0,4,10,2
4650261f-a9cc-4497-adb1-f682d80f8a18,54.58,2,Smartphones,bank_card,1.0,4,10,0
4669b96a-5089-4cc3-841e-8a85dbf5ec33,88.9,2,Sports,cash_on_delivery,39.0,9,10,0
4669ce88-a96a-4701-a246-e9f2ecb6cd36,223.15,1,Photography,sber_pay,191.0,2,10,1
466d3e38-071d-4b14-b806-7314b49a9324,155.06,2,Sports,yandex_pay,32.0,2,10,0
4678fa81-98ee-4bbe-968a-3534d4a6bb5f,176.82,1,Music,bank_card,67.0,8,10,2
467c36e8-33f7-48bc-8597-cdddea34091a,357.93,1,Accessories,bank_transfer,22.0,6,10,1
467eb7e8-26ec-4cb0-9faa-a3a3d99c8dc0,44.48,1,Shoes,sbp,12.0,32,11,0
46a160d8-1800-4bfc-9beb-f285ae80cce7,111.84,1,Beverages,bank_card,105.0,10,10,0
46aa1c65-557b-4062-ad3f-475c14ed71a1,212.88,3,Beverages,bank_card,120.0,3,9,3
46b6162e-4092-46fb-b05b-c3c5eb7250fc,803.7,3,Shoes,sbp,8.0,2,9,0
46bd1f87-6f81-4d93-9a05-aa1dbc8690ae,178.24,2,Software,sbp,190.0,5,10,3
46bee293-c094-477c-bc04-b68fc2e0fdab,232.74,3,Home,bank_card,158.0,1,7,1
46c727a2-3181-4a53-80af-002c67525884,99.68,1,Tablets,sbp,176.0,4,10,2
46c72e48-ee07-484a-8e54-dd9e19fd8ade,192.97,1,Smartphones,bank_card,60.0,6,10,1
46d0b2cb-861f-451c-94e5-3cfdc5590103,413.62,1,Health,sbp,25.0,3,10,0
46d0fe7e-7c6a-44fe-b0cf-3b4477faf05a,96.79,1,Accessories,bank_card,93.0,5,10,1
46dd5a78-8f6a-4aec-893f-8b6ed12d60b3,498.57,1,Home,bank_card,0.0,12,10,0
46de9be0-fee7-4341-b8ab-a41d940db528,63.91,1,Beverages,sbp,1.0,3,10,0
46f9f659-8532-488f-8c29-9ac523e33995,186.78,1,Health,mir_pay,252.0,1,9,6
4702c6e0-f47b-470d-865c-8094c8019b75,131.03,3,Health,sbp,147.0,4,10,6
47031e08-2319-402f-bfb0-d69ccaffa94a,56.23,1,Office,sbp,28.0,6,10,1
470472ea-992a-49f9-94b7-c0e44083c7a6,57.5,1,Toys,yandex_pay,224.0,4,10,3
47060b0f-a7dd-4aec-ac00-2a0243b97963,325.83,1,Outdoor,bank_card,200.0,2,8,0
470c9a44-6368-4fc5-9a90-bea962d69c6a,1603.71,3,Other,bank_card,21.0,14,11,1
471d213f-6893-45df-a87f-194b4189fd63,666.63,1,Shoes,bank_card,210.0,4,10,2
4729258d-08da-446f-a5cf-c33ffafd578c,61.22,1,Electronics,bank_card,71.0,11,10,1
47330e39-eeac-4e52-988d-4ae3adde3854,135.1,2,Health,sbp,73.0,7,11,1
47348f14-c074-4c06-a392-6917b04f2422,13.64,1,Office,bank_card,9.0,4,10,0
4735b711-244a-48d9-8f9b-1b2149f20eec,839.76,3,Headphones,yandex_pay,85.0,5,10,0
4739e3ed-9511-4ac1-bf0c-f1bd55eb5785,532.4,4,Food,bank_card,7.0,10,10,0
473e2954-8306-4f3c-b8ab-6ebcfcb05794,314.42,1,Automotive,sber_pay,4.0,7,10,0
4745db79-d7c6-4d69-bbd3-95f859e30c95,436.49,1,Gaming,mir_pay,47.0,19,10,0
47581623-4a08-4f3c-915c-fe2479332542,131.33,1,Music,bank_card,89.0,2,10,1
47597580-9945-4bc4-8d6a-f822d1f086e2,175.84,1,Office,sbp,39.0,10,10,0
47616b1a-6b15-4bd0-adc0-7323c57ba64b,87.29,1,Health,sbp,140.0,4,10,1
4766fd92-2d2b-4f39-bb5a-66596c0a0fd3,1360.14,1,Home,sber_pay,0.0,1,9,0
47771fa6-04dd-48ff-86f5-60850d9fb497,359.62,2,Beauty,bank_card,58.0,11,10,3
47846e67-61fb-40bc-a90f-605744591270,37.45,1,Photography,bank_card,295.0,2,10,1
47893767-043b-4918-92be-470f09c420ef,208.84,2,Automotive,sber_pay,3.0,2,10,0
478c015e-77e8-445c-b772-5978278f6ed8,101.38,3,Clothing,bank_card,31.0,19,11,1
47a33dd2-4a35-4b3a-81fa-c7790cf2056e,121.04,2,Food,mir_pay,14.0,1,8,1
47a4464a-d6dc-4a27-9719-512440bb6574,35.46,1,Home,sber_pay,55.0,11,10,1
47adb574-ee8c-4de9-91d1-0d568dc4996e,126.82,1,Travel,sber_pay,1.0,7,10,0
47b3d011-a34f-45d3-9c46-66428abf0c3a,106.5,1,Garden,bank_card,50.0,11,10,1
47cd30d3-fc95-410a-b152-f0aa2e7dc3c9,65.78,1,Kitchen,tinkoff_pay,67.0,2,10,0
47e29457-c41c-4287-8871-271585af285e,242.46,1,Other,mir_pay,112.0,3,10,3
47ebdca9-3a24-486a-b025-22c7ee009f59,23.79,1,Headphones,bank_card,3.0,13,10,0
47f5e96b-6473-42b6-86ec-1687ef913f4c,659.66,2,Clothing,sber_pay,178.0,2,9,3
47ff5c8a-dcd1-4b49-aa33-8c3a8a37a58f,1377.39,1,Food,sbp,76.0,3,10,0
47ff9421-fc77-45b8-b830-3ef8baea2a08,96.59,2,Software,bank_card,187.0,4,10,1
48003986-c10a-4b86-a7dc-0f2973ecc72e,290.26,1,Health,bank_transfer,6.0,1,8,0
480d430a-cd1d-48a2-8279-2529487f348b,88.59,1,Health,sbp,0.0,7,10,0
4812bbf2-8e94-40ff-a8aa-834063a2e684,262.67,2,Kitchen,bank_card,24.0,5,10,2
4822a7f4-13cb-421f-9145-baf810ce91fc,276.86,1,Pet Supplies,sbp,44.0,5,10,0
482d037e-44b1-4f25-8b8a-7c177e927e77,134.51,1,Laptops,mir_pay,58.0,12,10,2
48304d49-c3a7-4809-8f7a-3161211c8751,129.4,2,Photography,sbp,23.0,3,10,0
48325b70-eb09-46ca-acbc-c0fd57c98446,390.84,3,Music,yandex_pay,10.0,4,10,0
483fbe3b-df89-4517-a976-1ee87a064dc3,80.51,1,Laptops,sbp,101.0,1,8,1
48449668-d58b-41eb-82a0-6ba67ebe26e8,49.67,1,Books,bank_card,124.0,6,10,1
484708f9-de31-40e0-9a35-6737416b6e44,37.75,1,Gaming,sber_pay,331.0,3,10,3
4847970d-876a-4a77-aecb-d66e6ee4d74c,656.09,1,Garden,bank_card,154.0,2,9,3
4859d58f-e974-4365-b13d-781c17ec82b2,3871.55,2,Health,yandex_pay,0.0,1,8,0
485bc9d4-9062-4048-b349-ef345d6e2466,499.1,2,Home,tinkoff_pay,45.0,14,11,1
486f2fcd-1bba-4d89-8f06-b1da907d8754,62.88,1,Beverages,bank_card,90.0,5,10,1
48725949-15e1-4517-8633-87b77d1f6373,689.07,1,Headphones,mir_pay,283.0,7,10,1
4875bca3-f17b-4116-be3e-31894e3b7db3,163.75,1,Headphones,bank_card,25.0,2,10,1
4889fcca-9e3a-4cf7-b3ab-f470bb536baf,290.26,1,Health,mir_pay,7.0,6,10,0
48939a93-bf49-4c45-85c0-373cfab2a024,183.94,1,Pet Supplies,sbp,1.0,2,10,0
48a0fe2a-a6ab-4337-a7f5-70f63abbe1e6,1528.95,3,Garden,sbp,1.0,1,9,0
48a71c78-0df9-401f-8f73-7f6d2e29aaab,259.75,2,Beverages,mir_pay,122.0,7,11,1
48a78be0-871e-4f60-a9cf-6e67e993f7a8,99.68,1,Tablets,bank_card,79.0,5,10,1
48ab2342-7ad3-44c6-8180-91138d1f7e43,1577.76,4,Automotive,yandex_pay,64.0,2,9,0
48d1163a-20c8-4585-b167-7cac200f0bf8,15.65,1,Laptops,yandex_pay,2.0,2,10,0
48e98ea9-7a65-4ec3-8e64-9c68b2adaf19,128.72,1,Jewelry,bank_card,19.0,5,10,0
48f1b0d7-0693-4dff-8677-a82560c9810b,320.66,1,Headphones,sber_pay,286.0,4,10,4
48f49c48-2bba-48cd-b245-4169ee5f5da1,670.17,1,Food,bank_transfer,49.0,3,9,1
4902f7c4-52c3-4f62-a31a-697b6d5cb68a,289.08,1,Jewelry,cash_on_delivery,71.0,3,10,2
4905b405-6b9e-425f-9c52-49e7c075305f,117.16,1,Clothing,sbp,7.0,1,7,0
490e0ea8-8967-47e0-8076-4230f1081ae5,203.68,2,Gaming,bank_card,18.0,8,10,0
49119902-1640-4311-8523-a030c19099a7,41.22,1,Photography,sbp,24.0,11,10,0
4911bad4-4f99-46c5-a824-8f64c5f7303d,70.96,1,Beverages,mir_pay,65.0,2,9,1
49161d71-6f3a-4ef2-9b86-2925f40cf205,128.35,2,Health,bank_card,42.0,12,11,1
49173759-d715-4060-af4c-1f21e56f364d,337.5,3,Home,bank_card,136.0,4,10,2
491895b5-20f3-45cc-b73a-873199129ddd,62.78,1,Other,yandex_pay,7.0,2,10,0
49265e78-af21-42de-be9a-01afeca7e4c8,131.76,2,Health,bank_card,16.0,10,10,0
492ecc59-1c75-4861-a662-a9ed501ca381,35.31,1,Shoes,bank_card,23.0,1,8,0
493d7d42-11c8-4031-b782-cfece8bbd1be,98.16,1,Laptops,sber_pay,9.0,2,10,0
493d7f8d-7827-4775-8803-760006b9709c,9.5,1,Clothing,mir_pay,16.0,8,11,0
49486015-bffb-4cab-a864-851207e8681e,10.93,1,Photography,sbp,0.0,9,10,0
494b2777-4c7b-4c0d-8f2b-ee72a84bb865,687.32,2,Tablets,bank_card,111.0,1,7,0
49514bd0-5605-4006-9ff5-53c4fae7d863,33.3,2,Headphones,bank_card,196.0,2,10,5
49518694-689e-4377-afa5-ad3a2d2ded98,116.18,1,Software,bank_card,26.0,3,10,0
49518801-f495-43e2-9bdc-beab9d6d8f7a,331.07,1,Toys,mir_pay,3.0,7,10,0
4981160b-2930-49c8-a6d2-5f90cc40dd94,316.56,1,Gaming,sbp,35.0,2,10,0
4985e37a-e206-42f1-863b-b7292c7b8554,1834.4,2,Health,yandex_pay,167.0,2,9,0
498d896e-c8b6-44aa-aa0d-ea7f385cd288,608.23,2,Beverages,bank_card,7.0,5,10,0
499135a4-d0d7-4553-8f16-0fc8a3ea49b1,33.64,1,Smartphones,sber_pay,105.0,2,10,2
4994634b-6a37-4781-8180-31450119eaad,174.26,2,Toys,bank_card,39.0,9,10,0
499f381e-4ac9-4c21-a022-72f4dc22e33c,32.09,1,Laptops,sbp,295.0,2,10,1
49a24c26-ec65-4dfe-9719-6fe8aae348e9,13.67,1,Furniture,bank_card,260.0,6,10,4
49a5e7ec-21b0-4aa8-8027-50c226b975dd,393.47,2,Laptops,bank_card,31.0,4,10,0
49a62376-c7b6-4404-bd53-6a6be308724e,128.7,1,Shoes,sbp,67.0,4,10,1
49acdfb5-7c89-4559-935f-2f8745e07b69,79.91,1,Office,bank_card,71.0,6,10,1
49adc2f8-fd8b-40cb-a245-c8753662291c,47.42,1,Accessories,sber_pay,11.0,8,10,0
49aec384-b954-4a90-9a64-248c02d820e8,822.34,1,Books,yandex_pay,38.0,4,10,1
49b00b3c-e0e5-4193-acdb-d36aeac484b0,786.04,2,Laptops,bank_transfer,61.0,5,10,1
49de3445-21a9-43cd-95ad-448f03b011be,120.84,1,Music,bank_card,2.0,12,10,1
49e4b04c-d6a6-4ae6-a857-c265a6a9523c,17.89,1,Beverages,bank_card,256.0,4,11,1
49e7f3b1-ad22-41ee-9fca-d1ed0c7029de,207.56,1,Smartphones,bank_card,127.0,2,10,1
49ea3046-da42-4f8c-9be7-8712c86c622f,98.35,1,Pet Supplies,bank_transfer,121.0,2,9,1
49f3681d-6889-45a5-9d54-90684e83c858,91.95,1,Accessories,mir_pay,277.0,3,10,2
49f5f538-6150-4d61-94b3-6bf7b00f4959,440.3,3,Smartphones,bank_card,54.0,3,10,0
4a042ec2-e43a-430d-a83d-5ea4824f461b,38.27,1,Kitchen,bank_card,175.0,3,10,2
4a0f2038-0d98-4fc3-b027-33aab9eec825,41.02,1,Beverages,mir_pay,135.0,2,10,4
4a149b5a-d7a4-44a8-aed8-5b9cae8c8943,126.78,3,Other,bank_card,101.0,5,10,2
4a1b8050-3204-4161-9b68-48a8ee6ec714,41.98,1,Photography,sbp,169.0,5,10,2
4a1b8606-cc21-46bc-830a-80ae097dfaff,190.94,1,Accessories,tinkoff_pay,1.0,3,10,0
4a20ea40-145e-4b3e-a245-696136bc2ae2,54.54,1,Automotive,sbp,58.0,16,10,0
4a307491-752c-48f6-965f-bec82ca6180f,419.48,2,Furniture,bank_card,7.0,3,10,0
4a52a731-10a2-4299-b684-567f54d5720a,227.12,1,Outdoor,bank_card,48.0,9,11,1
4a55966e-e9a4-43c4-bec6-e013a8270f22,360.12,4,Furniture,tinkoff_pay,54.0,9,10,0
4a5f6597-f535-464b-b473-d149a89c118f,2250.13,2,Gaming,bank_card,58.0,4,10,1
4a6baca5-1f68-45ec-b0ef-5b899e808f7c,402.36,1,Other,tinkoff_pay,3.0,3,11,0
4a8c51ba-71cc-4624-9798-42e0dd605955,170.14,3,Electronics,sber_pay,10.0,1,7,0
4a941d91-d2a2-4417-a38f-0c0d920e246d,202.62,2,Food,tinkoff_pay,192.0,3,10,2
4a9546ea-6ca3-4eea-877d-635bcad4e7cc,65.26,1,Outdoor,mir_pay,30.0,10,10,1
4aa9c8ec-8848-4f7d-a8ea-1e69b8df4734,84.16,1,Office,bank_card,129.0,2,9,1
4aaa968e-2f91-42bc-81dd-dd7d967506f4,89.13,1,Furniture,bank_card,34.0,12,10,0
4ab59372-1a6f-442e-8438-1fa39a00bd48,175.65,1,Other,sber_pay,9.0,1,9,0
4aba228f-4b57-4591-acbb-4e1c438f5042,113.74,1,Furniture,yandex_pay,56.0,6,10,3
4abb1f68-c36e-4625-ba67-804eadd02392,389.85,1,Tablets,sber_pay,17.0,10,10,0
4ac64fba-c5d0-4c0d-b226-3c47d36a0722,126.76,1,Automotive,bank_card,256.0,1,7,2
4aca814a-6933-403c-90fb-ed27f3f56298,2158.82,2,Travel,bank_card,160.0,3,10,5
4ad534ea-5e20-4203-8e67-422977e59340,403.62,2,Gaming,sbp,83.0,3,10,0
4ae1c022-30d8-4806-bac5-5ce19b48c5f6,372.54,2,Accessories,bank_card,304.0,5,10,4
4aec2844-793e-4617-800f-bd4e6e0442b9,27.98,1,Headphones,sbp,117.0,8,10,2
4af3c6e2-8c0e-4022-ba06-6f44dc794207,190.38,2,Shoes,cash_on_delivery,86.0,3,10,3
4b0400a6-c341-49dc-b5bb-9cb2dd2a8da0,190.38,2,Shoes,bank_card,39.0,5,11,1
4b10cc15-2798-4ce9-8d67-b36da2f7a42e,333.06,1,Beauty,sbp,304.0,5,10,4
4b2498db-1c35-4a32-99fc-06bfe7493563,186.95,1,Accessories,bank_card,29.0,4,10,0
4b2a1b94-22e4-4a41-8d09-c9746bf2fcc1,628.84,2,Automotive,sbp,88.0,2,9,0
4b3098b1-d972-48f7-a856-3da1be18fc00,30.37,1,Office,sbp,3.0,5,10,0
4b319bb6-df27-4b5a-88ce-a6554d034037,63.83,1,Sports,bank_card,162.0,6,10,1
4b42e3a8-3b11-4075-9e6d-0158038f0826,47.61,1,Health,bank_card,165.0,4,10,4
4b4da1c2-6c7d-41b9-a75a-4e4468bc867f,35.89,1,Photography,sbp,27.0,4,10,0
4b52c7c3-29e6-4ad4-87fb-6ab9e4523a53,349.46,2,Tablets,mir_pay,206.0,2,10,3
4b5ce802-9fa5-498e-8d77-257c5196c461,493.7,1,Garden,bank_card,10.0,10,10,0
4b611be0-8cfc-4c0f-9c5a-7bfa139f63dc,1125.71,1,Furniture,bank_card,66.0,13,10,1
4b684a91-6461-4ffb-b4f5-af3682fd2b1e,917.2,1,Health,bank_card,23.0,15,10,1
4b6fc52b-2cfe-4974-8a1e-7e210851583d,384.41,2,Music,tinkoff_pay,150.0,3,10,2
4b732357-aa24-486f-bb4f-579461ac66e5,78.59,1,Furniture,cash_on_delivery,193.0,1,9,1
4b7675c8-5f55-47b9-ab2a-2789ec821a88,289.87,1,Beverages,bank_card,71.0,2,10,2
4b7c0298-7e5d-446c-8b87-199ceb7b7f87,31.94,1,Beverages,bank_card,181.0,5,10,3
4b8adb71-ee5f-4ae4-839d-1e6c7d8d7130,204.5,1,Sports,cash_on_delivery,255.0,4,10,2
4ba6dd9e-70e2-4a2b-845f-73784430ab20,11.93,1,Toys,sbp,205.0,3,10,2
4ba7c50a-b1ff-4fd7-9e3e-83c2406ca674,130.61,1,Shoes,bank_card,0.0,1,7,0
4bac2bf9-d67d-434b-97ce-6809c9b7d959,154.57,1,Photography,sbp,62.0,2,10,0
4bba5e88-b806-43ee-9376-f077c3595607,271.63,1,Beverages,sbp,39.0,8,10,2
4bc62d70-c6c0-4425-a5dd-fc621de4290e,80.84,1,Beauty,bank_card,221.0,3,9,3
4be1f694-75f4-4482-aa46-618862244796,18.16,1,Toys,bank_card,112.0,1,7,0
4be42824-bb09-40c3-9f31-04d66fe8c8f1,1000.39,1,Gaming,bank_card,76.0,2,10,2
4bf3fc41-0a34-4461-af9e-52b97e5bea24,171.78,2,Garden,bank_card,0.0,1,8,0
4bfdb513-0e0f-4959-a2b2-d25928a84b50,369.7,2,Health,cash_on_delivery,89.0,1,7,0
4c07c7a3-0223-4953-b547-1d63519179b7,188.31,2,Sports,bank_transfer,201.0,3,10,7
4c0e57b4-1718-4303-82d8-9853a596161c,54.99,1,Other,sber_pay,73.0,2,10,0
4c1e0df8-a64d-40e2-832d-8a87ef484248,201.81,1,Gaming,bank_transfer,67.0,12,11,2
4c273c73-b00f-436a-b043-830db8d3219a,476.36,2,Outdoor,bank_card,96.0,7,10,2
4c2c3a5e-713c-4907-954e-3244f65db8c7,1480.57,1,Laptops,bank_transfer,195.0,3,10,4
4c4f06a2-b4e6-42d4-b734-c9f29ff352d0,469.32,1,Health,bank_card,163.0,2,10,0
4c4fb8df-f2dc-4883-a492-b5f0b25b9dac,29.27,3,Photography,bank_card,39.0,5,10,0
4c58254b-a539-4652-8136-f5374f47496a,32.65,1,Beauty,sbp,36.0,11,10,1
4c5e7ba5-2604-41ed-83b8-d5c10d426348,110.25,1,Outdoor,sbp,254.0,1,9,0
4c6e8dfe-72ad-4197-bff7-9ae796450050,74.88,2,Travel,sbp,29.0,9,10,1
4c875cb9-dbbf-42ef-ab43-602ca93f0556,104.16,1,Beverages,bank_card,21.0,18,10,0
4c9a7a60-5028-431a-9a3d-e15be4e53e0b,126.82,1,Travel,bank_card,137.0,2,10,1
4c9f09bc-f4aa-49d3-b1d8-c37a0f2e1474,78.82,2,Travel,sbp,2.0,1,7,0
4cafdbd8-e3ef-4a2e-a100-7350d81fe45c,467.85,1,Accessories,sbp,64.0,8,10,0
4cafeaae-684c-482b-8690-c1c92b0d3325,278.94,3,Other,sbp,342.0,3,10,3
4cb30620-1fb7-4798-ab37-46499381c5ec,64.19,1,Software,sber_pay,65.0,7,10,0
4cb4cddd-36ea-4e6c-bf96-21bb282a7ac6,148.43,1,Kitchen,sber_pay,190.0,5,10,3
4cba7cb7-91b0-4ab7-b146-8c288ba78b36,822.34,1,Books,yandex_pay,0.0,12,10,0
4ccd191b-392e-480f-9cc9-ec5d139b73b1,12.6,1,Garden,mir_pay,140.0,5,10,0
4cd731a6-2872-497f-8b61-1a5f954c0515,134.5,1,Headphones,bank_card,199.0,2,10,1
4ce8b485-43ef-401d-8f70-a0fe335d5153,77.56,1,Headphones,sber_pay,85.0,9,10,1
4d05c1b2-6244-4a0d-b4ed-486a81a36bbe,212.1,1,Beverages,bank_card,9.0,1,6,0
4d1f82e3-ccb7-4669-b0fd-3c60a1a140a8,279.32,2,Music,bank_card,98.0,4,10,3
4d247cd4-0b2c-4c55-93a9-4a6436141dff,208.87,1,Accessories,bank_card,57.0,4,10,0
4d301d50-8553-4088-a2fd-50f83f222fe6,127.52,1,Beverages,tinkoff_pay,119.0,8,10,0
4d315d21-475d-4cc6-bfde-334fec981d24,4301.72,2,Health,yandex_pay,86.0,3,10,0
4d316afd-3582-4288-9236-1d77982dba1a,626.2,2,Travel,sbp,84.0,2,10,1
4d3228d7-2280-412d-a7a2-e11b69780364,207.54,1,Outdoor,tinkoff_pay,277.0,2,9,2
4d37a8c7-c36c-476c-9a61-a841b55ab935,475.16,1,Home,sbp,249.0,4,10,4
4d4cc0d3-8328-4558-8d04-2ddf08bb8100,32.37,1,Automotive,sbp,93.0,5,10,1
4d599f20-cbe7-4c23-92be-e4804b23faf3,105.69,1,Health,tinkoff_pay,46.0,19,11,0
4d6397a6-7f02-495f-b036-fb885e80f89a,288.52,1,Software,sber_pay,292.0,4,10,1
4d63d871-aa66-4c89-9965-2accc9e13000,81.99,1,Kitchen,bank_card,17.0,3,9,1
4d657a69-6722-4b0f-9e46-b623c3d723b4,65.78,1,Kitchen,bank_transfer,47.0,5,10,1
4d686be2-7586-462d-88dc-115f9c99819a,1116.63,1,Home,bank_card,213.0,3,10,0
4d718834-eaaf-4959-a1df-e790d75a564b,64.57,1,Pet Supplies,mir_pay,0.0,7,11,0
4d7aa6de-4bff-4990-917f-ed5d02078f7f,58.59,1,Software,tinkoff_pay,264.0,2,10,3
4d7fb8f1-4893-4deb-ae86-2d003d64d10c,37.43,1,Music,sbp,58.0,4,10,1
4d8979b0-52e4-4467-bd0d-bd6191e61d4f,72.67,1,Office,bank_card,17.0,1,9,1
4d8e893c-ffd1-4f07-853c-b691522154c2,3345.34,1,Other,bank_card,28.0,20,10,0
4d91dd12-904a-4c7b-af62-071d0a5e6760,367.57,1,Electronics,bank_card,35.0,12,10,1
4d9c7b03-762b-463d-bef9-4a2a058afc54,61.83,1,Outdoor,bank_card,61.0,8,10,0
4da4fc20-4f88-45bc-a77d-bca26b5a3582,57.15,1,Laptops,mir_pay,20.0,2,9,0
4daf8e48-04ab-4bb6-9558-6d41a59f9b98,1291.87,3,Tablets,sbp,4.0,1,9,0
4dbb005b-cf24-442e-8add-57fd4189d358,116.64,1,Outdoor,bank_card,250.0,4,10,3
4dcb3314-b6a3-4e5a-87c5-9b2f60cb84cb,39.78,1,Electronics,bank_card,15.0,19,10,0
4dce8c82-d3b3-4c6a-8d43-aa7e8bc636c1,27.98,1,Headphones,bank_card,7.0,5,10,0
4dd7d08a-e881-4732-815f-565eee8beed2,90.26,1,Outdoor,sbp,64.0,3,10,1
4ddeea75-aedd-4aa6-b23a-f4074fc53a1c,284.24,1,Photography,bank_card,15.0,3,10,2
4df03dad-82ce-48b9-b7f7-08a49a8383b3,49.58,1,Smartphones,yandex_pay,217.0,2,10,1
4df84df4-5745-4fa5-86fd-3c24a261740c,511.89,1,Other,tinkoff_pay,78.0,3,10,2
4e059d2d-03aa-4243-b2f9-add6be4cda60,30.2,1,Clothing,bank_card,240.0,5,10,3
4e15c236-efad-4253-96a4-47f6db27a2b1,121.47,3,Accessories,bank_card,72.0,5,10,0
4e1f4357-9473-432e-a279-7a32b5509bf0,63.31,1,Photography,sber_pay,20.0,13,10,1
4e2ca624-9bfe-4845-aa97-b642311e67f0,122.1,2,Software,bank_card,114.0,2,10,1
4e305500-c73f-4ed6-af61-3cbf32748bf3,637.66,1,Jewelry,bank_card,30.0,12,10,0
4e36d249-6fd9-4546-9fe8-209cfb78a2db,419.85,1,Home,bank_card,23.0,5,10,1
4e375737-61ba-4649-bc81-411342073e7a,105.77,1,Beauty,sbp,49.0,2,10,0
4e45d329-886c-4312-a24b-48ef20430dd4,950.32,2,Home,sber_pay,69.0,9,10,1
4e4a487a-6370-49e4-94f0-d24c908bcc60,568.48,2,Photography,bank_card,42.0,10,10,0
4e4e54af-32bd-446f-b52e-e7af17e1759b,45.33,1,Garden,sber_pay,214.0,2,9,2
4e4f1c73-9124-4d42-901b-ba4325606524,122.5,1,Outdoor,bank_card,52.0,12,10,0
4e570e19-fb30-4937-937a-3dbdce024c23,320.12,1,Beverages,bank_card,167.0,3,10,5
4e62b34b-1722-469e-b78d-a7ab1a939ede,72.61,1,Toys,sbp,115.0,1,8,1
4e67b762-ef70-4512-934e-65f0edf88283,75.08,2,Food,bank_card,140.0,7,9,2
4e9118a9-5655-4069-b198-4738ba2b32f2,261.12,3,Health,mir_pay,40.0,5,10,0
4e9bef42-2a13-484c-a1f7-7bf5ea5216d7,275.26,1,Pet Supplies,yandex_pay,186.0,6,10,3
4ea18ca4-df83-463c-85cc-db1b108225d0,97.91,1,Gaming,bank_card,157.0,2,10,2
4ea1ceb7-a0e6-44b4-8964-e5de60c6451d,513.14,1,Kitchen,sbp,156.0,3,10,2
4ea27978-86cf-4f1c-95c2-7641bf540745,28.3,1,Outdoor,bank_card,11.0,3,10,0
4eabbf6d-8485-4902-82e5-953617d2c1f5,482.08,1,Outdoor,bank_card,31.0,7,10,0
4eafd5d4-6f17-4543-826b-6bbf544cbfb3,368.41,1,Jewelry,cash_on_delivery,25.0,1,9,0
4ec22058-b5bb-44e3-8134-3be8abafed86,14.07,1,Garden,bank_card,6.0,1,9,0
4ecf78ba-57a2-4f0c-9a90-64ca61407560,987.4,2,Garden,tinkoff_pay,240.0,5,10,5
4ed788f6-2b90-439d-94a5-6af55a00632e,29.45,1,Headphones,sber_pay,263.0,2,9,2
4eda5839-750b-4864-b742-4f7fdcb18145,287.44,1,Software,bank_card,90.0,5,10,1
4ee6aa1a-53de-4643-8579-81abe38d7a6b,3368.38,2,Tablets,sbp,106.0,2,8,0
4ee95f3c-ff50-4df2-a62b-3639f3601143,188.48,2,Gaming,mir_pay,50.0,3,10,1
4eed7dc3-a738-4f19-81ff-79aba1221df3,112.72,1,Shoes,bank_card,15.0,3,10,0
4eee5b8c-3592-44df-8d20-9281a951446a,100.78,1,Home,bank_card,49.0,12,10,1
4ef66b03-a778-4eac-95b3-ebd436b2a47d,186.56,2,Shoes,bank_card,112.0,4,10,3
4f0e480b-be98-4fe3-931f-cb85f8d05ebc,53.69,1,Laptops,bank_card,111.0,1,8,0
4f1260c4-05e1-4c19-9689-189da7bd29a5,62.56,2,Pet Supplies,sbp,59.0,11,10,0
4f1f1f3d-d5ad-42cc-b549-9c08bebf8a1d,66.04,2,Gaming,sbp,6.0,4,9,0
4f289435-75b4-455c-bd7a-82eb19344ccc,97.94,1,Sports,sber_pay,34.0,3,10,2
4f2badfe-951a-45d4-b3c8-49fddb26345f,41.02,1,Automotive,sbp,72.0,4,10,1
4f2e6a7c-baf6-4259-a230-fe5d975abffe,901.97,3,Furniture,bank_card,2.0,1,8,0
4f361070-d463-401f-885c-dda4e0b6bcff,160.33,1,Clothing,sber_pay,120.0,2,9,3
4f3f74eb-a9ce-405b-9905-9111ac6fc5e2,186.19,1,Laptops,mir_pay,151.0,7,10,2
4f4aa69f-6d67-492a-8642-837bd89a6ea5,150.39,1,Automotive,bank_card,111.0,1,8,2
4f4c23c2-f377-41c7-9226-f58dbef1651b,34.22,1,Kitchen,sber_pay,68.0,11,11,1
4f539d89-abb9-4d8b-9641-78e7d9409752,54.31,1,Clothing,sber_pay,210.0,3,10,3
4f57d6b5-ae93-4888-9abd-92e340176512,95.06,1,Jewelry,sbp,50.0,4,10,1
4f5aa60f-1a65-4be4-8c74-15e18b046a2b,323.86,2,Music,sber_pay,132.0,2,10,1
4f6b9b19-270e-4487-a16b-fdfa885efb00,54.55,1,Jewelry,bank_card,200.0,2,10,2
4f7e22f1-fd84-4a74-b858-fb6ea7cbb839,31.52,1,Music,sbp,90.0,5,10,1
4f89083e-a40d-430a-becc-7006bbc32140,470.2,4,Other,sbp,79.0,4,10,1
4f93c113-67e2-494e-809a-3f5830272057,77.85,1,Pet Supplies,bank_card,96.0,2,10,0
4f9d9870-4d24-4a77-8738-13806174c7d0,307.42,2,Pet Supplies,sbp,284.0,3,10,2
4fa7d2b5-d80c-4dea-a338-58ec197e9e3a,125.5,1,Kitchen,bank_card,263.0,3,10,3
4fa99b87-737f-47e1-bcce-0d371c326d9f,254.02,3,Furniture,sbp,29.0,7,10,0
4fb05f32-c4d5-47ed-b685-782b8a4ca609,2054.7,3,Accessories,bank_card,123.0,7,10,2
4fb150a6-b015-40d3-adb9-082155dc0e1d,93.62,1,Beauty,sber_pay,26.0,21,10,0
4fb7eb9e-1e83-4a8f-9f3e-23cd897a870e,527.85,3,Books,bank_card,282.0,2,9,3
4fb9a57d-c35d-413a-8d6b-fb2b367ce575,530.18,2,Smartphones,bank_card,16.0,3,10,0
4fbef444-3be0-4ab7-9792-9eed8398cae3,26.76,1,Office,bank_card,152.0,3,10,3
4fdbf0be-4c3a-4bd4-9a3a-901e45c14ca0,121.27,1,Accessories,bank_card,173.0,2,10,1
4fddfee0-5e88-4720-b41a-643f4e59b5e5,38.99,2,Accessories,bank_card,60.0,3,10,1
4fe59fd1-8b08-4480-b024-0904a9144cdc,80.41,1,Office,mir_pay,172.0,1,8,3
4fe69b54-7738-4b78-9a85-7eb71d5e0e62,356.03,1,Tablets,bank_transfer,263.0,1,7,3
4ff054af-ab58-46dc-affe-7cd8897fdb62,191.36,1,Smartphones,bank_card,73.0,1,9,0
4ff14667-daf4-4ccd-9439-7899ca19492c,1248.99,3,Beauty,sbp,67.0,8,11,0
4ff78336-1525-4a77-8bde-32da95e80d57,161.5,1,Travel,bank_card,21.0,1,8,1
50036805-9496-48ae-8b18-d180dbb51379,126.91,1,Beauty,bank_card,291.0,3,10,2
500422f2-0fcb-42e6-9e72-99f122a982d9,54.87,1,Tablets,sbp,19.0,6,10,0
5008440a-a4de-4bdd-9f6d-1902ebd7caab,57.06,2,Tablets,bank_transfer,143.0,5,10,3
500b7c01-549a-4963-af0b-ffd845991869,71.57,1,Automotive,bank_card,127.0,4,10,2
50124b8d-5e70-41be-9440-549e7978c90e,53.28,1,Shoes,bank_card,76.0,8,11,2
50316dd1-9b16-496b-8598-074b46adee21,163.48,1,Jewelry,bank_card,159.0,6,10,2
50403a69-6472-4378-8788-a14e4b42390f,85.02,3,Health,bank_card,55.0,4,10,0
5044601a-3ace-435f-8290-c488212f21bf,104.41,1,Shoes,mir_pay,36.0,3,10,1
504cfeae-1570-4507-9fe3-eacdc55ad2ec,143.61,1,Outdoor,bank_card,175.0,3,10,1
5063c973-69b4-4955-a0c4-dfe03fe51997,32.15,1,Health,bank_card,34.0,22,10,0
50771f20-73ca-44cd-a99e-be13c77a84e4,696.03,2,Tablets,bank_card,302.0,6,11,2
507de67a-fff2-4338-b68f-bf77dca80c53,35.01,1,Smartphones,bank_card,44.0,3,10,1
5081e206-b441-42ef-8b86-5b699fea711d,173.37,3,Jewelry,sber_pay,40.0,3,9,0
5090ff26-c1e0-43da-9139-42c940681131,421.66,2,Smartphones,sbp,87.0,4,10,2
5091c320-1b0d-460a-abcc-2f97887097c2,105.05,1,Toys,sber_pay,130.0,3,10,1
5098a69c-6474-4c13-b42e-c7dc2e88d087,218.38,1,Jewelry,bank_card,230.0,4,11,4
509a94f2-198a-4114-bf5b-51912ddc43e4,300.41,2,Toys,sber_pay,21.0,12,11,0
509b7c73-5bc3-411b-9c34-1206426ae5e1,74.43,1,Automotive,mir_pay,138.0,5,10,0
50c4020f-8313-4f20-b539-8d5f5c12aa3c,125.26,2,Furniture,tinkoff_pay,5.0,2,8,0
50c52596-94ba-4627-baed-56c645c5885c,147.27,3,Automotive,tinkoff_pay,34.0,2,10,1
50df44b8-549b-448b-8495-6c1fa734aeed,112.42,1,Food,bank_card,38.0,16,11,1
50e11d0b-1051-4878-a7cc-16d208a5cdce,119.48,1,Automotive,bank_card,123.0,3,10,3
50e3ddad-4032-494a-8088-c344c2728b83,74.42,1,Shoes,sbp,83.0,2,10,0
50e5a348-c439-4c55-85b3-bb30d100f6ba,326.04,2,Sports,sber_pay,222.0,2,9,1
50e6179a-3f14-4192-997e-8b57f3204ad9,425.16,3,Sports,bank_card,2.0,10,10,0
50f657ea-5f44-4e85-bf19-99bfac7906e3,77.65,1,Kitchen,sbp,10.0,21,10,0
50fbc3ac-e162-4f9f-967c-c45be769328c,475.07,1,Beverages,mir_pay,13.0,2,10,0
5106081f-178d-43ec-bd38-bf6f6cd93ce6,118.12,1,Shoes,sber_pay,72.0,1,8,0
5119d9f7-dd32-47bc-b6d4-cd01b72fad07,224.55,1,Jewelry,sbp,166.0,3,9,1
51236063-dce1-48ae-913d-21a6f9f6f445,557.37,2,Automotive,sbp,57.0,3,10,1
512e95a7-c627-45c1-b205-cb806f9927bf,98.01,1,Gaming,cash_on_delivery,46.0,6,10,0
51417455-f6d4-4ff7-8c33-3456eb8f4f35,368.41,1,Jewelry,sbp,27.0,7,10,0
51451175-4203-48db-ad0e-a0ae20959be9,86.18,1,Headphones,bank_card,0.0,2,9,0
5168f3bf-cd30-44e6-af7a-7b1aa002ef76,291.35,1,Software,bank_card,89.0,7,10,2
516eca3e-cb68-4c54-b09e-61476889b32e,43.57,1,Smartphones,sbp,37.0,10,10,2
516fe637-d296-4a22-832f-e066a336df7d,374.08,1,Beverages,bank_card,67.0,10,11,0
5170f9d6-9cc9-4072-a95c-65b75bde59b4,381.63,2,Accessories,bank_card,178.0,2,10,1
517851ca-3f17-4af7-b08d-204b8c7cdf7c,125.54,1,Photography,sber_pay,311.0,3,10,3
5189f0f0-b533-447a-bf36-99f45d48909b,37.04,1,Travel,sbp,323.0,1,7,1
519199f6-de8a-4376-97e2-6bbac7db2268,51.77,2,Beverages,bank_card,1.0,17,11,0
51a0af4c-dad7-47ba-8ef4-e1da38cf3f86,82.45,1,Gaming,bank_card,232.0,1,8,4
51a2fb27-2b7f-48cd-b962-daf394ccb88a,39.4,1,Music,bank_card,191.0,4,10,3
51a3efed-52b0-46cf-9e3a-d002e1cf9d6e,122.45,1,Gaming,mir_pay,18.0,10,11,1
51a4098a-ead0-44d7-8dc4-7c398ccaf97a,58.26,1,Home,sbp,46.0,10,10,1
51bbb219-734c-48ae-8c87-3c86fb5d201e,301.26,2,Kitchen,mir_pay,190.0,5,10,2
51bbbd62-fad9-4993-a1f1-cc6da238618e,361.04,4,Outdoor,sbp,1.0,11,10,0
51c039c0-4e77-4608-8897-81701369632d,50.39,4,Garden,sbp,177.0,2,10,3
51d16aa2-4973-4d63-ac6f-7ed516e371e5,25.67,1,Outdoor,bank_card,159.0,6,10,6
51d375d1-cc67-4270-b43b-a8c8eeba294a,106.39,1,Software,tinkoff_pay,330.0,2,9,1
51dac5db-b7e8-4b95-83db-b1c14a6e5f33,53.15,1,Laptops,bank_card,186.0,4,10,1
51dbd7f6-a280-4011-bc44-d681f2d2d2cf,355.27,1,Beverages,sber_pay,149.0,1,7,3
51e39bb6-a628-48f3-9669-be8846f145e3,142.98,1,Automotive,tinkoff_pay,222.0,1,9,3
51e514f0-ce53-42db-9e78-70fe1a09ba94,267.9,1,Shoes,tinkoff_pay,35.0,12,11,1
51e90b69-0e96-4768-ae1a-ebaf43f26a44,140.52,1,Tablets,sbp,160.0,4,10,2
51f298a5-9f91-4665-8ed1-355e4cb4596e,418.95,2,Jewelry,yandex_pay,134.0,3,10,2
521c7cae-b3d8-415a-a3da-43591cd5bb5b,266.26,1,Software,sbp,65.0,1,9,1
5222d588-49de-449d-90c3-3b66da92e79d,301.12,1,Automotive,yandex_pay,248.0,3,10,5
5227f2c4-513e-4e4e-8f3f-11c0eb23e34f,221.43,1,Tablets,sbp,227.0,4,10,1
522f679c-bd45-4920-a6eb-f887f575cc70,153.64,2,Travel,bank_card,12.0,1,9,0
5232348b-56c2-41b1-88c4-4f3009b21e08,184.66,2,Music,sber_pay,185.0,1,8,2
5237a427-24cc-45e3-914a-d2ba8cb20238,238.64,1,Shoes,bank_card,72.0,1,8,1
52418934-6586-4308-877d-65ed2bb4a89c,284.4,1,Health,bank_card,156.0,3,9,1
5246d115-3a98-4ad9-a2b5-d9c7aaf95dbc,355.27,1,Beverages,bank_card,15.0,16,11,0
5259af1a-5310-416b-ac97-98a510d29447,178.75,1,Books,bank_card,201.0,5,10,2
5262f2ac-ffeb-498f-822f-64565cb9b139,19.06,1,Automotive,sbp,11.0,15,10,0
526d2bf6-2727-493d-8dbd-6b595fa0e821,337.0,1,Books,bank_card,115.0,5,10,0
5272f014-b49b-4ef5-be91-b88adb875d33,565.1,2,Sports,bank_card,107.0,7,10,4
5278871c-d290-4a92-9b79-3d86a0c53424,10.91,1,Automotive,bank_card,9.0,1,6,0
5279a12a-078f-4752-ae85-7c7af2c3d1f3,23.74,1,Other,bank_card,175.0,2,10,3
527ce4f4-0115-4dcd-9d18-58b6e20e73f5,101.84,1,Gaming,bank_card,158.0,1,7,1
52819e4f-c381-4747-9138-0656b5116ee8,77.41,1,Software,sber_pay,86.0,3,10,0
52898b6f-6bd9-43db-babb-153fbcee2322,414.92,1,Kitchen,bank_card,32.0,11,10,0
528f7be8-6a52-4a48-aa05-396dccfa1647,446.72,2,Beverages,bank_card,38.0,7,9,1
5296735e-34e3-460d-b265-ff25c38c126b,434.5,1,Home,sbp,201.0,4,10,4
52a57147-a0e5-49e2-b9ac-1567354a254c,538.83,1,Other,tinkoff_pay,128.0,3,10,2
52aa22e9-7441-4e7f-b51b-09279b06da4a,119.57,1,Tablets,sbp,247.0,3,10,1
52ab4a7b-802a-4d58-a50d-b1687d807fd6,153.31,1,Office,bank_card,169.0,3,10,2
52b05db8-b7fe-4fec-96bf-9dab980acb46,169.27,1,Furniture,sbp,96.0,9,10,1
52b9b5b3-c08e-448d-9fd2-6e58da357677,224.24,1,Outdoor,bank_card,5.0,2,10,0
52ba8fad-0317-4187-8968-dcdecbb3d743,31.53,1,Travel,sber_pay,204.0,4,10,3
52bb807b-a74d-4456-b1ca-64f6832b0b3e,454.49,3,Beauty,mir_pay,89.0,4,10,0
52bb8363-6dae-48dd-953e-8995c25ab539,35.41,1,Travel,sbp,256.0,3,11,4
52bed899-39a0-43b2-b71a-c93004d3a93d,105.77,1,Tablets,yandex_pay,69.0,2,10,1
52c8c690-0e1e-4ce8-bb12-048946638538,58.02,1,Laptops,sber_pay,29.0,14,10,0
52c981ef-1765-4929-a365-42aa9d1ff42c,2430.54,3,Headphones,bank_card,180.0,3,10,2
52cc2abf-afe4-417b-8cb1-ceaf293cdb23,249.95,1,Gaming,bank_card,68.0,6,10,1
52d83731-c5fa-4893-8197-6cbda4d0f46d,190.38,3,Tablets,bank_card,104.0,3,10,1
52dbe29d-96dd-44ea-88dd-dccf89d385a6,41.24,1,Electronics,sbp,6.0,2,9,0
52e0067e-5dfb-4aff-bf94-b0b682ba5823,54.15,1,Automotive,bank_transfer,12.0,1,8,0
52ec0093-cbad-43c9-a3a4-943aabb7a17b,238.1,1,Garden,sber_pay,287.0,3,9,2
52efa3fe-fbcb-452b-adf6-9c12dd4f4895,232.86,4,Gaming,mir_pay,89.0,2,9,0
52f08f35-bd24-4501-b351-e1ba438b1d0f,162.19,1,Beauty,bank_card,128.0,2,10,3
52f86005-c49c-4c9d-9163-09886e625cc4,315.13,2,Travel,bank_card,84.0,6,10,1
5306140f-9a81-4de8-8ef7-0c223ec2f36d,44.32,1,Other,bank_card,64.0,8,10,0
5315cbdd-9d26-4102-8d86-dfaac1181c7e,16.19,1,Jewelry,bank_card,43.0,17,11,0
5315d488-b628-46e2-8d86-34f3a8db1f83,134.71,1,Sports,sbp,105.0,4,10,0
5320db9a-4734-4858-8bf3-d048fb5b1eed,2977.79,2,Office,sber_pay,50.0,8,10,1
532a8279-d203-447e-88db-90cc033a7dea,273.64,2,Travel,sber_pay,5.0,5,10,0
532acf37-5d62-41aa-8b98-2804a00c2843,253.1,1,Home,bank_transfer,85.0,2,10,0
532ef153-b873-42a6-b192-39872c3c42b1,89.13,1,Furniture,mir_pay,10.0,8,10,0
5336a59f-83ad-428c-b5bd-c8a5b41c7f23,275.38,1,Beverages,bank_card,92.0,7,10,1
53441348-c59a-4169-a498-dfbe213f72d3,313.26,3,Automotive,mir_pay,85.0,8,10,2
5349a2fa-efa7-44da-a268-de0d09428236,105.26,1,Beverages,sbp,8.0,8,10,0
534b4af2-0618-4a38-9983-6fcbd61f7735,170.23,1,Laptops,cash_on_delivery,23.0,2,10,0
534dbafa-dfba-4041-a114-21bf17c8065b,26.5,1,Shoes,bank_card,149.0,5,10,3
536208b4-4e98-47d5-8a24-0abe2ff6da6c,456.94,3,Clothing,bank_card,266.0,3,10,1
536b7f96-3c47-4cb3-970f-fef0517bf8ca,98.1,2,Pet Supplies,bank_card,11.0,5,10,0
5381f7b1-3e59-4333-af57-c08236730979,157.94,1,Other,bank_transfer,34.0,2,9,0
5389447d-d47f-4cc3-993a-942e48b37311,54.58,2,Smartphones,cash_on_delivery,254.0,3,10,2
5391e25c-f279-478b-a66d-caf93943a19f,181.83,3,Tablets,bank_card,36.0,2,9,2
5395756c-04f5-4693-bcf9-7095b0b29e4a,67.16,2,Smartphones,sbp,53.0,2,10,1
539f5a65-4e9a-4c28-b2e3-b974615abc79,49.28,1,Automotive,tinkoff_pay,233.0,3,9,4
53ad1aec-0666-43aa-b91e-d4b9e2802972,16.47,1,Beverages,sber_pay,29.0,2,9,1
53c1a010-453f-4012-98f4-e81c8eba47a7,316.48,1,Furniture,sber_pay,60.0,2,10,2
53c850e1-6adf-4236-8b1e-3ae907211b92,380.56,1,Sports,bank_card,27.0,2,10,0
53cccfa5-afd6-4a86-8837-d315ce95ab68,156.06,4,Sports,bank_transfer,46.0,7,11,0
53d0e9bf-d474-40f2-8c54-e9cf2268b245,1378.17,3,Jewelry,sber_pay,132.0,4,10,2
53d2f1bc-aaf7-45bc-8ac6-ca66fcdfa4ae,17.57,1,Headphones,sbp,200.0,3,10,3
53d4b3b5-89bb-4e9b-a11a-8f8d39fdcaae,99.8,1,Toys,bank_card,128.0,3,10,1
53d97265-9893-4567-a492-592283f033a0,68.89,2,Accessories,mir_pay,50.0,3,10,1
53dbfec1-3fb2-4f68-aa5c-67ea5eea0dcf,150.72,1,Gaming,sber_pay,43.0,8,10,1
53eb503e-e3e7-4117-b7b8-a4ba46d43719,255.1,1,Toys,sbp,39.0,2,11,0
53ee562a-da6b-4c27-b673-4c558fe46aee,179.87,1,Laptops,bank_card,159.0,2,9,4
53f29214-7643-460f-ab6a-62b3583bdf18,79.55,1,Photography,bank_card,86.0,2,11,0
53f53ab7-b8a8-4b8d-a45a-5368764a6f37,45.22,2,Pet Supplies,sber_pay,100.0,3,10,1
5416768d-5949-4b96-b9d6-096ffbd4bd54,130.67,1,Accessories,cash_on_delivery,26.0,1,8,0
5417d368-bbc9-4bb3-919f-375eb3a5b744,146.92,1,Health,sber_pay,273.0,3,10,3
543ebb44-941c-4663-b354-a09429ba0ef3,188.65,1,Tablets,bank_card,181.0,2,9,4
5441dadf-c3b0-41bf-9cac-baddbde540c8,202.49,1,Outdoor,bank_card,53.0,3,11,2
54535e0d-7121-45bb-ac2e-bca42a8b65a2,227.84,1,Garden,bank_card,196.0,2,10,4
545d7cb1-5036-4c79-a374-330175f66791,80.8,1,Health,bank_card,257.0,2,10,3
545e4702-6a4c-43d1-9d2f-ab4cfe4a9172,377.55,1,Automotive,bank_card,89.0,8,10,2
5466a98e-35ca-44a7-be7d-62f1a70cd8b6,105.95,1,Jewelry,bank_card,262.0,6,10,3
547a5c57-c40a-4ece-89f3-5f4e0fad9b4a,27.92,1,Furniture,sber_pay,236.0,1,8,2
5484f576-11e6-4241-8575-7cc43d155828,186.95,1,Accessories,sbp,32.0,13,10,0
548691a9-9e78-4669-99ca-acbd632e10b8,1102.4,1,Headphones,bank_card,229.0,2,10,1
5490cf51-e865-400a-89c1-f3222c586a60,450.42,1,Jewelry,tinkoff_pay,67.0,6,10,2
5495f805-4cf1-4696-a598-68b350b828e1,180.03,2,Smartphones,bank_transfer,212.0,5,10,0
54a6a5c4-7efc-4431-9c08-c9b69958096c,78.59,1,Furniture,sbp,289.0,2,9,1
54a709b6-4970-44ae-b4e9-7f464df52c03,118.82,2,Music,sbp,96.0,9,10,1
54d267da-7b35-4836-aed5-9f5b87c59d87,125.89,1,Headphones,sbp,50.0,15,10,0
54d570dc-f9fb-4fc0-b8e5-0370578d004a,583.79,3,Furniture,mir_pay,36.0,6,10,1
54da4dcf-d73f-4c9d-a7ec-2d7499f10e6d,474.62,1,Accessories,mir_pay,69.0,14,10,2
54f13155-acd0-45a4-aedb-0da51b93d030,25.72,1,Health,yandex_pay,32.0,3,10,0
55058738-d39e-4abd-bf4f-f8ca9ec39562,119.22,2,Pet Supplies,sber_pay,127.0,2,9,2
55076756-0875-434d-a331-f4c4c9dd21da,25.5,1,Beverages,sbp,16.0,21,10,0
550921cc-4186-4bd0-82e5-0a2ed83c67d2,84.48,1,Toys,cash_on_delivery,20.0,15,10,0
5518016b-4cea-4bad-81c3-da78e0bbba64,306.93,1,Software,bank_transfer,121.0,9,10,1
551ad298-51b2-47af-afa1-739d6c070c6b,354.86,1,Jewelry,sbp,95.0,7,10,1
551bbd08-b50c-4271-91a8-3b71ccdd7eba,431.06,1,Other,sbp,18.0,2,10,0
5520f8ae-34c1-4aa3-af87-f82dc3e00ff8,31.2,1,Travel,bank_card,206.0,3,11,3
55239056-39ac-4091-8bb4-2abb8a52cf57,103.66,1,Toys,sber_pay,46.0,12,11,0
552a489e-d66a-4eeb-801e-e05891a02d9f,53.64,2,Accessories,yandex_pay,12.0,4,11,0
5532a4fe-e7de-4c60-bb4b-b45f19ffb5c7,85.37,1,Health,bank_card,126.0,3,10,1
5542e516-cac7-4c7c-aab6-e83434309037,237.33,2,Food,bank_card,159.0,1,9,3
554c7913-b543-4d16-9e91-d833480d4bc6,107.54,1,Furniture,bank_card,73.0,5,10,0
555289ed-d9c5-4d7c-969a-a19380ac52bf,238.45,1,Laptops,bank_card,72.0,10,10,1
555b645e-b1e9-4740-bbbe-86b23763f7c2,34.94,2,Other,sbp,83.0,11,10,2
5567dea7-3b8b-46fa-97e6-554ccbedd8ea,224.04,1,Kitchen,sber_pay,281.0,3,10,4
556d8d7b-4c5a-49dd-ad4c-0f816baf9385,210.1,2,Toys,sber_pay,23.0,4,10,1
55711325-9bf8-492a-ad86-0139b4290562,85.85,1,Jewelry,bank_card,162.0,2,11,4
55728633-a30e-419b-841e-0a056a40709b,97.96,1,Books,sbp,168.0,2,10,3
557b1d97-a6d6-4cd0-949b-7b11bbeec8f9,239.97,3,Furniture,bank_card,129.0,1,9,1
55896c1b-f5cb-4a51-bc32-7e20f216356e,153.72,1,Toys,mir_pay,12.0,2,9,0
5595d890-6593-4bcf-ba80-51fb77e8c68e,153.83,1,Music,cash_on_delivery,3.0,1,7,0
55a1b3b6-bf25-4f96-afe1-7da17960a143,1332.88,4,Gaming,sber_pay,70.0,3,10,1
55a7add5-aff7-42dc-a355-026b983fac8b,97.11,1,Health,bank_card,64.0,2,10,0
55ad8e9e-a0e9-40f4-b084-88a461d61a53,68.58,3,Tablets,sbp,138.0,2,10,2
55b052d1-35c6-45d5-a921-43663c16189f,1027.85,2,Food,bank_card,5.0,17,11,0
55b3d2c8-d680-4832-b740-8c340815a87d,168.84,2,Headphones,sber_pay,13.0,15,10,1
55b45f52-7d87-4601-a7c8-36388faf7e8e,274.07,1,Health,cash_on_delivery,33.0,12,11,0
55c3260b-fb9a-45cd-94b8-f7f57db564f5,269.39,1,Headphones,sber_pay,3.0,1,8,0
55c5fab7-7287-43aa-aa02-4697228240ab,239.49,2,Shoes,bank_card,51.0,10,11,1
55ca7eae-f101-4203-b3b1-b98e010daf6d,276.72,1,Office,sbp,104.0,15,11,2
55e0ed2f-d1cc-4494-a376-4ae6879fffdf,151.66,2,Garden,bank_card,99.0,7,10,1
55eebb44-c08a-48c2-8afa-948d6ed9db50,83.92,1,Pet Supplies,bank_card,23.0,13,10,0
56095bdc-14c6-48d0-aa84-b3c17628cb77,449.19,3,Sports,cash_on_delivery,137.0,3,10,0
5613a33d-d71d-4d47-a609-112aebdd57b1,154.07,2,Shoes,tinkoff_pay,167.0,1,7,1
561e456b-7ccb-4a70-b8a7-7b87633587e1,50.02,1,Home,yandex_pay,40.0,5,10,0
5620aa2d-34f9-4ca8-b9c1-6994ad2af1b3,67.55,1,Health,cash_on_delivery,233.0,4,10,3
56253a4c-0338-4035-8c33-010b61ac7276,484.59,2,Garden,cash_on_delivery,82.0,7,10,1
5626c0f9-9a60-4ca5-b474-15c55a918750,50.82,1,Headphones,bank_card,17.0,2,10,1
5629d040-3b12-41ce-8506-9e468cf10cb0,653.33,1,Outdoor,sber_pay,154.0,3,10,3
563d690a-d4d8-4177-bac0-4063f9b1bb8e,103.66,1,Toys,sber_pay,4.0,9,10,0
563eafbb-ffb0-4a8d-936a-91a4725a123b,177.5,2,Tablets,bank_card,128.0,2,9,1
5640ebb7-3b90-489e-890a-3dc6ea867df6,733.19,3,Laptops,bank_transfer,307.0,2,10,4
5643e0d0-9af8-4193-ad96-ae1f60f736be,39.41,1,Travel,mir_pay,17.0,18,11,0
5645cea8-fcd1-497d-8878-48bcd8122a2b,126.05,1,Shoes,bank_card,39.0,2,9,0
56485dcb-6aa6-4c76-9c25-6d95256e6fec,88.41,1,Books,sber_pay,32.0,3,10,0
5660a65c-cc6c-44be-ba1a-fd345754e7fa,220.32,2,Pet Supplies,sber_pay,48.0,3,10,2
566fa14a-b9bd-410f-9da5-834eda62be16,75.24,1,Health,sbp,139.0,3,10,3
56791b55-4f49-46a3-8b7b-4bf6cd2cefa0,126.87,1,Photography,bank_card,213.0,3,10,2
567a46f4-d00c-4191-b2a2-5d250b539f38,116.75,3,Sports,bank_card,285.0,4,10,2
5697cfb2-a3ff-4a1a-a866-8f0f764b80c6,395.39,1,Electronics,bank_card,176.0,4,10,3
56af4c5c-fd4f-457b-8971-94c81e81459e,88.12,1,Other,yandex_pay,44.0,9,10,0
56b8dd1b-07e5-4688-94dc-699b95687c36,70.36,1,Kitchen,sbp,151.0,1,7,1
56befa50-c4b2-4b4f-9441-81e2e33b0851,100.73,1,Jewelry,bank_card,20.0,14,11,0
56c541af-6805-4ff7-bcc1-3cbbb896b0d2,39.15,1,Photography,bank_card,90.0,11,10,0
56c5e210-58cc-484c-abf7-6a251566040c,36.06,1,Office,bank_card,12.0,3,10,0
56cd750b-f2eb-4a17-8f7f-9685e441c8cf,53.39,1,Jewelry,yandex_pay,34.0,3,10,1
56cea948-384d-4709-9f69-3009dc83c010,296.59,1,Pet Supplies,bank_card,6.0,5,10,0
56cf9451-9238-4469-a699-af412cf341a0,1332.3,2,Headphones,bank_card,117.0,3,10,3
56d49c3e-a74d-4a1c-aad4-540adbfa8b9d,169.19,1,Toys,tinkoff_pay,241.0,5,10,1
56d59a4e-adee-4eb6-b1a3-cc32fedf8496,494.13,3,Music,bank_card,71.0,8,10,3
56d6de20-2da2-440a-821a-90fa0e1bc20f,65.77,1,Electronics,bank_card,0.0,5,10,0
56e3c6df-bece-4059-8ce9-3bcb95033b18,230.33,1,Office,sbp,74.0,4,11,2
56e949a2-4368-4470-bf5f-cef5b693714d,75.27,1,Accessories,bank_card,105.0,2,10,0
56f0baef-fac9-4226-b161-01019ea60d0d,339.11,1,Garden,tinkoff_pay,76.0,3,10,1
56f1f273-f24c-415a-a0f0-05d5ecfa7220,41.02,2,Kitchen,bank_card,32.0,6,10,0
56f33081-f1de-45b3-93f2-2330f181fc16,166.45,1,Clothing,bank_card,59.0,3,10,0
570015ec-c74f-4bc3-a316-530506aace06,72.88,2,Automotive,bank_card,3.0,1,9,0
57071d42-685a-4d02-b297-f85c8be5b0a9,1835.14,3,Outdoor,bank_card,286.0,4,10,4
570802b3-7ffa-468f-9fa5-fb21994dde9d,208.95,1,Outdoor,sbp,177.0,5,10,2
5708055c-9e65-4047-8b9c-c27661a7b34d,488.5,1,Books,bank_card,280.0,2,10,1
570a094f-aad7-44eb-90ca-acdaa898f935,676.17,2,Beauty,yandex_pay,76.0,6,10,1
571f5018-2895-4ccd-b56f-bc6a6a1bf8ce,2977.79,2,Office,bank_card,71.0,8,10,1
5721dd07-21fd-4dd2-a759-546fed157e48,94.6,1,Electronics,tinkoff_pay,227.0,4,10,2
57274df8-c811-4bea-8b14-ec1e3c72bae9,192.74,1,Photography,bank_card,114.0,5,10,1
5731305a-8430-4260-8249-70d356fcebfd,156.15,1,Toys,cash_on_delivery,205.0,2,9,3
57317f0e-80a4-4855-8fd5-de3213dd3517,305.1,1,Accessories,bank_card,21.0,12,10,0
573deb84-57c2-4a46-9074-52a2399eb911,135.05,1,Accessories,sbp,29.0,6,10,0
573fd863-22e1-4174-a24a-249192eb3f8b,43.7,1,Software,bank_card,2.0,6,10,0
57437306-e88c-40f4-b70d-46fddb0ca7dd,84.7,1,Tablets,bank_card,55.0,1,8,0
57600607-bf01-4a23-b461-8d630cc12db6,288.26,1,Jewelry,tinkoff_pay,43.0,14,10,0
5769f6a3-95f2-4a88-bf26-60dda0c69c3f,129.78,1,Other,sber_pay,38.0,11,10,1
577aa94c-2c0f-458c-af5a-509f2d8745aa,254.68,1,Music,bank_card,61.0,8,10,0
577ec44b-aecd-4eb7-84bc-fc7a82062bfd,152.45,3,Beauty,sber_pay,20.0,18,10,0
5788a1d7-0032-45ee-8319-2866da73a4c1,28.44,1,Beauty,bank_card,78.0,5,10,0
578b8694-3194-4f58-84b8-59aaaf564dc1,447.54,3,Clothing,bank_card,125.0,3,10,1
5792814e-bde4-4f81-8791-d9dcc9b8a6b9,37.11,1,Laptops,sbp,144.0,3,10,1
579568ea-0239-4ad3-bceb-d1302029275d,25.41,3,Clothing,bank_card,19.0,19,10,0
5796ab51-ad83-471f-a271-89b3133c2798,57.79,1,Jewelry,bank_card,72.0,2,10,2
57aa739c-4c1f-4a81-8a2d-62ab9348a745,104.9,1,Accessories,bank_card,4.0,6,10,0
57b6cbe9-64e4-4ebe-ae1e-afcaa966e0bd,14.36,1,Office,sbp,56.0,6,10,2
57bb9668-dfb1-4d09-89de-73d2f7859589,471.8,1,Food,bank_card,179.0,3,11,1
57c4d066-f75d-4acf-8929-6526f906d085,89.29,1,Headphones,mir_pay,49.0,6,10,0
57d03505-89e4-4dae-b068-d4ffa9b5d10c,351.9,2,Books,sbp,40.0,4,10,0
57d45763-df85-4d8a-a60a-b235f4f64c72,164.52,1,Music,yandex_pay,121.0,3,11,2
57de72e6-a5da-4212-80f7-cfe6cbe94407,380.72,2,Health,bank_card,27.0,18,11,1
57f1d43c-5ce2-46ce-aa02-fa7fd923d4db,376.2,2,Health,sbp,10.0,3,10,0
57f2a864-ffe8-4ec2-8a49-92b772b63477,60.53,1,Toys,sbp,110.0,11,11,2
57f95f16-ca0b-495a-b585-9680fc05a974,268.88,2,Other,sbp,69.0,5,10,2
57f99115-8c08-4c15-8342-b3f777b6159a,86.79,2,Furniture,bank_card,237.0,4,10,1
57fa45a1-13d9-484f-b530-24424b61a2b1,2653.58,3,Outdoor,bank_card,51.0,6,10,0
57fa8195-3a06-4304-9572-37cc5ce11f2e,126.23,1,Travel,bank_card,184.0,2,10,4
58067612-a22d-468f-8877-3d8abf16edc6,69.05,2,Automotive,bank_card,165.0,5,10,4
580a30c3-be27-45b4-9777-7a8ffcb06cd5,265.08,2,Office,mir_pay,34.0,4,10,1
580c13c8-3bf8-4c03-a93e-0477f6874188,79.91,1,Office,tinkoff_pay,24.0,11,10,0
58107fa6-a550-426a-a2ea-a642ece455f6,22.04,2,Photography,sbp,35.0,23,10,0
58126c96-6bae-4b26-948b-25db90940dc1,97.51,1,Books,bank_card,165.0,2,8,0
581294c0-9a72-489e-9f5c-e0c929fddab5,90.31,1,Jewelry,bank_card,275.0,4,10,4
5842dc22-e3cd-4373-94c2-11e58d9f3531,205.52,1,Other,cash_on_delivery,1.0,1,8,0
58471c06-d8dd-4685-beb2-69c82b26e294,26.82,1,Accessories,bank_card,96.0,7,10,2
586f2115-b760-40b0-b5d8-13858e09688e,97.5,1,Automotive,cash_on_delivery,149.0,2,10,2
58766e1f-09e1-49c9-b88e-e0df879e7eff,70.04,1,Toys,sber_pay,16.0,8,10,0
587799bd-4244-4a27-bdf9-315d6fef3d93,177.81,1,Outdoor,sbp,37.0,6,10,0
58994533-0db2-49a8-9c80-f60b28b9a274,304.66,2,Jewelry,tinkoff_pay,110.0,2,10,2
58a16166-1c5d-45bd-b930-dd1b66340bb3,49.7,1,Other,yandex_pay,44.0,8,10,1
58a8b4c9-3c49-41d5-928e-f74eff5cba90,130.28,1,Music,bank_card,36.0,4,10,1
58aef441-ddec-458a-9359-bf00671da6df,434.82,3,Gaming,bank_card,228.0,3,10,4
58b20ae2-7efa-419e-b513-59c8d3a3f9b7,6129.95,3,Health,sbp,25.0,16,10,1
58bdd36b-0699-4d1d-be73-5393b135e58c,181.56,3,Food,yandex_pay,108.0,4,10,2
58bf80ce-04b0-43e2-896d-df3d6f9c74c4,445.29,3,Kitchen,bank_card,236.0,3,10,2
58d44098-fb41-4357-b266-98910ed31128,30.09,1,Furniture,cash_on_delivery,48.0,2,10,1
58d5819d-7a02-4bad-a85f-1c5f9b8239ed,82.36,1,Music,cash_on_delivery,150.0,5,10,1
58d6853f-aee0-435b-aaca-4ec14a6807b7,7.42,1,Music,bank_transfer,228.0,4,10,3
58d90d29-49c9-4bd4-8739-5b57a9b9cece,842.98,2,Photography,sbp,88.0,8,11,1
58e5a927-3758-4833-b84f-8c3fd7981325,46.79,1,Smartphones,bank_card,144.0,4,10,2
58ea8d58-f0bf-43a5-bb94-f821b4091f31,1820.23,2,Office,bank_card,44.0,5,10,0
58f34915-ad68-4b85-ae6e-47204edacaa9,23.75,1,Headphones,bank_card,26.0,2,10,0
58f9b341-2431-4ff0-b1f1-6a976c49cfee,93.74,2,Headphones,bank_card,235.0,1,9,1
5905e86e-892f-4727-bf04-e3266e9cfeee,28.94,1,Health,sber_pay,0.0,2,10,0
591155ea-e21b-4a13-8129-634ca2050819,119.94,1,Travel,bank_card,8.0,17,11,0
59145eb3-fa20-45fe-a175-122dd0b873d6,36.83,1,Photography,sber_pay,204.0,1,8,0
5925dbcb-edd4-43e3-a484-3f7a41af2fe7,197.84,1,Software,bank_card,11.0,1,7,0
593292d6-78f8-45b7-8dcd-e93e6b9c0519,15.68,1,Smartphones,sber_pay,26.0,2,10,0
5932f7fa-3718-4204-9af3-f36048dcc3b8,73.13,1,Furniture,sbp,140.0,5,10,4
593ade1a-1588-4a49-920d-f3f3593f3c19,341.68,1,Travel,sber_pay,296.0,2,10,1
5941de56-b10a-47ab-80b3-d5fc6c0a0804,52.28,1,Books,sbp,49.0,16,10,0
594885dc-9075-4f58-a6cf-f579b7fa3fb8,193.6,2,Furniture,bank_card,11.0,2,8,0
594a5927-280b-4cc7-b2ed-d6efc1b20dd0,88.7,1,Health,sbp,292.0,1,8,4
59607c64-2d73-4926-9bf2-9c98b3d4c6ed,86.6,1,Beverages,bank_card,44.0,5,10,1
596f7103-ee53-497a-89e7-9dc037eff52e,334.36,2,Outdoor,sbp,268.0,2,10,2
597c6d02-572e-42ec-9f8c-3c2f004414e7,18.59,1,Food,sber_pay,82.0,2,10,2
5988dfa5-dfd1-43ed-83dd-7c0930123e55,340.62,1,Jewelry,yandex_pay,28.0,9,10,0
59898bec-894d-41c8-ab70-f70be3d06040,113.41,1,Accessories,sber_pay,33.0,9,10,0
598a76db-c167-4902-bddb-4329db317315,19.7,2,Tablets,bank_card,87.0,5,10,0
598bd50e-1c87-4607-8cb1-49a9bb689632,39.63,2,Smartphones,cash_on_delivery,114.0,6,10,2
598fabec-113c-468a-830a-0524b5969abe,70.01,1,Food,mir_pay,21.0,2,9,0
5994bacb-9c0e-4d12-883d-a641b20f59a1,35.38,1,Toys,tinkoff_pay,183.0,3,10,1
59a19b5a-79a2-4498-9512-6f432e570d59,1335.88,2,Kitchen,mir_pay,6.0,10,11,0
59a8e8c9-b890-4052-9a8a-d068cd34af9d,129.88,1,Health,bank_card,148.0,4,10,1
59ad116e-b2f0-4c28-8904-be319fc5161d,9.73,1,Toys,yandex_pay,67.0,6,10,0
59b8e0ff-dd3d-4835-980d-3c4f29179ee2,59.22,2,Books,cash_on_delivery,1.0,5,10,0
59b9f5f1-b9f4-4166-b90b-571ebc685306,81.59,1,Laptops,bank_transfer,18.0,9,10,1
59c2abce-2fd9-4d14-86f2-ffd338c1fa9a,189.86,1,Toys,sbp,257.0,3,10,3
59c61179-eb20-4f56-9d35-4a7f4ad20772,56.84,2,Laptops,sbp,131.0,6,10,1
59dedab6-271d-4d0f-b673-7fc4f82e2f3f,143.05,1,Sports,bank_card,11.0,7,10,0
59e30efc-6e9a-468a-887d-21404ab939aa,29.47,1,Music,sbp,15.0,2,10,0
59edb068-8ccb-449a-9dd7-0df6e8dca317,57.96,2,Electronics,bank_card,81.0,2,10,0
59ef76e7-f202-4284-ad65-80dec4b5933b,115.77,1,Home,bank_card,114.0,6,10,5
59f7fe4c-db66-4cfa-881d-e9ce84c08778,577.0,2,Health,mir_pay,25.0,12,10,0
5a159789-6eec-431a-8767-5a2f3a248efd,88.5,2,Electronics,bank_card,122.0,7,11,1
5a1d71f8-4b21-45d7-8d61-5a42c23d3a82,15.82,1,Headphones,bank_card,27.0,8,11,0
5a2a8d98-c081-40b5-a2ad-fc481b2c7065,72.52,1,Home,sber_pay,31.0,1,9,0
5a2ef5ba-638b-416e-8490-0100866c893f,109.9,1,Home,bank_card,28.0,2,10,0
5a402d1d-b914-430c-b726-d10ddf39807d,40.68,1,Beauty,bank_card,11.0,10,10,0
5a430ba7-0b07-4746-babd-6b22a448a915,31.9,1,Smartphones,bank_transfer,61.0,2,10,0
5a4e8167-8175-44b8-a038-7c1267db53ee,73.87,1,Kitchen,bank_card,74.0,5,11,0
5a5bd507-5bf0-416d-b130-a8f9fb5c3c85,85.04,1,Headphones,sber_pay,23.0,15,10,0
5a61d7f6-a5c1-4a63-a47d-237ac3589b5c,198.69,1,Travel,mir_pay,5.0,5,10,0
5a68ffe4-72c0-49ae-9374-d176c4a5dff6,52.1,1,Jewelry,tinkoff_pay,27.0,3,10,0
5a87d18a-45ff-40ba-8e57-d79aeb9f4daf,331.07,1,Toys,sbp,123.0,3,9,1
5a8a7046-07d3-4f3c-a508-4fce5001f229,115.27,1,Beauty,bank_card,67.0,8,10,2
5a8d0707-ed7d-4028-b036-964513fc5ea9,444.26,2,Sports,cash_on_delivery,8.0,1,7,1
5ab7e349-676a-4c86-858d-5a8762cd46e0,62.88,1,Software,bank_card,16.0,4,10,1
5ac9baed-a631-43d2-9959-a64fc0d6b854,64.94,1,Gaming,bank_card,75.0,2,11,1
5ad86eea-835b-4fd5-976f-baca8298c626,637.66,1,Jewelry,sbp,93.0,7,10,0
5ae126ab-1509-4616-b037-7cef9166f115,118.21,1,Software,sbp,27.0,14,11,0
5aefd7b9-9686-4f85-ad55-6365dc028e52,965.93,1,Furniture,sber_pay,124.0,4,10,1
5af07f0a-3037-4450-9b05-fff43029959c,157.94,1,Other,bank_card,72.0,4,10,0
5af53acc-0171-4ae3-b9c1-74898cb8a3f6,298.22,1,Jewelry,bank_card,253.0,2,10,3
5af93938-3801-4a73-a701-c3476fb0ae00,724.3,1,Home,bank_card,39.0,5,10,1
5b35fca2-3545-4c26-981a-1ead987753c4,219.1,1,Sports,bank_card,3.0,1,8,0
5b3b5cd2-0448-422d-97a7-1c4da6bb5cc5,609.91,4,Other,tinkoff_pay,129.0,2,9,0
5b3ea9d5-07ae-4304-8d1d-e26b5f47e1c0,192.2,1,Other,sbp,50.0,13,10,0
5b460d4f-7941-413a-8cce-68ac2e83aa2e,96.99,1,Office,bank_transfer,42.0,11,10,2
5b49125c-e4b7-42c3-a8f5-245bef7f641d,168.46,1,Pet Supplies,mir_pay,224.0,4,10,3
5b4d2121-8141-4b9d-8c14-2497129b74a0,12.98,1,Beauty,yandex_pay,55.0,12,10,1
5b54dfcb-19f0-40a6-b265-4dabc5d5c922,37.4,1,Books,bank_card,21.0,2,10,0
5b69152c-b566-4279-bf67-92c72634ef3b,141.34,2,Other,sbp,9.0,2,10,0
5b6ce729-101c-4a04-8404-5e68e375981c,21.92,1,Electronics,sbp,220.0,1,8,3
5b7c8d67-5696-4dc1-9885-52719f33d460,661.27,1,Software,bank_card,162.0,2,9,0
5b894f7b-6c3f-45df-a53f-2e39be6eca24,223.16,1,Photography,sbp,2.0,8,10,0
5b8dbf5b-384c-4e61-a41e-ba2edefa0f06,140.21,1,Gaming,bank_card,162.0,6,10,1
5b9260f3-58ea-41b8-a60b-132982499201,111.04,1,Outdoor,bank_card,15.0,4,10,0
5b985160-0d68-40c3-a5eb-95255b5f812c,87.3,2,Books,sbp,97.0,2,10,0
5bbb3bcf-c314-43cd-8d4b-4ecf06b2e8c6,1016.77,1,Furniture,bank_card,237.0,5,10,0
5bc48a6b-6051-41c7-b92c-7e5659d41711,34.06,1,Books,bank_card,249.0,2,10,1
5bec7080-5685-4e88-b86f-e28f5fda4680,251.4,1,Automotive,bank_card,102.0,1,7,1
5bede4bd-36f5-400c-99a4-652080a697cf,103.66,1,Toys,bank_card,95.0,7,10,2
5c0d67bf-eed8-45a7-90b2-07c9faee7970,164.82,1,Toys,bank_card,70.0,7,10,1
5c1aaa53-8df5-4063-bc40-2ec4f42f9d49,190.61,1,Laptops,sber_pay,249.0,7,10,4
5c1be83a-7d8d-4147-a540-9f737cd43b21,33.22,1,Automotive,sbp,155.0,3,10,0
5c21b501-3b66-4dfb-adf6-bfdabbf2892f,399.71,1,Shoes,mir_pay,8.0,2,9,0
5c23bad6-2db4-4490-98fb-376083b8f562,10.39,1,Toys,bank_card,10.0,18,11,0
5c325bfd-308f-423a-a4de-fce1f557b7ef,38.82,1,Kitchen,sbp,36.0,4,10,0
5c429682-00b9-4d1c-a4c4-1cb2d0fe3491,83.57,1,Furniture,sbp,24.0,11,10,1
5c4b5992-da14-42e1-a59b-8f3e2a4c1a7c,53.09,1,Smartphones,bank_card,27.0,1,9,0
5c5174b8-ea0c-47f2-9a03-ea9064eeaf01,79.96,1,Shoes,bank_card,76.0,2,10,2
5c5c3d48-360a-4015-a53c-00411d25b3c7,745.3,2,Beauty,sbp,17.0,2,9,1
5c5e9e8d-44cd-447c-b592-b14236f7204e,163.62,1,Other,bank_card,67.0,4,10,1
5c7906ae-d012-41d7-b7be-77a895f999e2,27.42,1,Music,bank_card,101.0,4,10,1
5c7ba6d2-bc0d-4cfc-aea7-cf0c08b3482c,159.27,3,Smartphones,yandex_pay,67.0,5,10,2
5c835881-0245-4bba-97eb-d7c88006807d,27.98,1,Headphones,bank_card,85.0,7,10,2
5c8b1244-5a82-4479-b217-0cdfb8154845,517.83,1,Pet Supplies,bank_card,219.0,3,10,5
5c901d5c-d9a9-4d0e-9449-58274f35ece9,110.1,3,Garden,mir_pay,53.0,16,10,0
5c936f39-70dc-4ac0-bc28-fcaec3edbe5c,224.24,1,Outdoor,sbp,82.0,4,10,0
5c9a61cc-cffc-49e7-8ee9-e1cb9fb74d82,786.65,1,Accessories,bank_card,190.0,1,9,2
5c9d752b-14eb-42f4-8792-875413cc507a,41.06,1,Electronics,tinkoff_pay,12.0,4,10,0
5cc1ca32-9583-477e-8df6-e85048db8529,378.93,1,Sports,mir_pay,24.0,9,10,0
5cc90b9d-25a5-4375-a4e3-67cabb69848b,266.49,3,Clothing,sbp,2.0,5,10,0
5cd01561-b641-4aba-a1c6-cb039f8073c3,264.85,1,Books,sbp,89.0,3,10,1
5cd3d8d9-9a34-4e54-a8f2-4db6913e7cd6,114.8,1,Music,sbp,6.0,2,10,0
5ce5522e-d72f-409e-959f-9f7db8d6740e,279.2,2,Gaming,bank_card,135.0,3,10,1
5cec5817-9acb-40b5-8287-f75ade917c35,204.82,2,Tablets,bank_card,22.0,6,10,0
5cf2fd45-7239-4727-a1d4-a69a30d25600,84.76,2,Sports,bank_card,76.0,9,10,2
5cf989c3-cf42-478b-b54e-57444c228cb6,258.82,2,Food,sber_pay,7.0,22,10,0
5cfa31d4-f358-465c-abf5-19224aed5756,267.26,2,Beauty,bank_card,202.0,5,10,1
5d0a9dbf-5c4e-4582-b696-7b3d8ff822a5,19.34,1,Furniture,bank_card,69.0,2,9,1
5d0f6e60-9c9b-4d5a-bd31-a391dd86e89b,38.97,1,Beverages,bank_card,175.0,5,10,2
5d129e54-9a6d-4cd6-8103-5eec1f2ae2e1,317.88,1,Clothing,bank_card,135.0,4,10,2
5d14ab82-9e33-46de-9c67-f461469965e0,311.64,3,Health,tinkoff_pay,262.0,1,7,1
5d191e38-613b-481d-bbb5-008d03a61533,127.43,1,Furniture,bank_transfer,198.0,1,6,0
5d2267c3-e46b-41ba-8058-2edc5c9786b6,131.03,1,Music,bank_card,0.0,3,10,0
5d358d9a-de3c-45f6-9eea-db4f99084c56,105.05,1,Toys,bank_card,107.0,3,10,1
5d49f495-8032-4052-8ef4-b8e97ddb8622,179.05,1,Travel,bank_card,17.0,7,10,0
5d55a459-4d99-49b6-8706-17526ee8bf71,342.27,2,Accessories,sbp,6.0,1,9,0
5d57d7eb-137f-4a98-9137-5808734c5755,179.95,2,Smartphones,mir_pay,40.0,5,10,2
5d596f67-09eb-4d13-9629-c9bbc3933978,82.88,1,Tablets,sbp,32.0,1,7,0
5d693d4c-3031-4746-8628-5e00ce1067b3,83.74,1,Photography,tinkoff_pay,68.0,8,10,0
5d7602d2-6e59-4ca2-8c23-1a2e88a57bf8,39.42,1,Photography,bank_card,169.0,3,10,2
5d7ac822-0e67-4502-a427-9877613c13c8,28.81,1,Office,tinkoff_pay,114.0,7,11,1
5d8b947e-d175-4a98-918b-d1c662206b8e,81.17,1,Kitchen,bank_transfer,77.0,6,10,3
5d922247-2cdd-4de3-bb1c-0a7cf45f0927,702.91,2,Electronics,bank_card,172.0,3,10,0
5d98939c-4aca-4d23-98c8-e61cc003e700,120.84,1,Outdoor,sbp,85.0,2,8,1
5d9feab4-68a9-47cd-843e-b6a304015cd1,52.1,1,Jewelry,bank_card,291.0,2,10,1
5da1b2da-0a5d-4eef-999e-49497560f742,28.22,2,Smartphones,mir_pay,107.0,6,10,2
5da38a06-f745-4961-a488-c59e5c97078c,141.72,1,Sports,sbp,217.0,2,8,6
5db9c427-df7b-4e63-a360-0357e119c97e,240.48,1,Electronics,bank_card,64.0,11,10,0
5dc3b8bd-bef4-42f5-813d-058e98069728,818.68,1,Jewelry,bank_card,136.0,3,10,4
5dc6b318-1fe8-4186-bcc1-1e8f92db8168,71.19,1,Kitchen,bank_card,58.0,16,10,1
5dc7ec38-2f9c-4210-9109-45921cd0dd77,45.51,1,Toys,bank_card,19.0,2,10,0
5dca5f92-6ea1-49eb-a6a6-53bfff95cbcc,24.61,2,Furniture,bank_card,3.0,2,10,0
5dcedef5-f68f-43ba-8fe6-5e3ec041491d,125.59,1,Photography,sber_pay,177.0,3,10,4
5dd71b76-66d8-421e-bfda-b56f766683e1,154.87,1,Sports,sbp,20.0,2,9,0
5dd94b0d-19f6-4876-b6e0-d7e77193eacd,154.48,1,Laptops,sbp,264.0,1,7,3
5ded714f-737a-4f3f-9758-c48a57e0c408,335.26,2,Beverages,sber_pay,140.0,7,10,4
5dee0732-39f4-4288-b7a1-56b9e819e36d,74.42,1,Shoes,sbp,303.0,1,7,0
5e0d8f7e-675f-4911-8701-9900bf4b7b81,438.09,1,Other,bank_card,64.0,3,10,0
5e0eb4ce-513f-43bd-a9e7-d75fa2b862bd,45.49,1,Outdoor,tinkoff_pay,144.0,1,6,2
5e1132d4-f64f-483e-bd73-22ad7e418eff,296.59,1,Pet Supplies,yandex_pay,51.0,4,10,1
5e18967c-e861-4059-bae0-9ad877fb86f6,114.0,1,Home,sber_pay,122.0,2,10,2
5e1ebb13-3fa4-4b9a-9a12-1abbbc204693,281.2,4,Travel,bank_card,30.0,11,11,0
5e233c59-dcd6-419f-b04f-458be83eec42,961.29,4,Furniture,sber_pay,61.0,3,10,1
5e2dbfe3-578d-46de-aa21-c3808a4fadab,372.54,2,Accessories,bank_card,216.0,2,8,2
5e3460d7-3041-4038-b60a-4dd30306441b,142.24,1,Sports,sbp,44.0,10,10,3
5e3f7e30-56b9-43a8-a010-f1c62acb2967,97.9,1,Beverages,sbp,65.0,5,10,1
5e57e2bf-fb28-41c1-b3d2-36bdf7dbc9e7,103.06,1,Gaming,bank_card,37.0,9,10,1
5e696f32-7063-45f1-9e61-aa742bffc672,51.26,2,Garden,bank_card,212.0,1,8,1
5e744c0e-e7e8-4c17-b87a-0d2ed4f99e39,284.24,1,Photography,yandex_pay,234.0,3,9,1
5e749536-7369-4771-bc4f-8449420499dc,230.8,1,Health,sber_pay,18.0,17,10,0
5e79d793-fb8a-4793-a669-de39d9f619b4,567.85,1,Accessories,tinkoff_pay,28.0,7,10,0
5e7aa7e5-d9e0-45ce-b502-3b4fbeb6f47c,21.67,1,Outdoor,bank_card,7.0,13,11,0
5e7b2725-4e65-4691-99bf-ea47902200a4,197.92,1,Automotive,bank_card,2.0,13,11,0
5e875202-8338-405e-b147-fc467f75bdbe,169.42,1,Other,sber_pay,53.0,13,11,1
5ea55c7c-d2f9-46c4-9e73-70648cea4c4b,52.65,1,Home,bank_card,112.0,2,9,0
5ea59690-17a5-4a77-b969-9b943e940dcb,37.87,1,Sports,sbp,157.0,6,11,2
5eb05593-0db3-4a80-b41a-69d4fded0082,27.6,1,Other,tinkoff_pay,2.0,1,7,0
5eb9d7b7-3893-4b14-bfe6-202f17ae13c3,62.38,1,Office,cash_on_delivery,39.0,6,10,0
5ebe95f9-393e-46ee-b6d7-6f85c16fe5a8,271.63,1,Beverages,sbp,77.0,7,10,0
5ec855b4-f3ad-491f-90ee-95bb3de88c54,71.06,1,Outdoor,bank_card,38.0,7,10,0
5ece6f4a-8d65-43ec-a676-c3ac304aa749,541.62,3,Clothing,sbp,37.0,5,10,0
5ecfd43f-d41d-4ed9-b761-4c11e49bc295,184.84,1,Furniture,bank_card,4.0,19,10,0
5ed02475-f6ca-485b-b71b-eef1ea3de888,86.77,1,Shoes,sbp,300.0,5,10,1
5ed05533-e9ba-4397-8d02-42030e2cda3c,432.38,2,Pet Supplies,tinkoff_pay,7.0,1,8,0
5ed386d8-4679-4562-b979-ab51f2136a0b,211.22,2,Photography,sbp,275.0,1,7,2
5eeb9bc8-4634-46ba-bcff-98e14593d690,75.83,1,Garden,mir_pay,16.0,4,10,1
5eedd93f-5ad3-446d-8cba-520e0258cbb7,19.09,1,Gaming,bank_card,76.0,5,10,0
5eef653e-1517-4d7d-9f25-d123e9c957eb,7.83,1,Music,bank_card,35.0,3,10,0
5ef3c774-8500-4c3f-aeab-dd643b63a29f,221.27,1,Jewelry,bank_card,5.0,17,10,0
5f024b1b-cd88-4135-b5a2-1f011c8e6256,282.82,2,Travel,bank_card,102.0,1,7,1
5f292026-31a9-4757-bd1b-7d9db395afb3,23.09,1,Beauty,mir_pay,110.0,2,9,1
5f299c7b-142c-447b-a941-16e507cab84c,26.22,1,Food,bank_card,16.0,3,10,0
5f2b1a9a-0cb3-4921-a2a1-51b7b03f8699,158.65,1,Gaming,bank_card,7.0,5,10,0
5f31f90c-d699-471d-b29f-9b47689c1cc9,554.02,1,Shoes,bank_card,8.0,2,10,0
5f39f43e-f3a8-4222-b4df-b3369ab08bb3,577.36,2,Outdoor,tinkoff_pay,19.0,5,10,0
5f4c5637-74a1-4623-b9f4-a7a12453f82b,577.75,1,Smartphones,mir_pay,119.0,7,10,1
5f4fab58-dfa7-46fc-a620-9e2f54f48073,140.21,1,Gaming,bank_card,35.0,5,10,2
5f53b837-b49f-455d-89b2-591ac68f9549,205.8,1,Accessories,sbp,43.0,4,8,0
5f592bcf-49f0-439d-8449-3f9129fa1a47,656.09,1,Garden,bank_card,19.0,2,10,0
5f6c116d-4e17-46b5-a361-f2a7fda7b6ad,123.28,1,Other,yandex_pay,79.0,4,10,1
5f764a67-70ec-4a8f-9703-6a7180c0dc4c,114.25,1,Furniture,bank_card,79.0,4,10,1
5f86837e-bc6a-4ca6-8019-e7bdd0ab24a6,97.85,1,Gaming,mir_pay,41.0,12,10,1
5f8e180d-639e-45fc-964a-f53642078525,251.78,2,Headphones,sbp,113.0,5,10,3
5f97f45d-9001-4838-8d3e-f3ac74ba1c34,86.18,1,Headphones,yandex_pay,163.0,3,10,4
5f9f9702-ee61-4d22-9088-53ac8537cced,58.21,1,Photography,bank_card,338.0,2,10,2
5fb1662d-8555-4741-9b59-1d7ea284bd82,684.9,1,Accessories,bank_card,112.0,1,7,3
5fc4a558-3c2d-4eaa-9343-eb052a65f1ff,281.04,2,Tablets,bank_card,149.0,3,11,4
5fc61e84-e9f3-4c5e-89e0-52c0353a1333,68.41,1,Tablets,bank_card,185.0,6,10,2
5fcbc40e-ab00-4581-8438-24b30f909007,99.52,1,Accessories,sbp,81.0,9,11,1
5fd06d8d-1ddd-470a-8f15-d79cf5e33eb0,124.07,2,Other,bank_card,43.0,10,10,1
5fdf4837-438c-49d3-aded-dd67312d8d4a,134.8,2,Other,bank_card,46.0,7,10,0
5fdf53be-2014-4564-ae9d-5cdb78e3deb6,55.85,1,Jewelry,bank_card,129.0,7,10,0
5fe7d7d1-4901-46b7-9773-7f43f15b1465,38.82,1,Kitchen,bank_transfer,42.0,14,10,0
5fe8ff3d-428f-4545-ba26-ac2a0947b0d8,8.05,1,Clothing,sber_pay,37.0,2,10,0
5fe98c8c-53e0-4eff-907e-3069542adb00,48.08,2,Shoes,mir_pay,12.0,9,10,0
5fec5faa-9447-4357-991f-a085d6eef0be,874.05,3,Software,sber_pay,90.0,1,7,2
5fecc2b0-676c-433e-8b9a-e5671d2dbc01,409.08,1,Office,bank_transfer,5.0,2,10,0
5ff0adaa-9d53-4d4c-925e-99422c369de6,238.0,1,Books,sbp,134.0,2,9,0
5ff6e8ed-b3a3-4503-b4ae-bf3e4611a5c8,337.53,1,Automotive,bank_card,48.0,13,10,0
5ffbd461-2415-42ff-83dc-0ccf867c4521,450.42,1,Jewelry,sber_pay,14.0,7,10,0
600c7dee-bafc-4ebc-838b-c75576f93289,237.78,1,Office,bank_card,54.0,7,11,0
6013f249-3e0a-4890-83d4-1a480dd772c5,88.83,1,Office,bank_card,69.0,8,10,1
6026c18f-5a37-46c5-bf62-39b49e5ffbc8,229.6,2,Music,bank_card,37.0,4,10,0
6028a813-1c30-43b3-9ea3-393861658cef,84.42,1,Headphones,sbp,96.0,4,10,2
6032ea59-ba8f-4f96-a6a4-c39009e83599,8.5,1,Pet Supplies,bank_card,120.0,2,10,4
603d706f-771c-4a50-8896-bb66c1dc8d69,251.4,1,Automotive,bank_card,22.0,11,11,0
605da382-ec50-4c4c-8bc5-e9aacf165baf,83.18,1,Books,yandex_pay,116.0,1,8,1
60708df6-5926-485b-936e-9eb7895727c9,724.3,1,Home,mir_pay,83.0,9,11,2
60758fa2-ee7e-48f4-b875-ce33e2443b2c,358.38,2,Laptops,bank_card,198.0,3,10,2
607a1b63-a2b2-477a-90b9-a86a39a49fd1,340.03,1,Accessories,sbp,255.0,3,10,2
607e6646-4967-4629-ade5-0699ad1ceabd,150.39,1,Automotive,bank_card,116.0,1,9,2
6080edf3-11dc-4793-bf74-cf2fa74d11dc,204.88,2,Shoes,bank_card,243.0,2,10,0
6081e741-e8c7-466f-a089-32b57c305a00,117.45,3,Photography,bank_card,256.0,5,10,3
6088625e-d622-4891-bd73-6deeb564fadc,330.89,1,Headphones,bank_card,4.0,1,9,0
608e226c-f08a-4a0d-abba-f6267028f21d,369.68,2,Furniture,sbp,1.0,2,10,0
6094b7a1-cfa3-4cb4-9e27-8dc709f99d51,17.71,1,Office,bank_card,7.0,6,10,0
609f2ea6-73ee-466c-8a7b-c1361436549e,158.65,1,Gaming,bank_card,212.0,3,11,3
60a9bf0b-c373-4453-b443-db171d527c78,147.02,1,Office,bank_card,94.0,1,8,0
60aa553d-deb3-46b6-a46f-28e15886afe9,129.14,2,Pet Supplies,sbp,3.0,10,10,0
60b56e80-4602-461d-a69d-7b5325b2e6bf,82.29,1,Gaming,bank_card,9.0,3,10,0
60b92b86-e558-427e-9346-22efe8ca4d8b,178.42,1,Software,mir_pay,53.0,3,10,1
60bc0a80-c4b1-4608-be43-e270479bce46,141.41,1,Travel,bank_card,25.0,17,11,0
60c7abf7-3b25-4f2d-920f-276b86a7add1,114.04,1,Automotive,bank_card,63.0,5,10,1
60c85efd-ca60-40ac-acf8-a3415dc5a2c2,112.42,1,Food,bank_card,50.0,10,10,1
60ce8807-b5bc-4d32-be1a-3094d5f65e05,126.16,1,Beverages,sber_pay,63.0,4,11,1
60ede2ff-07cb-4cdf-b537-8178bf722184,59.68,1,Toys,bank_card,95.0,2,9,3
60f9c139-8e39-496d-842f-af2edeb5f1b9,74.24,1,Outdoor,tinkoff_pay,132.0,6,10,2
6100be73-fd79-434a-97ba-8fc98fe1d89e,71.02,1,Electronics,mir_pay,143.0,9,11,3
6106c2b3-cc57-466a-b2ce-2bd1fbfad010,29.01,1,Tablets,bank_card,41.0,1,9,0
6110f5fd-35b2-4dc4-a702-c319f8b8ea21,490.62,2,Automotive,sbp,45.0,14,11,1
611e1564-00a8-4372-8cee-b84ccc5c6292,144.75,1,Laptops,sbp,33.0,9,10,0
61225564-b3c1-44af-96bb-235f78d85bf9,301.62,2,Beverages,bank_card,256.0,3,10,2
6127d573-ca01-4af1-9c96-ce8174844708,155.93,1,Toys,cash_on_delivery,26.0,14,10,0
6130bbc4-5d27-425b-bbe4-96ce3b2d41c6,91.62,1,Other,yandex_pay,91.0,4,10,1
613d4fc0-fc9f-4dee-8c90-d6831f59a757,575.16,3,Gaming,sber_pay,18.0,6,9,0
6148e851-617d-4bac-8f19-76df65d5b9df,403.53,3,Health,sbp,10.0,20,10,0
614a109c-bf9b-4cf8-8832-af8e03058be2,148.43,1,Kitchen,yandex_pay,10.0,5,10,0
6166f384-aa47-4ba7-8855-d2946d195112,243.45,1,Photography,sbp,171.0,5,10,3
616ef136-2780-4be3-8955-caad21f72fc9,4368.96,2,Electronics,sbp,7.0,5,10,0
617af6de-0c24-41e3-85b8-571f9e5622cf,362.64,2,Music,bank_card,6.0,1,7,0
61842650-561c-4e6e-9ff1-7f4d0235b12a,42.81,1,Kitchen,sber_pay,120.0,4,9,3
618844a1-d8d9-4f50-a1de-43e77c61b119,93.02,2,Beauty,bank_card,30.0,2,10,0
61a069e7-932a-4b18-bf91-a2727d917de6,19.46,2,Toys,bank_card,15.0,10,10,1
61abb80f-db7c-438b-8a12-f26f4e98986b,107.61,1,Health,sbp,30.0,10,10,0
61b2ccfb-8eac-4c8d-af0c-e75dd6dde226,108.33,1,Laptops,sbp,65.0,6,10,1
61b91a7f-c2e7-4abe-90bf-4f1700310200,65.3,1,Other,bank_card,349.0,2,8,1
61c0243f-3f45-4f75-b301-c739f525e02c,142.87,1,Automotive,bank_card,36.0,16,10,0
61c07491-3247-4c0e-b986-e9a0ad19d602,5.54,1,Pet Supplies,bank_card,52.0,3,10,0
61d98399-feac-4ac9-80f1-1e3862003fa1,190.39,1,Headphones,sber_pay,141.0,1,9,3
61e0859a-e925-4920-9ade-ef96628d4ab5,137.55,1,Accessories,mir_pay,6.0,12,10,0
61ecf805-56c0-4dae-a40a-fc05fea8037c,58.77,1,Other,sber_pay,189.0,3,10,4
62049154-b8f1-4882-ad37-023cc65ba86a,43.92,1,Office,bank_card,294.0,4,10,0
6206bcda-5ba6-457f-8a3a-a665ca95bdb7,134.65,1,Books,bank_card,63.0,2,10,1
6207c861-2a9e-4268-9925-4674c433b7d9,93.7,1,Accessories,bank_card,151.0,7,10,1
62168c37-b4b6-49dd-9c8e-44728ef55e48,114.69,1,Shoes,tinkoff_pay,15.0,20,10,0
6216be7c-8027-4fa4-9b77-fa3fc65d1142,403.18,2,Office,mir_pay,80.0,3,10,1
62205184-696e-4cd0-90df-a6bd8fd5ff48,495.9,2,Photography,bank_card,32.0,12,10,2
62261709-def4-48bc-99ef-24a3102f87e4,1067.64,3,Beauty,sber_pay,249.0,7,10,4
6226f3a5-5f92-4811-9257-b7e887b3e4f4,195.11,1,Furniture,bank_card,6.0,3,10,0
6235a7cf-8693-4fdb-a2af-e724ef4f4c53,113.57,1,Gaming,sbp,20.0,7,10,0
6239f2a1-06c2-4cb9-9f8a-0238c5d1a5b1,543.21,1,Garden,sbp,119.0,1,8,1
623ee1ba-17d9-483e-923b-a34ddc9a9abf,157.18,2,Furniture,sber_pay,50.0,5,9,1
6242fbfd-4d0c-4b42-adb0-133151fb2d41,180.54,1,Clothing,bank_card,182.0,1,8,1
6246e172-53cd-4dee-804d-ecacf4798bc6,33.65,2,Office,sbp,29.0,9,10,0
624ae22b-04d0-46bd-b3b5-e577fe8add32,218.29,2,Accessories,sber_pay,5.0,7,11,0
624be0b5-c300-4fac-86e5-9d0fa8e6cb99,105.77,1,Beauty,bank_card,258.0,2,10,3
624e60e1-3c8e-46e6-a1e7-7e90d191df89,351.94,1,Sports,sber_pay,23.0,15,10,0
62542763-4402-431f-b1af-5fff1183b9fd,6293.48,4,Sports,sbp,275.0,3,10,5
6254289b-f8c5-433d-a582-d3779eb723f6,267.67,1,Furniture,sbp,79.0,1,9,2
6271775a-cace-40c9-b630-7015ebff756b,145.55,1,Laptops,bank_card,285.0,3,10,2
6279446b-9e2d-4919-9507-45a0ba2b1fcb,137.6,3,Headphones,bank_card,91.0,6,10,0
62860962-c741-4ff1-b1e3-fc3c857b1f0c,666.62,3,Sports,bank_card,0.0,1,8,0
628aa02e-7e73-4ea1-855b-ccbf5c3cc612,126.82,1,Travel,bank_card,83.0,9,11,2
628b9502-8feb-4780-8566-8dc4aa9e7e23,75.55,1,Health,mir_pay,0.0,12,10,0
6292a98a-83c2-4929-b596-48e145dd6deb,23.26,1,Automotive,bank_card,135.0,3,10,3
629494f4-d335-4b14-a874-66bf0d2097bc,60.53,1,Toys,bank_card,135.0,5,10,5
62a413ca-7789-4617-ac8d-19c070de13bc,88.73,1,Toys,sbp,43.0,5,9,1
62c645be-a51d-461e-a430-07a2a5352bae,318.24,4,Sports,mir_pay,76.0,4,10,1
62d3d2af-3552-44e1-b762-c5b72aa7d808,1538.76,2,Pet Supplies,bank_card,128.0,5,10,0
62d5f5fb-3e0a-43bf-91f0-116774c50f72,29.02,1,Photography,mir_pay,94.0,7,10,1
62f35abd-5b74-4769-95c8-79a6c02b52a6,728.72,4,Electronics,mir_pay,100.0,1,9,3
62f4c3d7-8824-4abf-9934-c5e1e4335ab8,335.52,3,Beverages,cash_on_delivery,140.0,7,11,3
62f9edb3-e2de-46ac-a20c-7dbb5e3cc619,252.32,2,Beverages,bank_card,74.0,3,10,0
63039c1a-665b-47a4-8eae-5fdc75dd8d05,312.25,2,Tablets,sbp,138.0,3,10,0
6303dffc-69be-4706-b486-7fa7b44b3ffb,311.64,3,Health,bank_card,109.0,3,10,2
6309fcac-93e7-4335-a71d-63b512a6410d,55.25,1,Headphones,bank_card,221.0,3,10,3
630e4d75-0fae-4b37-ae2e-0c1cff28af0a,42.38,1,Accessories,sbp,10.0,4,10,0
6314bd0a-f9e1-4652-a60b-8abdc4d91478,428.82,2,Smartphones,tinkoff_pay,1.0,2,10,0
6326125b-0a0e-4244-8ea8-c86e6fea650a,372.48,1,Office,bank_card,230.0,2,10,6
63292fb8-bd00-4e87-bed6-2452a8ff3fe2,1144.69,2,Books,bank_card,120.0,7,10,2
632d7983-7fc1-472d-b913-985409dfe92b,212.02,1,Furniture,bank_card,89.0,8,10,2
632de03b-689d-4329-a7b7-043227178b8a,67.16,1,Gaming,bank_card,53.0,3,10,0
632e3cd0-97d4-4728-ab3c-c77a41b2934b,25.84,1,Automotive,sber_pay,191.0,2,10,1
63302e95-fcb5-40cf-b620-eb5d9fc174f4,41.17,1,Clothing,bank_card,20.0,5,10,0
634dedb4-b2ba-4a81-82ed-25e444d49f5a,199.99,2,Beverages,bank_card,110.0,4,10,0
63579ecd-a583-4b3e-a6c9-006bef0f8c9f,112.9,1,Toys,cash_on_delivery,180.0,7,10,4
63611e6d-6351-4ef2-adf7-15e7c667fcae,232.84,4,Photography,yandex_pay,213.0,4,10,4
636ec2c8-aba3-4771-b3f4-50035b8cb119,1079.23,3,Smartphones,bank_card,146.0,5,10,2
6370683e-6a1a-4773-a4ef-cf678bd1d278,196.32,2,Laptops,bank_card,127.0,9,10,4
6374d97a-db00-4ed0-b6c1-ecef4bf734e9,119.48,1,Automotive,sber_pay,45.0,2,9,0
6399094d-f52e-4381-b343-0f2f370c1443,98.55,1,Toys,bank_card,49.0,9,10,0
639daffd-d1d5-44d6-a3d8-31fba03c5c08,151.85,1,Office,bank_transfer,196.0,2,10,4
63ba80d8-69c0-4fa8-aeee-366dea2c496d,116.58,1,Travel,sbp,104.0,3,9,0
63ba96f0-43eb-4b7d-981a-901c15dc8025,70.04,1,Toys,bank_card,221.0,3,10,3
63bb8b0c-3a7e-4326-a3d0-4086c419265f,66.95,1,Other,sber_pay,188.0,1,7,0
63bdf2a6-2fa2-444c-872a-fd6d273c894f,307.23,3,Tablets,bank_card,184.0,5,10,1
63db8468-6fda-4e8f-a4df-87925a6da068,80.29,2,Other,bank_card,37.0,13,10,0
63e7070b-42f8-4f8f-b033-517722c52e07,69.32,2,Outdoor,sbp,2.0,1,6,0
63e7bdaf-3601-40ab-a85b-45d85eaa624a,252.36,2,Jewelry,bank_card,27.0,12,10,0
640981ef-1036-4741-a37f-bf5fd2660376,601.98,2,Clothing,bank_card,108.0,4,10,2
640a502a-e567-45cd-bffb-8ca6945854cd,43.51,1,Photography,bank_card,1.0,9,10,0
6412a7bc-8e50-457e-ac3f-50ecdf503c7f,138.0,1,Software,bank_card,33.0,16,11,0
641cc4c5-673f-42f4-ad54-85a4634d91e3,215.78,2,Gaming,bank_card,20.0,23,10,0
641cfc66-a5c3-4c48-923a-5c55e4ac00df,442.86,2,Tablets,bank_card,2.0,9,10,0
6421e343-1fa7-4c97-bf98-3529dd185ab4,6118.4,2,Kitchen,bank_card,53.0,7,10,1
6423e123-1501-4c28-9fe0-ada9ea509718,162.29,1,Office,bank_card,258.0,2,10,4
642b1236-03ca-4c59-9b78-82d7b18835ed,307.16,1,Health,sbp,33.0,13,10,1
64368f23-5947-4408-9e22-e798b7b614ba,108.43,1,Sports,bank_card,12.0,1,9,0
643d0e05-7dd3-4b34-b7ac-62be7a635b8e,147.88,1,Health,sbp,14.0,2,10,0
6444d9a4-a30d-4f56-9e51-cf1ec2082583,56.85,2,Tablets,yandex_pay,209.0,1,7,4
64488f56-6054-41d7-9a98-34ca7161e655,92.16,1,Photography,yandex_pay,142.0,3,10,0
6449fdd9-7270-49e6-bb62-6cee70cd3017,282.72,3,Gaming,bank_card,27.0,2,9,0
6453cdca-98a7-4323-97b0-9b1480804d45,187.25,1,Laptops,sber_pay,86.0,4,10,1
6461b635-64fe-4305-bb73-d245640b6e4a,2989.4,2,Sports,sbp,76.0,6,10,2
64653eb7-14bf-41c5-a5e4-cdc14c5b1ee7,1380.21,3,Kitchen,bank_card,23.0,3,10,1
6469aac0-efe3-49c3-888c-f4c7f63d00b5,209.23,1,Food,bank_card,9.0,20,10,0
647a7b3c-71f1-470b-9ea3-94e5ced6d7f5,28.96,2,Pet Supplies,sbp,49.0,3,10,1
647acf7e-c818-42d2-9919-635e6860f046,18.22,1,Furniture,mir_pay,6.0,4,10,0
64a23db9-4bbe-4077-bce3-fcaa38875f5f,54.02,2,Health,bank_card,137.0,4,11,3
64a52d36-2e86-491a-9d05-16d6726fa32f,35.25,1,Laptops,yandex_pay,44.0,12,10,0
64b98944-55c0-47d9-adcb-4f7da272426c,155.06,2,Furniture,sbp,295.0,1,8,7
64c9fbbb-1598-4c25-a866-4f1b09942e33,277.11,1,Electronics,bank_card,170.0,3,10,0
64cbafb2-27d3-4b94-99fd-a881e6986e74,34.94,2,Other,sbp,110.0,8,10,2
64dcaf12-b17a-495c-b836-d69969193b9f,71.92,1,Office,cash_on_delivery,359.0,1,8,3
64f375c9-5406-46a3-a44b-e2561d3fa471,196.94,1,Outdoor,cash_on_delivery,3.0,7,10,0
64f9c062-a09d-471f-9e9c-89f1f9292951,1158.88,2,Home,tinkoff_pay,160.0,4,10,1
64f9ee5d-7023-4dd1-848a-934d1da4611c,101.56,1,Food,bank_card,163.0,4,10,3
65052c4d-8515-4d2e-8248-ef6c47522957,312.2,1,Pet Supplies,mir_pay,75.0,12,10,2
650b711c-b86c-4413-b974-fbbadde88656,154.82,1,Shoes,bank_card,14.0,2,11,0
651f630d-fd42-4f81-be07-896414a74438,84.76,2,Sports,sber_pay,29.0,12,10,1
65365219-8851-4b39-8b22-9e5d27ef2dab,218.9,2,Clothing,yandex_pay,102.0,2,10,3
654206f9-664a-4a76-8ff3-9bdb8d7ff001,348.31,1,Headphones,sbp,238.0,1,7,1
654716cf-385a-4cbe-996d-f05703304317,126.12,2,Headphones,bank_card,175.0,2,10,0
654c3e90-0136-4c67-bf83-0260176b1041,183.58,1,Software,bank_card,99.0,1,8,0
655206e0-cb77-4486-bd06-7ba9b7a742a0,93.72,2,Shoes,sbp,128.0,3,9,2
6557376e-8a21-4a68-9720-4f49db708d86,343.38,2,Electronics,mir_pay,6.0,15,10,0
656299ab-e663-4e65-8316-2056b2e8088e,43.41,1,Office,mir_pay,29.0,5,10,0
65659e6a-6f4f-4a5d-a6ec-044c7cfa3b19,54.15,1,Tablets,bank_card,130.0,5,10,2
65705272-52f8-470c-b2bd-3f5be51d2b56,69.04,1,Office,bank_card,16.0,6,10,0
657bad27-b626-4f53-a6da-6294a50fb19a,112.11,1,Garden,bank_card,67.0,7,10,2
658751dd-d6c2-426d-83b1-050491eccecd,144.21,1,Outdoor,bank_card,42.0,2,9,0
658c319c-f197-4da0-a292-e4474cb0731d,437.52,3,Smartphones,bank_card,35.0,6,10,0
6591d63f-4789-416b-9f8b-5978743a4625,97.52,1,Headphones,bank_card,41.0,3,10,2
6599ce87-3196-4a31-80a2-77255fa92254,209.54,1,Beverages,mir_pay,189.0,10,10,2
659cdb62-fd78-4f07-ad41-058ed744770f,387.99,1,Food,bank_card,0.0,1,7,0
659d4e3e-eb75-4579-9e26-e2fe127b9817,1080.72,4,Food,bank_card,20.0,16,10,0
65a17b44-2f0c-4d51-a60f-0357d77f5706,397.86,3,Gaming,bank_card,58.0,3,10,0
65b826de-4a8b-4073-91d5-cda32b444ed9,475.16,1,Home,sbp,35.0,2,10,2
65ce4b88-3d77-488b-8e7c-d5749922c857,83.29,1,Beauty,bank_card,39.0,9,10,0
65e3d905-4f45-4a9f-9914-9b2edc35fc9f,803.79,1,Home,mir_pay,1.0,4,10,0
65eb9b30-9427-48c3-af44-bcb58a01a5ae,165.01,1,Office,bank_card,40.0,9,10,2
65ed9fc3-8340-45af-b96e-9e95d669c6dd,11.88,1,Clothing,sber_pay,77.0,3,10,2
65f0c0ab-6e07-4c7a-a3a1-ea2bee3a22ee,116.79,1,Home,bank_card,42.0,17,10,1
65f5f76e-f8f7-493c-a299-f090728874f6,240.25,1,Other,bank_card,10.0,3,10,0
65fd837c-910b-4df4-99df-395e38a88ccd,79.13,1,Beauty,tinkoff_pay,7.0,4,10,0
65ff149c-4e6f-4a30-8708-ebdadcfcfe9f,362.16,2,Laptops,sbp,10.0,10,10,0
66066c43-e45e-4872-b967-4f707316f77a,97.5,1,Automotive,sbp,90.0,2,9,1
660d9f1d-2bf9-4e6a-a9d6-3ca92f4ecb62,96.99,1,Office,bank_card,95.0,2,9,0
6632d0e5-cf55-4838-bd20-c066f8ff2833,169.14,2,Shoes,sbp,112.0,8,10,1
6639d4b3-37de-4916-845d-fcc6d1f4d337,232.68,2,Beverages,bank_card,86.0,3,10,3
663be0e9-68e5-4081-a7f5-591c7dfd00aa,20.1,1,Gaming,bank_card,21.0,14,11,0
665aac79-caac-4523-9636-e4975a139eec,114.58,2,Travel,bank_card,100.0,3,10,2
666d1f30-453a-47a2-985e-9cbb4c2b5a17,46.51,1,Beauty,mir_pay,185.0,2,11,2
666fe92e-10ff-4225-9235-843662b2b4b4,198.4,2,Accessories,sber_pay,70.0,5,10,1
6673f6bd-a393-4529-8fdb-583cf305a4a6,88.64,2,Other,mir_pay,11.0,7,10,1
6675bbf3-b9af-4027-8bff-08246ed22314,162.2,2,Health,bank_transfer,10.0,8,10,0
66770c72-5191-4386-acf0-9fdea17b9333,289.96,1,Accessories,mir_pay,42.0,11,10,0
668415b9-e8d7-44ed-b304-7fab81e1691c,224.55,1,Jewelry,cash_on_delivery,71.0,2,9,1
6685eb2b-dc9a-497b-9583-482a3e14707b,1125.07,1,Gaming,mir_pay,87.0,2,10,3
669c49a4-863b-4070-9dd4-e8d2d9cb0076,24.04,1,Shoes,sbp,41.0,10,10,0
66a81dc8-088c-4748-8fcc-2c1a58d51807,703.56,2,Furniture,sber_pay,1.0,2,10,0
66b984dd-de3e-48e7-afce-bf4836f9dba1,99.68,1,Tablets,mir_pay,2.0,6,10,0
66c15906-4ad2-4610-8592-26fa76f1d4dd,91.05,1,Books,cash_on_delivery,23.0,2,10,0
66c360c8-c298-4d48-afeb-7d312ace8f01,149.44,1,Furniture,bank_card,44.0,9,10,1
66c6cda3-08cf-41da-bb53-c4860a7263e0,100.38,1,Jewelry,sbp,14.0,1,6,0
66d300a8-a26a-4a00-be08-023ba9d838a2,207.81,2,Health,yandex_pay,160.0,1,7,5
66dbc5c0-d492-4b78-b5cc-768f5ffbda4c,202.32,1,Music,bank_card,133.0,6,10,2
66df6168-6163-48bd-b5df-59fd4332a54a,9.84,1,Photography,bank_card,59.0,7,10,0
66e5eade-cd1b-481f-9863-8cf9af6e6ab0,177.12,1,Automotive,yandex_pay,82.0,9,10,2
66ef14ea-1309-4bcf-b829-1cd20d74f24e,16.65,1,Headphones,bank_card,62.0,4,10,2
66ffd7ee-ceaf-43fc-9092-5519932eb2e5,52.8,1,Home,sbp,55.0,9,10,0
67022032-3309-4f9e-b22e-e12ec5edb968,331.04,1,Garden,bank_card,68.0,3,10,0
6706b0ba-a65e-418f-bbe3-33f599df9115,742.71,1,Accessories,bank_card,64.0,8,10,0
670884cc-ad9c-4015-90a1-5b020c9d6609,567.33,1,Automotive,bank_card,302.0,4,10,4
671d1de5-6a8c-43ae-994c-aa39427da3fe,376.62,3,Photography,sber_pay,22.0,9,10,0
672b882f-554f-4a65-acd8-341d7abeee71,68.7,1,Outdoor,bank_card,5.0,13,10,0
67399476-d8ea-4470-b645-a06b612fc926,1285.81,2,Office,sber_pay,41.0,15,10,1
6746709a-7342-4489-91f4-26db6c8aa7d8,335.75,1,Other,tinkoff_pay,0.0,1,9,0
675f6a41-bcb6-4834-adc9-4a8825e3868f,140.08,2,Toys,mir_pay,64.0,7,10,1
67656200-5d44-417d-ac0e-19eb887d9e7d,47.98,1,Office,bank_card,10.0,8,10,0
6765cb13-e277-4ff8-8b50-250f84f7419d,701.28,4,Headphones,bank_card,196.0,2,10,1
6780828e-1f38-47b2-a89e-45d7f147e981,89.86,2,Health,bank_card,42.0,18,11,0
6782ad6a-11f4-4a82-abfc-6e177bba66fb,42.52,1,Kitchen,bank_card,87.0,4,10,2
6783858f-bbf9-4bfa-b1f5-ebc88e6d8bbf,93.22,1,Photography,sbp,1.0,1,8,0
678b6c20-0dfc-4788-8a2e-12c656bca3a5,310.38,2,Office,tinkoff_pay,85.0,6,10,3
67903649-8bc8-4d89-a6a9-c424730fa6b8,196.05,1,Jewelry,bank_card,26.0,6,10,1
679167dc-f544-4811-a2c1-ebbbb2ce7447,189.97,1,Jewelry,bank_card,21.0,5,10,0
679c443c-21b2-4b19-9f9f-752c99bc02e7,97.75,1,Furniture,bank_card,44.0,1,8,3
67ac50b8-c4c0-4831-a314-d5ddd86d13a9,175.61,1,Health,bank_card,27.0,2,11,0
67b657a6-ed76-476a-9710-251055dcaedd,113.36,4,Health,sbp,2.0,1,8,0
67b965c5-e6d4-4726-87ed-76f0530a7ee8,57.24,1,Laptops,bank_card,76.0,6,10,0
67dab6e7-de92-4036-9abe-7401c7248708,40.8,1,Headphones,bank_card,17.0,2,10,0
67dabea7-bbbe-4852-b8c7-b992e7181675,21.92,1,Electronics,bank_card,0.0,1,7,0
67f2897d-a91b-46b8-8cf7-a867562ebad0,293.97,1,Toys,bank_card,141.0,5,10,3
67fd3ee2-c204-4a41-b8c4-2c18ad6c7787,330.27,1,Outdoor,mir_pay,257.0,2,10,2
680d4ac5-1c2d-494d-b007-95069da6967e,639.35,1,Clothing,bank_card,250.0,3,10,3
680e213d-6908-4925-8ba5-052f5507b85b,811.92,2,Outdoor,bank_card,79.0,5,10,1
6812c09f-d4d1-4abb-91f2-6ae77c06609b,16.64,1,Sports,sbp,234.0,1,8,2
68224257-4817-48c0-9a06-d8d4ee32b2e1,38.51,1,Outdoor,sber_pay,96.0,6,10,5
68230f63-15e2-450d-82c1-4197c1d59ed7,93.4,1,Toys,bank_card,100.0,7,10,2
682a1c16-2080-4544-859c-bd0f96504bd3,81.44,2,Software,sbp,0.0,1,7,0
68363de1-db5f-4514-8ba3-2de60d67f700,155.06,2,Furniture,bank_transfer,282.0,5,10,4
68376af7-8d0e-455a-96b9-cce2d4ea9e23,104.16,1,Beverages,bank_card,28.0,3,10,0
683d6c75-75fb-4669-8bb8-a6ed887cdb35,2112.66,2,Sports,bank_card,50.0,5,10,0
684da162-8bf0-4837-97ab-a1d7a2b4b083,67.97,1,Pet Supplies,bank_transfer,140.0,6,10,5
685945f3-60ae-46ad-b71a-758bf243b9eb,12.33,1,Beauty,mir_pay,26.0,1,7,0
685e15b0-c230-4d3b-b417-cb785d98eba1,236.83,1,Smartphones,sbp,4.0,4,10,0
686d02cc-ad97-4dd0-9423-c809cd9a950a,86.6,1,Beverages,cash_on_delivery,94.0,2,10,1
6871691d-0adf-47d6-b4f2-8a87b45c4ab1,414.92,1,Kitchen,sber_pay,159.0,4,10,2
687b9e28-4051-467f-af8a-a81b06f1121b,848.68,4,Beverages,bank_card,15.0,4,10,0
688a1cd1-4458-44c0-92dd-f6a15801088f,279.68,2,Pet Supplies,bank_card,76.0,6,10,1
688acf06-d8c1-467b-bc03-a43c512c5681,447.98,2,Smartphones,bank_card,0.0,3,10,0
688b28d5-007e-4652-9817-80bebe2415ed,657.68,4,Other,bank_card,0.0,1,8,0
6892c5a7-0a08-45a1-a523-f24a3d24dcd7,717.93,1,Travel,sbp,193.0,3,10,2
689dafb0-cd01-46b9-8ef1-3b37e208861f,77.02,2,Outdoor,mir_pay,241.0,2,9,4
68ab1101-5ef8-4a80-baee-164db961cf08,218.46,1,Outdoor,bank_card,75.0,4,10,3
68b2610d-f244-4c3b-854d-c13507ce9ab2,120.84,1,Music,bank_card,135.0,3,10,1
68bf07a6-59f8-41ce-b2f7-813d763d6bb8,58.04,1,Accessories,bank_card,36.0,14,11,0
68c1c607-76d9-4c54-80db-054007726bde,224.55,1,Jewelry,sber_pay,6.0,8,10,0
68c3e74b-caa2-4317-a2c4-99d9adca6e23,286.19,1,Gaming,sbp,198.0,4,10,4
68d05acd-8c3f-45df-8d70-6b4175e8e09c,271.01,1,Automotive,bank_card,10.0,1,9,0
68db523b-588b-4f7c-b245-2f6e7079f37b,46.82,1,Automotive,sber_pay,25.0,1,8,0
68de4c60-b4a6-4f83-b72b-573f716f0ae3,290.26,1,Health,sbp,242.0,2,10,2
68e0f99b-d478-4d1d-aa43-7b03407b6366,4017.72,4,Jewelry,sbp,38.0,1,7,2
68e315c5-d9b6-4144-9787-11b91397fecb,37.13,1,Smartphones,sber_pay,4.0,2,9,0
68e78d1a-d028-4925-8f35-5790afbffc62,30.49,1,Laptops,sbp,74.0,9,11,1
68e7c11b-1103-4a8d-bc33-fce2ef4df88e,98.32,1,Kitchen,sber_pay,24.0,2,10,1
68f7662c-dada-4e0b-9f6b-3edfbb012cda,493.19,1,Automotive,bank_card,256.0,2,9,1
69048dc2-1984-4b97-b622-4aa280e85ce8,180.84,1,Health,sber_pay,53.0,3,10,1
690fd439-5406-44d2-9443-28f9f1f5736c,288.5,1,Health,cash_on_delivery,55.0,3,10,2
69174acf-3ad9-4ab2-ab68-6fbba9132bc4,886.18,2,Tablets,bank_card,211.0,2,9,1
691b9f24-294c-427f-93e9-f96ad6f0e857,306.69,1,Gaming,bank_card,128.0,5,10,2
692823ac-1e23-48ea-a124-08834cc01cca,175.07,1,Travel,bank_card,138.0,1,9,1
6936b376-4068-4941-8507-87aa1feb88b3,271.0,2,Jewelry,bank_card,285.0,2,10,2
693f35f8-26fb-4c04-a23f-f38e4787bcfd,1357.25,2,Office,bank_transfer,5.0,1,8,0
694494cb-84b5-425a-88f4-a63aa37376c7,202.66,1,Pet Supplies,tinkoff_pay,119.0,6,10,1
694b43a8-9c11-4345-ae93-3271c3a83fe9,74.33,1,Music,bank_card,280.0,4,10,1
695812c7-b88f-491a-91fb-d6ff4c842033,271.01,1,Automotive,bank_card,52.0,5,10,1
69595f85-b7f8-43aa-956b-ff24d44fa73f,871.34,1,Health,yandex_pay,141.0,2,10,2
6959f77c-7758-4109-a184-522171109500,543.6,2,Sports,sbp,83.0,3,10,1
695af639-fead-43bf-8414-b6bd2e11a2e0,111.9,2,Health,bank_card,128.0,2,10,1
695eedaa-01f0-4c51-a431-5a6452496017,105.88,1,Photography,sbp,4.0,4,10,0
69603493-62ca-44fa-a884-22ea913d8ffc,62.85,1,Food,bank_card,98.0,4,10,2
696f8d8b-930b-47eb-ae0d-75a2055a2af1,368.41,1,Jewelry,sbp,128.0,5,10,1
6999032f-6ee9-4ea6-8bfc-24cfcf7438f4,55.53,1,Beverages,sbp,146.0,9,10,5
699ed053-82e3-4eac-a9b7-0bf7f46e22a8,139.13,1,Music,bank_card,88.0,2,10,2
69a77c73-dbd8-41f1-a985-c9cc51291e97,297.6,1,Smartphones,bank_card,15.0,13,10,0
69aeabf1-6d41-40cb-ba58-d55687925529,176.49,1,Furniture,bank_card,156.0,5,10,2
69b5c1d2-5bad-43a0-8253-cba4df4d1f8d,194.88,1,Toys,sbp,121.0,5,10,2
69bb854a-4afe-453e-b49b-f29b26a1ccd5,84.45,1,Tablets,mir_pay,115.0,2,10,1
69bfbe67-8201-45c1-9da4-32a7a4ef5992,70.25,1,Outdoor,bank_card,137.0,4,10,2
69c53c53-4490-42d7-b440-e63c0f59bcb4,121.66,2,Beverages,bank_card,64.0,4,11,0
69d06cd5-dec1-4d0a-96f8-0300b78d9f29,38.3,1,Smartphones,bank_card,91.0,8,10,0
69d3ee0d-4501-4d46-86bd-b1368d1d0aa7,549.7,1,Outdoor,bank_card,40.0,2,10,2
69d4c19d-47be-41d1-8a06-4933cfde81ac,14.45,1,Gaming,mir_pay,0.0,3,10,0
69def3af-8716-469f-8aad-94347ea4b98f,150.45,1,Smartphones,bank_card,101.0,4,10,0
69e04bbe-50bc-40c4-87ec-a38a36d22ffd,181.6,2,Pet Supplies,bank_card,31.0,9,10,0
69f11f36-c484-4c25-a207-61e8f1bd4003,134.02,2,Health,sbp,2.0,2,10,0
69f1d739-3d89-4b53-921c-9b7cc683a569,153.56,1,Outdoor,mir_pay,42.0,14,11,0
69f3cceb-b3b7-415d-9ec0-cd2c097f981d,159.21,1,Toys,yandex_pay,81.0,5,10,2
69f7646f-6a34-4fdd-b721-dbc8602eba3b,55.12,1,Laptops,mir_pay,96.0,4,10,1
69fd5828-443a-491f-a07e-48aca981bf98,969.94,3,Beauty,bank_card,203.0,3,10,2
6a00f473-b8fd-42ce-a688-b62ba33b5a0b,21.43,1,Software,yandex_pay,130.0,2,10,0
6a062af0-86cd-47ce-b468-c2b211afa8a6,103.74,2,Gaming,bank_card,33.0,11,11,0
6a0c532e-b237-4256-aa32-623eb63c706d,1065.85,1,Gaming,bank_card,25.0,6,10,0
6a13e387-4c38-4913-b908-963b0298b860,163.62,1,Other,bank_transfer,13.0,3,9,0
6a15123f-4bd0-48db-a369-26092bfe6270,32.77,1,Books,bank_card,161.0,3,10,0
6a17de5c-a674-4892-8d3e-8b2eeacce0c7,219.1,1,Sports,bank_card,126.0,5,10,0
6a1d5936-0aa5-4d20-a1bf-b76cb24753c2,172.23,1,Health,sbp,39.0,10,11,1
6a205517-2d35-4923-9dcd-675ab7154627,96.71,1,Pet Supplies,bank_card,43.0,11,10,2
6a229bcb-5fc3-41cd-adc3-ddb91d18fc53,171.06,2,Furniture,bank_card,3.0,21,10,0
6a2f0495-f735-49f4-9949-b196a95c394b,101.33,1,Software,sbp,160.0,3,10,1
6a319473-2df0-4bf3-b0f3-418d05bdcb91,167.76,4,Gaming,bank_card,27.0,9,10,0
6a31f569-7119-4986-b2d7-a88946e8b2fa,94.75,1,Books,sbp,61.0,2,11,0
6a4995fe-fdf7-4be4-8e0c-0cc212b6d4fa,24.81,1,Smartphones,sbp,80.0,7,10,1
6a4e45ab-929d-4505-9d5b-50ed55083976,363.97,1,Automotive,bank_card,5.0,15,10,0
6a649261-e41b-4df4-8c75-5dbc4c210c96,667.44,3,Shoes,bank_card,40.0,10,10,0
6a6ab8e8-d1a2-4719-b4b9-05e2069a8016,94.13,2,Software,sbp,19.0,2,10,0
6a6ffba4-a811-4868-ba17-3d8ff161fb21,207.66,3,Home,bank_card,169.0,1,7,1
6a88e0ec-9bc6-4473-8758-c560cc07a000,179.37,1,Clothing,sbp,203.0,2,10,3
6a8bcd6e-a738-4dd9-88a7-48b30dd2b029,215.76,1,Outdoor,yandex_pay,253.0,2,9,1
6a8e7dec-460f-4f46-8002-ee07d9f9f6eb,1175.49,1,Beverages,sbp,135.0,1,8,2
6a91bb50-f581-4e37-a69a-11c200127d05,102.88,2,Tablets,bank_card,147.0,1,9,1
6a94284c-77eb-4c4f-bfdb-b6c139b1e9df,35.62,1,Garden,bank_card,313.0,5,10,1
6a94e89c-3741-4f53-b559-92bd19bd8687,39.15,1,Photography,bank_card,45.0,6,10,2
6a964c21-1c28-4843-ab1a-513aff96ef84,183.84,1,Beverages,bank_transfer,235.0,5,11,3
6aa8a496-514a-4ed6-b389-a878975e05de,85.65,1,Laptops,sber_pay,2.0,2,9,0
6aad3ffa-4116-413b-914c-57d0dbc7aeb8,181.32,1,Software,sbp,30.0,6,11,1
6ab90b77-3b9b-4a9d-bee8-8222b902d623,214.41,1,Smartphones,bank_card,191.0,4,10,2
6abfc3ea-7bc7-4b5d-ba7b-595a71b11d2f,100.29,3,Gaming,mir_pay,28.0,16,10,0
6ac4ec34-fe90-4228-abb4-4ed40e72f58b,169.81,1,Books,bank_card,88.0,9,11,1
6ac68047-fc3a-4aeb-889d-3682f1677172,1040.53,3,Tablets,mir_pay,22.0,16,10,0
6acf05e9-b253-4952-b949-1dfddf03e719,30.0,1,Furniture,bank_transfer,234.0,1,9,3
6adad2a2-7b33-4b77-aced-d2bac1ee8875,189.37,1,Beauty,bank_card,1.0,3,10,0
6adef67b-a67f-4bf8-94e3-5263abc9f3a6,82.29,1,Gaming,sbp,30.0,5,10,1
6ae990f4-f050-4508-8c4e-7a19f9fedcd0,60.83,1,Beverages,bank_card,205.0,3,10,5
6af5d6b9-26e4-4996-b208-6eeace9dbf28,46.84,1,Accessories,cash_on_delivery,162.0,5,10,2
6af6bc55-4c04-44f0-90b8-675bf29e6912,859.38,2,Jewelry,mir_pay,168.0,1,8,0
6af8c306-eb76-418c-aa44-478af59dbefe,52.32,1,Other,bank_card,11.0,1,8,0
6b0382a0-976f-4ee0-87b8-680b0e9cb4ff,466.26,1,Jewelry,cash_on_delivery,147.0,1,8,4
6b04a6b4-313b-472f-acb2-b2bc10b5666f,49.63,2,Smartphones,sbp,20.0,4,10,0
6b04cc71-676b-4e71-a938-97fcca6b196a,298.67,1,Automotive,bank_card,57.0,15,10,1
6b0adf17-4222-4d94-8b44-740be8d476ab,274.89,1,Shoes,sbp,5.0,2,10,0
6b1b9443-7ab1-41e0-b35a-1e6f159226d0,1160.72,3,Health,mir_pay,12.0,7,10,1
6b39f60e-f456-44bc-84e3-799021db3d85,15.97,1,Outdoor,cash_on_delivery,263.0,4,10,4
6b5de0e3-804c-47f0-86c1-52b249fa7a8f,446.97,1,Food,bank_card,30.0,2,10,1
6b6c54c7-3e0d-4e75-8097-a4724cc649ba,71.33,1,Tablets,bank_card,65.0,10,10,2
6b7c09b8-84c7-4735-bfd3-ad03bbaf0799,78.01,1,Books,bank_card,30.0,1,7,0
6b7d7c64-36f0-4ea6-a579-6648884bc03b,164.18,1,Garden,bank_card,269.0,4,9,1
6b894475-b58c-45b9-933f-af81cfd81b67,85.12,2,Kitchen,bank_card,78.0,9,10,0
6b95deb4-5f17-478e-bca1-aba81d099968,41.94,1,Home,bank_card,137.0,1,8,0
6ba3077c-eae1-4015-8705-05a0b88324e7,148.92,1,Other,bank_card,89.0,9,10,0
6ba7ff25-f7c6-4f21-b939-089290fb4654,104.0,1,Books,mir_pay,89.0,3,10,0
6bae401a-2700-40b0-be99-4ffdafb643f1,45.73,1,Tablets,sbp,174.0,1,8,2
6bb2e3eb-be98-4a71-a5ce-547541eac0ac,99.2,1,Accessories,bank_card,200.0,2,10,4
6bb473e6-12f1-41d0-a246-4276476e59b7,30.09,1,Furniture,sbp,114.0,2,9,2
6bb6618e-968b-47f1-82ae-ec7403d2c9b3,301.12,1,Automotive,cash_on_delivery,135.0,3,10,2
6bb9d955-927d-4649-bb10-ce62359d039a,451.85,2,Music,sber_pay,36.0,14,11,0
6bba7f52-0fec-4fc5-aa96-bc1502e1927c,1512.02,2,Garden,bank_card,17.0,4,11,0
6bc21619-2c65-47e0-88d3-f50ba0f9ef3c,51.44,1,Automotive,mir_pay,44.0,5,10,0
6bcfdccb-158d-48c7-843a-49d362962b85,137.69,1,Gaming,sbp,249.0,1,7,4
6bde1c72-9f05-45b3-acd9-de2a141942ea,186.74,2,Electronics,sber_pay,35.0,3,10,0
6be6ba97-7ff2-43ef-9281-926545c10725,101.05,1,Beauty,bank_card,106.0,3,10,1
6be7baf3-37b7-470d-bbab-ea0f48d9d573,206.56,2,Laptops,sbp,107.0,5,10,1
6be86029-257f-49dc-862d-e73da270efa3,117.88,4,Music,bank_card,91.0,2,9,1
6be86d8b-1243-4fa6-afd1-677aadf72264,80.04,1,Garden,sbp,35.0,11,10,1
6bf23068-8678-42cc-a0ab-ccdf56063d45,97.16,3,Beauty,bank_card,81.0,9,10,0
6bf3ced5-f534-40f2-b3ae-85a360ba95c8,60.53,1,Toys,yandex_pay,54.0,7,10,0
6c0a5a6e-6e45-443f-85be-3af0eb46c24d,104.02,1,Automotive,sbp,87.0,5,11,2
6c0d77eb-3729-4b01-b1db-c48f9856712b,309.45,2,Photography,tinkoff_pay,0.0,1,8,0
6c11921f-80d6-4f61-92f7-622b990aea8d,187.18,1,Pet Supplies,bank_transfer,85.0,10,10,1
6c1880d9-58a2-4b4e-af21-f3d45c4518f7,232.36,2,Software,bank_card,13.0,5,10,0
6c19372f-e249-4985-8a5c-5255443e188d,164.32,2,Laptops,yandex_pay,117.0,7,10,4
6c2fee1f-63ae-43f6-8d2f-902db3aae5d4,873.84,4,Outdoor,bank_card,134.0,5,10,3
6c3c73cb-4bf2-479a-be4f-3feb11b931ee,21.18,1,Accessories,bank_card,225.0,2,9,2
6c3f86f2-2e81-45c8-8785-f5abc5104d22,7.47,1,Software,sbp,127.0,6,10,0
6c44d8ff-842f-465e-9833-b79600baa3cf,169.71,1,Toys,bank_card,4.0,4,10,0
6c469d9e-d7aa-4cd4-b24c-26c90580f161,950.97,1,Software,sbp,25.0,12,10,0
6c5df6d0-7397-4caa-b5d8-35e03e54d4ad,30.4,1,Smartphones,bank_transfer,261.0,2,10,3
6c67e58d-5899-4d8a-9d31-6adbfb7c41b0,238.1,1,Garden,sbp,62.0,7,10,0
6c687f90-b044-4d77-8ea6-886ad220f5fb,109.95,1,Music,sber_pay,160.0,1,9,3
6c75679b-2772-44d9-b1f3-98a2f15dcbd6,99.29,1,Electronics,tinkoff_pay,43.0,8,10,1
6c75d887-0f6f-4928-8e7e-59bdefb55ca9,220.35,1,Pet Supplies,bank_card,79.0,13,11,0
6c96f6a3-306d-4884-ad60-b7e609a5f13f,32.77,1,Books,bank_card,101.0,4,10,1
6c9a834a-3fc7-40ac-a9b7-ac963c15d1be,52.78,2,Garden,sbp,74.0,3,10,1
6c9c04a5-de76-46b7-813f-44bb2df1b3d0,90.94,1,Travel,bank_card,21.0,10,10,1
6cd188d5-467c-4916-9053-5f6af5c6f541,29.45,1,Outdoor,bank_card,17.0,13,10,1
6cd1ded9-5f60-4c05-9dd0-0166f2d7ea02,51.41,2,Travel,bank_card,152.0,2,10,5
6cd29872-ee54-454f-9d3f-88e357b64d3e,33.38,1,Smartphones,cash_on_delivery,209.0,3,10,1
6cd44ea6-dd1c-440d-ae53-cb29f46f6996,44.93,1,Health,bank_card,6.0,3,10,0
6cf115a5-6f99-43ce-9343-b5aec04a0f26,121.36,1,Food,bank_card,11.0,16,10,0
6cf75ea2-c126-40bf-b34e-13a598a09bdf,10.8,2,Office,bank_card,6.0,4,10,0
6cf7e671-e9e3-4001-8bad-f4489923b8ae,131.56,2,Kitchen,sber_pay,125.0,2,9,3
6cf7f1b5-c59d-4f55-95d2-668430d5f71e,73.69,1,Food,bank_card,300.0,3,10,3
6cfdf4cb-25f8-49ea-ad7d-9a6c44aaee77,106.91,1,Food,bank_card,26.0,12,10,0
6cff4739-a068-4501-be23-350265f5c28a,125.22,1,Garden,sber_pay,0.0,4,10,0
6d0b8a1e-bcd2-4a4a-9f2d-568a299d310b,1185.51,3,Beauty,bank_card,107.0,5,10,1
6d10e3b0-f08a-41d1-9543-8932ebd851b3,159.93,1,Photography,bank_card,38.0,6,10,1
6d1149b0-3f0f-41cb-b2cd-6b38213a5b28,13.52,1,Furniture,bank_card,218.0,5,10,3
6d12dbb7-30f9-48e2-8cff-6d82773b3bcb,54.8,2,Electronics,bank_card,179.0,2,9,1
6d2243e6-54bd-403c-a67a-7241db8946b5,115.77,1,Home,bank_card,76.0,2,10,0
6d26473a-95b5-4803-b3ed-8441473eeb26,484.46,1,Office,bank_card,171.0,7,10,1
6d2ba04a-e085-4a7d-95af-6a100159d40a,438.21,1,Home,bank_card,76.0,5,10,3
6d2cb688-ce18-4b39-87b2-1e490df80f5a,91.95,1,Accessories,sbp,90.0,5,10,3
6d37b24e-f6d0-4703-bdf0-ba783cf522fa,125.89,1,Headphones,sbp,23.0,28,10,0
6d450bd8-000a-4f1f-8e14-62b5531ae4be,374.01,3,Furniture,sber_pay,202.0,3,10,1
6d498ee7-62fc-457b-aec1-5a8aa23a4969,167.79,2,Kitchen,bank_card,3.0,22,10,0
6d4db20b-ff05-42fa-bb39-e43b29acec55,65.97,2,Automotive,bank_card,54.0,2,10,3
6d526f73-c36b-482e-a474-52c815d52797,65.21,2,Toys,sbp,0.0,1,8,0
6d5b32bb-21f3-425f-8cd2-e72f171cd630,125.2,2,Other,sbp,63.0,13,10,3
6d7241e9-159a-4562-92c5-4f8f60139b9f,73.42,1,Tablets,bank_card,128.0,2,10,1
6d730b7f-2bea-4661-b2b3-eae27f5650ff,24.93,1,Garden,bank_card,43.0,4,10,0
6d85152c-0f99-489d-8759-99a21e71aa07,339.11,1,Garden,sber_pay,57.0,3,9,0
6d8a15dd-70f1-487b-867d-9ea03703293e,173.6,1,Beauty,bank_transfer,134.0,5,10,3
6d933e40-57f5-4d02-a117-3f5e5a370155,196.98,1,Accessories,bank_card,302.0,2,10,2
6db3a052-4b6e-421c-b41f-8051b9a39ca0,377.65,1,Gaming,bank_card,146.0,5,10,2
6dbac4d0-36a4-4e12-adca-c6c15a3fda8a,57.79,1,Beverages,yandex_pay,8.0,5,10,0
6dbc76ab-2f8f-4fe8-a55d-822f75ee11b8,70.3,1,Travel,bank_card,273.0,4,10,0
6dbdbc18-0629-46ac-a07d-cd2b61aa2a2b,63.16,2,Outdoor,sbp,98.0,3,10,1
6dc8c79e-3c3e-40a4-8e9a-51e5246d806f,52.81,1,Accessories,sbp,50.0,16,10,1
6dde65fc-84b4-4387-bdd5-a5f38e4b0d49,82.23,1,Office,sber_pay,273.0,4,10,0
6dee6eb0-3109-489a-9e8e-ea3b13aee128,120.18,1,Headphones,cash_on_delivery,192.0,2,8,1
6df3b4a1-1283-4725-a8fa-7286f80eb110,96.84,4,Beauty,mir_pay,16.0,25,11,0
6dfb4c1e-e8b0-4931-95ad-0015601d46f4,910.06,2,Beauty,bank_card,3.0,4,10,0
6e01f2fc-9e56-4f03-935c-967d0091bc94,232.54,2,Headphones,bank_card,0.0,1,8,0
6e03095b-fd3b-4daf-a68c-dd4cec3ad057,120.18,1,Headphones,bank_card,0.0,7,10,0
6e086963-6077-44a4-ad22-49df950861cf,97.7,3,Other,bank_card,201.0,5,10,4
6e098ae0-144d-493b-9fe3-174d15116969,225.44,2,Shoes,bank_card,189.0,3,10,1
6e0d76d9-fd73-4c15-9c5a-f73ccd4ac0cf,215.41,1,Books,sber_pay,202.0,3,10,2
6e0dcb31-0ea2-45ef-990b-a6b06432ebe4,161.38,1,Office,bank_card,46.0,4,10,2
6e16002e-6d5d-48ea-af9f-f06065c64029,738.55,1,Pet Supplies,bank_card,45.0,11,11,0
6e1bc369-ee44-43c3-8c82-dcb53c738e6a,536.77,1,Toys,mir_pay,224.0,3,10,2
6e33d9b4-05e6-48ab-9b64-ef834d0d7448,190.82,1,Accessories,sbp,3.0,8,10,0
6e39cad1-24d9-4e1e-bdb2-d2bb83c04cff,61.56,2,Smartphones,bank_card,300.0,4,10,6
6e46d884-c3ad-48fe-9dcd-2badb220c91e,438.1,2,Kitchen,yandex_pay,8.0,12,10,0
6e4e95db-cfbe-44f5-bc72-d6f49413bd79,347.0,2,Toys,bank_card,25.0,17,11,0
6e58954d-c2c6-4525-bf9b-04ef829b042c,13.91,1,Laptops,tinkoff_pay,49.0,8,10,2
6e5a1b1d-673b-45a2-a604-eb8e418f948a,96.99,1,Office,bank_card,23.0,3,10,0
6e6060ee-cd5d-4f95-9452-ca847fbf4549,286.39,1,Food,yandex_pay,102.0,1,6,1
6e66c482-cded-4329-b4f3-a02f41ed07d2,15.95,1,Accessories,bank_card,136.0,4,10,2
6e707c26-393a-4aca-8029-e0c52e9e7fc7,566.59,1,Toys,yandex_pay,296.0,2,10,1
6e7820af-3b17-4080-a4db-4b4c62457389,155.93,2,Toys,bank_card,6.0,1,7,0
6e82def0-d64e-4081-ba52-5ae38b06270e,305.53,1,Automotive,sber_pay,24.0,5,10,1
6e85a40d-e47d-4434-8503-f91fd2baa27e,697.0,2,Toys,bank_card,106.0,1,7,0
6ea816e4-2017-4280-b457-b3c44ab55841,2442.54,3,Outdoor,cash_on_delivery,18.0,17,11,0
6eaf323c-37c0-42b1-9c7a-8a2e41ccabf2,172.58,4,Clothing,bank_card,132.0,2,10,3
6eb5a80a-c656-4e1d-96d8-77ee7b873260,61.17,1,Pet Supplies,sber_pay,230.0,4,11,4
6ed41d40-5ed1-42a6-a79a-139fa542bc2e,114.28,1,Software,bank_card,35.0,1,8,0
6ef5dfc8-a9df-4177-a8ae-ed6164e0a309,266.99,2,Tablets,tinkoff_pay,33.0,16,10,0
6ef67e0c-fe53-48ca-9818-e3808356eb1e,57.62,2,Office,bank_card,60.0,2,10,2
6effa3aa-ac01-4def-9fd1-d3c20c208101,86.6,1,Beverages,bank_card,136.0,3,10,3
6f255e25-9225-466a-8d5c-9078cc50568e,86.68,2,Toys,cash_on_delivery,186.0,3,10,3
6f348ae6-2567-4ac3-a164-598446b5a534,203.69,1,Smartphones,mir_pay,113.0,6,10,0
6f3596f3-f67a-4ed9-a464-b62a49f4ae5a,46.06,1,Travel,sber_pay,48.0,2,9,0
6f4c7e2c-acd3-4f6f-ac63-c7a6ade25e51,1344.94,2,Books,sbp,38.0,6,10,0
6f572bab-d533-4092-92ef-7d57c242dc5b,133.84,1,Electronics,sber_pay,125.0,3,11,0
6f653efa-f553-4316-ab43-92f916c87fc6,469.01,1,Garden,sber_pay,11.0,2,10,0
6f7e7ebd-aa82-4550-9f55-ce5a222ee7f2,88.9,1,Tablets,bank_card,45.0,6,10,1
6f86a38b-b26c-4ee9-8867-31228920b7f2,806.7,2,Clothing,sbp,36.0,4,10,0
6f905207-b461-402e-954d-f7c7a898ff8f,212.48,1,Travel,sbp,62.0,6,10,0
6fa60578-5fca-41e6-901d-0ff0da6bc00b,307.48,2,Other,bank_card,193.0,1,9,1
6fa616ac-6e00-48c2-888c-0af967701986,128.2,2,Gaming,bank_card,1.0,14,10,0
6fa84a60-f84d-446f-a9eb-6a2e90c98232,2359.95,3,Accessories,yandex_pay,294.0,4,10,0
6fab9674-f6c7-453e-badd-3492cf7cc717,54.56,1,Books,bank_card,130.0,3,10,3
6fb3b873-86e1-4ba5-8463-ecfb793477b8,203.68,2,Headphones,bank_card,51.0,1,8,0
6fb65628-13b8-44ec-8cc1-17103db95150,90.18,1,Shoes,sber_pay,139.0,1,7,1
6fc94d85-32af-4df6-a44c-f847485c39b9,54.29,1,Laptops,bank_card,0.0,1,8,0
6fd49703-9cba-4ad5-abf0-7b5df26ae6d5,189.86,1,Toys,bank_card,62.0,13,10,0
6fe9e2a7-b95e-4d6b-a720-00884c3f73c0,233.0,1,Laptops,bank_card,180.0,5,10,1
6fe9f55d-1d1f-4c7d-a213-7aa09f9915fe,35.25,3,Food,bank_card,1.0,1,9,0
6fead04f-8c65-45e7-be80-65deceb0589c,74.8,2,Books,sbp,26.0,3,9,0
6ff54c1a-805d-4fea-91e4-e0ac8860c4a0,133.84,1,Electronics,bank_card,264.0,3,10,4
6ffaf321-70e9-413f-97b2-f42d7a936017,360.34,1,Toys,sbp,40.0,9,11,1
70051400-be74-4c4e-a0e2-a0f866facc64,96.19,2,Kitchen,yandex_pay,97.0,4,10,1
701bd3ac-818d-43e1-b381-ae7036b6ff08,120.2,1,Smartphones,sbp,208.0,4,10,4
702139b7-b845-4138-abc7-6cf657d5402d,109.95,1,Music,cash_on_delivery,18.0,2,9,0
7023fae9-610c-41a7-b4c6-682a91a1f78a,412.48,2,Accessories,bank_card,96.0,2,10,0
702495bc-2e35-4fc8-934f-e3079ee2614f,98.46,2,Laptops,sbp,6.0,7,10,0
70259a71-5a5d-46a3-a29f-2841d3486be9,115.48,1,Clothing,sber_pay,17.0,15,10,0
70292aef-c1da-4fae-a262-66c5fbef4fce,66.8,2,Accessories,mir_pay,3.0,9,10,0
702a675c-2079-41b8-8dde-001ac035ad49,49.25,1,Smartphones,mir_pay,78.0,9,10,1
703209de-c1f9-44fb-9f89-40f618d9cbf4,98.63,1,Accessories,bank_card,7.0,33,11,0
70470bef-2b6c-47b0-ab04-e307f0a6a501,112.42,1,Laptops,bank_card,198.0,3,10,3
7047a46f-d88c-4318-896d-d76354041974,110.78,2,Office,bank_card,180.0,4,10,4
705e55b7-dfac-4bf1-b2e8-08cb6602d179,152.74,1,Home,sber_pay,162.0,2,8,3
706f9012-0938-4dcc-a059-0fc2a72d467f,12.57,1,Shoes,bank_card,5.0,1,7,0
707b842a-76f0-4411-9988-5a99b3c0045f,203.86,2,Tablets,bank_card,13.0,8,10,0
707bea63-76f4-4da9-8f0f-685100fa6f54,596.75,1,Home,sber_pay,98.0,3,10,2
7080bd9b-d0b8-4044-8fc4-88d6ac94df70,16.03,1,Office,sbp,26.0,10,10,0
7085345c-9c44-4c5f-9737-4637867c505e,1392.7,2,Furniture,bank_card,130.0,2,10,2
70879626-102c-491d-8875-dbaa508b1e3b,65.39,1,Toys,bank_card,86.0,1,8,0
708995a4-cdcb-434c-a451-76f213ce856b,186.8,2,Toys,bank_card,1.0,12,10,0
709ea59d-596c-4b83-9fbf-58301b2831e0,382.24,1,Other,bank_card,2.0,23,10,0
70a15239-243e-4cc1-af49-91d7f278eedc,212.4,3,Food,bank_card,137.0,4,9,3
70a30c1c-165c-4c70-bafa-ff861c4b8c68,217.36,1,Health,sbp,120.0,8,10,1
70aa4f11-eb2f-4e39-b4a3-f6253aa50290,92.19,1,Headphones,yandex_pay,26.0,10,10,2
70ad8c0b-7763-488a-8da6-8e3e8246f7cd,7266.7,4,Office,bank_card,58.0,3,10,3
70c948d3-443a-4ada-a72f-0cfef3735104,73.69,1,Food,sbp,49.0,10,10,1
70d1956b-4797-4f2a-ad83-281c48221ee7,26.9,1,Beauty,sbp,111.0,5,10,5
70d75f66-92f4-4fe9-ab61-95519b564a05,221.56,4,Office,tinkoff_pay,82.0,9,11,2
70d76753-55f3-4b4a-bd9e-85a930d75bd3,249.4,1,Electronics,sbp,118.0,3,10,0
70e89ffc-bb7b-471e-a336-376e6e155036,46.01,1,Clothing,tinkoff_pay,23.0,2,10,1
70ec080c-1dbd-41ed-ab9a-b2b181368343,130.83,1,Home,sbp,132.0,2,10,1
70ec149d-a3bb-4193-9bca-6b700a694197,283.97,2,Laptops,sbp,283.0,1,7,3
70f6314b-0e4b-407a-abf2-a1620a7bdc32,16.87,1,Office,sbp,16.0,22,10,1
70f63191-a078-43f9-a294-c82c858b2566,84.22,1,Smartphones,bank_card,292.0,3,10,2
71044003-2458-4788-9d02-b8006cc0b0a9,32.77,1,Books,bank_card,53.0,8,10,2
7116034d-d446-4d01-9f3c-393744d6ea43,154.49,1,Smartphones,sbp,51.0,11,10,0
7128c544-ddff-4b76-99ec-7e56f2d6915c,109.9,1,Home,sber_pay,98.0,12,10,1
712d89ff-0f16-4293-9d91-79f98552ba81,133.76,1,Books,bank_card,63.0,4,10,0
71393190-ebe9-4f3b-aebc-b892c1664256,93.72,2,Shoes,yandex_pay,74.0,7,10,0
713b2a7d-5118-4b87-8055-e2a0cea2f4de,192.74,1,Photography,sbp,94.0,2,10,2
713e2f2c-b5af-4b58-8bac-0e5ed5e07b55,467.6,1,Smartphones,bank_card,36.0,3,10,1
714398f3-0f4a-479c-8235-acc947c869d9,162.19,1,Beauty,bank_card,122.0,4,10,2
7146b53f-5fab-48c0-9838-0105c85446de,30.76,2,Jewelry,bank_card,38.0,3,9,0
7147dc22-2740-48ae-acf9-0ce00ae750dd,323.66,2,Other,bank_card,150.0,2,10,2
714b4e48-a0b9-4476-aab8-61180b2e8de0,46.51,1,Beauty,yandex_pay,100.0,7,10,1
7152c818-3557-47e9-9742-2fdf48cda424,224.54,2,Music,sber_pay,128.0,9,10,2
715688a8-0b10-48c0-b2bb-fe9ee637d55f,110.52,1,Smartphones,bank_card,110.0,2,10,2
715a0544-ffc8-4181-870d-e6fb46f9a7dd,266.74,2,Laptops,sbp,267.0,3,10,2
715f9779-1e5a-4c78-887e-3b022bab5b29,139.63,1,Smartphones,yandex_pay,295.0,3,10,2
716597af-8a62-4d9f-85ce-675bbca1623b,190.61,1,Laptops,bank_transfer,109.0,2,10,0
716a3ad2-f52f-4688-b86f-403d22f2c988,34.43,1,Shoes,bank_card,204.0,3,10,0
7171676e-b26d-4caa-8ca4-4d61c4249757,2479.6,4,Laptops,mir_pay,24.0,2,10,1
7171d159-8024-434f-b8f7-aaf9d6fbefac,112.99,1,Photography,bank_card,13.0,21,10,0
71736afa-4856-4e62-9d91-68f2df53285b,34.38,1,Pet Supplies,mir_pay,63.0,2,8,0
71740b0b-e437-4c3f-b52f-a99312396a7f,13.37,1,Garden,bank_card,7.0,1,8,1
7177c50c-7596-47ae-af1a-3fa97c291485,24.93,1,Garden,bank_card,78.0,2,10,1
717b65cf-6cbb-4825-95f2-b1cd5aedbf94,234.1,1,Beverages,bank_card,1.0,19,11,0
718ba3da-2d44-4fa6-96f6-78d4e74c11dd,137.93,1,Music,bank_card,39.0,10,10,0
718dc41c-874c-41f3-a2ac-3beacb013bc6,1425.48,3,Home,bank_card,59.0,12,10,1
718fbe6a-c9bf-4746-abb3-f61d56fdae28,28.44,1,Beauty,sbp,45.0,6,10,1
71a1a612-921f-45eb-8d97-179998b7171e,95.11,1,Toys,bank_card,217.0,3,10,2
71abd9cd-e7d1-4cbe-b074-49654c4b99f3,97.52,1,Headphones,bank_card,40.0,1,7,1
71b303e1-c68f-402a-a7c6-57c3f5ed90e5,58.47,1,Health,bank_card,155.0,3,10,2
71b6b5ca-b254-41cb-a2fe-8dd7716eb1a2,73.42,1,Tablets,sber_pay,0.0,1,7,0
71bc61a8-7dde-4153-b468-fa7594212fdb,12.37,1,Food,yandex_pay,39.0,16,10,1
71c4fa92-ecdf-4eaf-ab7b-43ab9b19c46b,346.37,1,Gaming,bank_card,115.0,1,7,3
71d43d02-3a04-4143-b234-d14abe202994,552.62,1,Music,bank_card,82.0,6,10,2
71d72cef-8171-401d-bdf1-309a4a422e8c,21.49,1,Other,bank_card,11.0,6,10,0
71d7b753-533c-42c6-a30d-a84c6aad1fe4,20.18,1,Toys,cash_on_delivery,37.0,17,11,1
71e128d4-366a-4a1e-817e-9f3a5dcdfd14,46.84,1,Accessories,sbp,263.0,5,10,3
7225b15a-bf20-4b18-89b8-3fe2cb21647c,111.84,1,Beverages,mir_pay,89.0,5,10,3
722d6f44-7459-4545-94a4-284875d53204,40.01,1,Furniture,bank_card,16.0,13,11,0
722de2b5-48bc-4ddd-ba86-39d1b0e6b19a,70.08,1,Furniture,sber_pay,4.0,11,10,0
722e46b8-a77c-44c1-bbd0-0f33a96a7b10,38.48,1,Shoes,sbp,79.0,9,11,0
723ad6d4-42c4-40b5-93f4-88bc75faf6a0,124.96,2,Electronics,bank_card,29.0,4,10,0
723df3dc-fef7-40cc-9095-87b49a23f92d,1804.81,1,Outdoor,yandex_pay,71.0,3,11,1
725244e7-d81a-4c10-beea-85319a66d78d,35.01,1,Smartphones,bank_card,17.0,6,10,0
72532b0c-3153-49eb-a669-4aa300b49730,230.33,1,Office,sbp,329.0,1,8,1
7257a5a8-6573-4db7-9bdf-797f4722a009,186.22,2,Gaming,bank_card,100.0,11,10,0
726434ad-4de8-4dbd-bf7f-34cf17591c30,287.93,1,Other,bank_card,34.0,21,10,0
72652269-5ad1-49e1-a3dc-7f4c75b57d19,571.8,1,Garden,bank_transfer,44.0,5,10,0
726ddadc-0d27-488a-b7cf-9c6ad24da3f7,1524.78,3,Office,bank_card,138.0,5,10,5
7274c5ef-b2d1-46dd-978c-e0f23af02dee,48.28,1,Headphones,bank_card,115.0,5,10,3
727db982-c87e-4f36-af52-04ee906b7d87,58.04,2,Photography,sber_pay,69.0,6,10,1
72847a92-e64e-46ca-aaa3-48490570eff3,136.19,1,Gaming,sbp,10.0,7,10,0
7285d187-9fa9-4683-a285-9f83d17dff69,319.29,1,Pet Supplies,sbp,50.0,3,9,1
728843ad-9e32-4c0a-941c-7846408dcb26,181.62,2,Pet Supplies,bank_card,41.0,9,10,2
728bb939-b695-4418-8b39-5bdd6620cf53,18.33,1,Beauty,sbp,113.0,3,10,2
72b32977-3137-4224-8f42-0dab82d0b2de,265.95,1,Laptops,bank_card,80.0,4,10,0
72b59390-d00c-4e50-abee-2ad38e2d5cec,6957.33,3,Accessories,mir_pay,4.0,4,10,0
72b7d5c4-d8c1-4d3a-b11e-b8a5524767dc,769.32,3,Photography,bank_card,22.0,3,10,0
72b94081-7f78-4ef6-9f8c-ae2802754529,1383.23,1,Accessories,mir_pay,123.0,2,10,4
72bba247-cf29-44f0-9b2d-39b488d786d5,101.17,1,Beverages,sber_pay,78.0,4,10,3
72bdf6d7-d3bf-499a-9d86-8e13ef77740d,757.81,1,Travel,mir_pay,42.0,11,11,0
72c38eb4-7ff4-4732-b259-7e4613b4b9a6,88.09,1,Accessories,bank_card,235.0,4,11,1
72c8bcfb-3b2b-4f30-86cf-c1811ea5d046,57.54,2,Kitchen,sber_pay,16.0,2,10,0
72c928ab-0e80-46b0-8ba8-884ac992f94f,1777.75,1,Tablets,sbp,17.0,3,9,1
72cceb2b-57e2-4f3c-b17f-c58119be2f1d,206.26,2,Sports,sber_pay,186.0,1,8,1
72ec408d-2ac2-4bc3-95d8-5ab4ca75fa88,329.14,1,Sports,sber_pay,77.0,5,10,0
72f42d7a-941e-4098-971f-4f7db5270f1c,508.26,1,Office,sber_pay,252.0,2,10,1
730e8d66-00a6-4bd3-9b47-01db27c3053b,387.69,1,Books,bank_card,57.0,8,10,1
7318dac6-6a16-4f49-a11d-e4a31646dbf6,805.98,4,Beverages,bank_transfer,16.0,5,10,0
731d240c-b61a-4822-ab13-41caaab2f073,54.48,1,Office,bank_card,7.0,2,10,0
731fd793-7866-4186-ba72-e970c245451b,351.47,1,Smartphones,bank_card,83.0,2,10,3
73261b25-95e0-4d0f-bafa-0b57461f4b9d,106.66,1,Music,bank_card,33.0,1,7,0
73275e45-2d45-4883-b3e2-ed12cfd88ede,74.68,1,Accessories,tinkoff_pay,24.0,16,11,1
73382b58-fd8a-4c4f-94a6-b0993e1efa9f,232.08,1,Pet Supplies,bank_card,156.0,4,10,1
733d7a11-dc71-4a91-bf0c-2d3ae04a5743,339.72,1,Laptops,bank_card,186.0,5,10,3
733ece48-be0f-41af-842c-9bf7e42f4731,13.97,1,Shoes,yandex_pay,179.0,4,10,3
735af69e-4ac5-41c0-ab0d-7f07c857a986,298.66,2,Home,sbp,15.0,1,9,0
735f78c2-b4c8-47cd-9085-b6ceee3988e9,132.62,1,Gaming,sber_pay,184.0,2,10,2
7364b910-67c6-4012-93b6-0438be1dc265,72.44,1,Office,bank_card,51.0,4,11,1
73698523-2385-4cfa-b5c8-e45d0cca0262,188.64,3,Software,sber_pay,124.0,3,10,2
736e4417-bfd8-4385-819d-6a2cab01b2e8,78.91,1,Furniture,bank_card,15.0,4,10,1
7385b291-c9d7-4fe2-ac8e-2c406c8eb802,265.48,1,Music,mir_pay,44.0,6,10,0
73898fa4-7032-499d-b3c2-9a3482683eb2,571.03,1,Food,yandex_pay,82.0,3,10,2
739f8d37-729f-4398-bb29-845f9463203d,910.85,1,Headphones,bank_card,141.0,1,7,1
73a398e8-c4c4-4acf-adb3-32bdcbc39871,156.78,1,Kitchen,bank_card,35.0,13,10,0
73a5566e-afe2-4209-a21b-765dc92f8817,119.26,1,Photography,sbp,18.0,10,10,1
73c560a8-c6fb-4b6c-9439-bd193e686110,1140.32,2,Shoes,sber_pay,7.0,6,11,0
73cd6dd5-d307-4e04-bd3d-595378eeedc1,106.88,1,Clothing,sbp,264.0,4,10,4
73cdce42-fd70-470a-a2a9-547a47b094a1,112.99,1,Photography,bank_card,5.0,17,10,0
73d2866a-f07b-4044-a99b-4c7d6d337de5,10.33,1,Automotive,sbp,91.0,3,10,3
73dc2075-d7a6-4a52-a114-5803e50a06c2,252.97,1,Furniture,sber_pay,27.0,6,10,0
73e0d7de-08af-4558-83b8-180cec4618ff,210.96,3,Shoes,bank_card,93.0,3,10,0
73e315c7-58f7-4b04-96d8-69f2fe1704cb,647.24,4,Toys,sber_pay,269.0,2,10,1
73e7967c-2258-483f-9f68-6976666c1957,33.36,1,Accessories,sber_pay,220.0,2,10,3
73f64bd6-bb0c-43c9-89f7-5b6d6844bc00,101.77,1,Beverages,sbp,59.0,3,9,1
74008831-d736-4368-9c5a-ac2a20622574,1547.63,4,Health,bank_card,278.0,5,10,3
7407f66b-004c-46c7-9a44-95d2fb93fec3,82.3,1,Toys,sbp,71.0,4,10,0
740c3c28-fb6e-46f9-8c96-9374deddf9e5,106.91,1,Food,sbp,86.0,3,10,0
742ac652-6c7d-417e-971e-2c4e0eb875fb,155.93,1,Toys,yandex_pay,105.0,2,10,4
7437e039-8993-4a54-a813-62ac9e47d557,137.89,1,Laptops,bank_card,33.0,13,11,0
744a4856-cfea-4c0b-b6c5-f5a6adf1ff30,124.49,3,Gaming,sber_pay,118.0,3,10,4
744d8cc2-a568-4607-bbac-a6d25beeffdf,97.4,1,Garden,bank_card,21.0,18,10,0
744f1c60-34c8-4735-8571-afe11b5cab3d,353.33,1,Laptops,bank_card,116.0,5,10,3
745ac769-ab67-4a8c-88a9-8d65b582aba2,32.16,2,Gaming,sbp,17.0,12,10,0
74632e59-5071-45b7-8287-4d8e742279d7,367.88,1,Automotive,sbp,1.0,1,8,0
7488996a-4030-47c7-8dc8-420a3f398d9e,182.69,1,Beauty,bank_transfer,182.0,1,6,1
7489a634-f55f-4e64-930f-c7558904cda2,43.28,1,Outdoor,bank_card,96.0,4,10,5
7496fb21-a0e2-41ca-9705-fb255d64cb33,267.48,3,Tablets,bank_card,50.0,12,10,1
749862ca-c013-4e9a-9f22-7af27f77095b,1405.59,3,Automotive,mir_pay,67.0,9,10,1
7499069a-953a-499c-9cd9-002420f19305,111.59,2,Automotive,yandex_pay,122.0,5,10,1
74aa7470-fecd-4de9-bcfa-96e041cb785b,17.39,1,Laptops,bank_card,72.0,7,10,2
74b262b9-8149-45e3-9128-4d2424d60412,74.49,3,Headphones,bank_card,102.0,3,10,0
74ba654b-2c19-44b7-b9c4-a0c35a34f3e2,126.81,2,Health,bank_card,81.0,3,10,1
74bc8263-3ebe-4437-942d-640ba4e72b29,299.25,2,Other,bank_card,168.0,4,10,3
74beb315-9899-4ee1-9b96-9a2ff42fdae2,298.86,1,Music,bank_card,40.0,9,10,2
74c1c9b5-1ed7-4170-8c52-dbb7e854483e,309.88,1,Outdoor,bank_card,151.0,3,10,4
74ca8889-4918-4c66-b9c3-cb6961a953f1,114.7,1,Kitchen,sbp,223.0,2,9,1
74cb39d3-ada7-4bde-9f12-ba80647c6e88,150.4,1,Tablets,bank_card,18.0,2,10,0
74ce35c2-ec48-43ea-b488-8ab217d4e299,9.89,1,Tablets,bank_card,31.0,2,9,1
74cf77c9-0240-4e2d-99bd-d712875fdd7e,124.7,2,Health,bank_card,130.0,3,10,1
74d0161e-2732-4653-853c-c6e42177363a,58.86,1,Automotive,sbp,43.0,2,10,1
74e150bd-b4f9-4bbe-89f8-292f41933ebc,494.41,1,Furniture,bank_card,108.0,3,10,5
74fced75-59c1-408c-b734-d10516414fc0,25.84,1,Automotive,sber_pay,259.0,2,10,4
75026419-9593-4cac-91ae-e304852d2491,11.36,1,Photography,bank_card,209.0,2,10,3
7506291d-2c76-4c40-83b4-58236afa0f37,285.65,2,Travel,bank_card,9.0,2,10,0
75093235-313f-47ab-9bb7-2e1de0809de8,79.73,1,Health,sbp,53.0,9,11,2
75276a95-fa8a-45bf-9a27-e9996fb2168c,303.3,1,Books,sbp,219.0,3,10,3
7534e582-f3db-4fa2-ac1e-e2ed5a4297a2,257.54,1,Electronics,sbp,1.0,1,9,0
7535a9a8-1210-4639-b09b-5e4a8e44c614,180.54,1,Clothing,bank_card,71.0,5,10,4
7539456c-89b1-4a18-a02d-29790aa40e1e,87.04,1,Health,bank_card,221.0,3,10,0
753daa34-ee58-4073-9b4d-2a87df0d3c80,256.75,1,Sports,mir_pay,169.0,2,10,1
753eb7ad-3ed2-404d-808f-c92d198f0722,270.98,1,Beverages,sbp,160.0,2,10,1
754122d7-a61a-4e26-88e4-c032856ea16b,356.9,2,Laptops,sbp,49.0,20,10,0
755c3342-b2d8-4771-ab77-95e4dcaa1b8a,449.47,1,Electronics,yandex_pay,184.0,3,11,0
757111d5-ccf3-48a8-ac88-dc4fafecfe9e,175.72,1,Toys,cash_on_delivery,0.0,1,9,0
75775e53-fd50-4868-91b3-6f38c67519e5,189.76,1,Shoes,bank_card,18.0,6,10,0
75797781-ca35-4279-9a9d-09e51561b719,22.88,1,Outdoor,sbp,158.0,2,8,1
757ab78c-04d2-4606-8847-640f12eb3a9e,204.84,1,Furniture,bank_card,70.0,1,8,0
75841b13-e02e-4935-bce0-d83c25d9efc4,224.07,1,Food,tinkoff_pay,112.0,4,10,0
75c87773-0089-4a67-b12b-2c50f0a4b8a7,16.02,1,Software,bank_card,65.0,13,10,0
75cf98ef-ed09-4ffe-af44-256ce5725b52,87.74,1,Travel,sbp,41.0,3,10,1
75da2739-5db2-4f06-ba77-d3460c67df61,84.29,2,Photography,sber_pay,173.0,6,10,2
75e5df7b-55f0-454f-91d1-4215a9127269,226.82,2,Accessories,sbp,291.0,4,10,2
75e65169-e89c-44e7-b981-7dee99b1a020,54.57,1,Laptops,bank_card,1.0,1,8,0
76144580-a7a8-4750-8d6d-319577de07a2,393.39,3,Accessories,mir_pay,18.0,15,10,0
761a07b1-9877-4ecd-93c9-93a5062e6e7d,79.38,1,Software,bank_transfer,32.0,7,10,0
761ae8ef-e8b4-421c-8c18-055b9ac9306d,106.87,1,Travel,sbp,47.0,3,10,1
761fcc4e-a40d-4460-92b5-7edfd64e6c7d,71.48,2,Health,bank_card,109.0,3,10,0
7622f914-f6b2-4f18-a322-ce7b7ac1fc6f,203.68,2,Headphones,sbp,17.0,17,10,0
7623323a-7366-4795-9974-ac5510d8d937,23.79,1,Headphones,cash_on_delivery,38.0,2,10,0
763d33a7-3a5b-432b-b087-acd3ce934608,214.36,1,Outdoor,sber_pay,54.0,3,10,2
7650b6d5-b74d-405b-9d98-b387510b5298,222.13,1,Sports,bank_card,11.0,1,7,1
765bbc87-6ffe-4010-a698-1278855f2055,32.25,1,Laptops,bank_card,251.0,3,10,1
765cf917-15cd-4f52-8553-60cc21cfd2ae,71.02,1,Electronics,bank_card,176.0,3,9,2
766a82a2-6d8f-437b-97db-0cf0c2045c5b,199.0,2,Clothing,bank_transfer,196.0,2,10,3
76734643-0b94-4282-b2e8-23e8c9cddcd5,424.42,3,Other,cash_on_delivery,14.0,19,10,0
767455fe-752f-4abe-a272-be370347fb8c,402.72,1,Shoes,bank_card,4.0,10,10,0
767db4aa-961b-4be5-ac70-c1ac403d6a12,244.2,4,Software,bank_card,10.0,4,9,0
7683de82-a253-4e1b-8b4f-9c9698022ec0,139.94,1,Garden,sbp,71.0,3,10,0
7685d445-16ad-44fb-b07a-47cb32c8c27e,261.69,1,Automotive,yandex_pay,45.0,4,10,1
769bc5ac-c894-4de6-89a5-895edceacb87,24.03,1,Toys,yandex_pay,6.0,1,9,0
769cdbe6-f14d-44cb-b304-fcbb310b6ddc,576.04,1,Beauty,bank_card,102.0,2,10,3
76a6e251-c5a9-4cf3-a914-8a8af5a7daee,118.64,2,Jewelry,sbp,240.0,3,10,3
76adfc51-565a-47a9-b393-17d46306a829,587.68,4,Health,sber_pay,35.0,2,10,1
76b20f6b-26fb-419e-8a4a-a0ed101b213f,55.52,1,Other,sbp,223.0,5,10,2
76b45093-3913-48d8-a0a2-0d7f1e124976,26.03,1,Electronics,bank_card,65.0,1,8,2
76c07d6c-c09b-455b-8015-832f7c9fca9c,171.76,1,Toys,mir_pay,178.0,5,10,2
76d35bcb-a0df-4038-a72b-e73c0dcb1201,13.52,1,Furniture,sber_pay,64.0,11,10,1
76e2cf81-f085-4a85-8370-d4625cd1970b,120.53,1,Photography,sbp,47.0,7,10,1
76e85d6a-b8ac-46c7-9c06-0856219103d3,304.24,2,Accessories,bank_card,115.0,4,10,1
76f36102-9e03-4071-a2a3-ab7add918392,97.11,1,Health,bank_card,238.0,1,7,3
76f5847d-5bfe-48e3-99f5-2a1c9d18341a,412.4,2,Home,bank_card,35.0,6,10,1
76fb38f7-8127-41c5-a470-f9f3cadc3a71,3375.2,3,Gaming,cash_on_delivery,350.0,2,10,2
76fbb3be-9aa8-4716-a888-7ea3bbc739f8,155.56,1,Tablets,sbp,107.0,3,10,2
77061827-b498-4c63-a63e-0bc6fb0ab26c,131.09,2,Home,sbp,83.0,7,10,0
770ac5b9-4b66-4b86-8e8e-6442d7ba1b2c,151.51,1,Photography,bank_card,91.0,2,9,2
7712f752-4445-45df-97ab-b5d34f273a30,182.18,1,Electronics,yandex_pay,79.0,3,10,0
772062de-060c-4e96-a7ce-a7e33e17357c,361.58,3,Photography,mir_pay,148.0,3,10,2
7720fb8f-7713-4a43-9041-3b3e6b5d4590,2904.38,4,Furniture,bank_card,14.0,7,10,0
77411404-0934-4d8c-947d-a45cfd53f832,85.68,1,Office,bank_card,56.0,3,10,1
774e7911-01b2-49c0-823b-103c8a8d6e6a,285.24,1,Beverages,mir_pay,32.0,19,10,0
77522936-d4f3-4261-8c2c-ec319619ae10,195.45,1,Headphones,mir_pay,35.0,3,10,1
7759783c-f665-4f8e-aaa2-09504e945850,2293.19,4,Shoes,sbp,183.0,3,10,1
776a1b17-4088-45c5-85e2-1dc2cfb1e3f4,38.85,1,Music,bank_card,15.0,12,10,0
7775ac56-1144-4f47-b5e5-42f8436d3a13,1068.35,3,Office,bank_card,140.0,5,10,3
77766183-28a0-4b64-8c26-fe54eeefb0e6,862.23,3,Photography,tinkoff_pay,8.0,11,10,0
7777c002-ebaf-4589-8645-312c630c39e8,35.56,1,Sports,sbp,19.0,4,10,0
7778f021-248f-497c-8285-c2e77f307f3e,54.7,1,Clothing,sber_pay,86.0,2,10,0
777eecb9-0d73-4bf2-a212-57f6f2bfb3a2,151.14,1,Clothing,sbp,33.0,11,10,0
7784cdc6-e723-4bf7-8f82-07d8671e3039,270.62,1,Tablets,bank_card,139.0,4,10,2
77861582-fe24-415d-8394-3a0118acfa04,141.96,1,Travel,bank_card,78.0,7,10,3
77b09b60-3582-40d2-94bc-6d4dc9f264bd,452.51,4,Travel,bank_card,54.0,3,10,2
77b9c3d8-b756-4efc-8b07-1bc8f4bf9323,442.49,1,Garden,sbp,108.0,6,10,1
77bee490-4ea5-408a-8954-261d8ccfc170,56.2,1,Outdoor,sber_pay,11.0,1,7,0
77d62eca-3c0e-4a6c-9c5d-ab378f5effd4,56.63,1,Pet Supplies,bank_card,27.0,3,10,0
77dd8bc0-2312-4dbc-bdbe-4a915e8dc3ba,122.43,1,Gaming,bank_card,8.0,11,10,0
77e0876e-a56d-49b2-a535-8c973c7481ba,28.98,1,Toys,sber_pay,18.0,3,10,0
77f2f39c-e60a-4118-852b-d843d2993f08,465.88,2,Shoes,sber_pay,4.0,15,10,1
77fd6f3f-d400-4d03-94c4-97055b307d82,882.9,1,Electronics,bank_card,93.0,7,11,1
7800a92d-a1c2-4330-bc81-5b3404529d8e,316.48,1,Furniture,mir_pay,100.0,2,10,1
7808f396-943b-4eba-adae-03e85364fbfd,485.09,1,Home,bank_transfer,7.0,2,9,0
781a6c39-e39d-4dfb-990b-ac156ba1363c,185.26,1,Tablets,bank_card,162.0,7,10,2
7826f68c-a88e-4ee0-b24b-7579389bf2c6,730.2,2,Tablets,bank_card,297.0,3,10,1
782803cf-5f2a-455a-b0ec-cd9b29abf137,51.13,1,Kitchen,mir_pay,6.0,20,11,0
784128e6-86ca-4679-90b5-f58b1534220e,205.8,1,Accessories,bank_card,146.0,2,10,2
784128ec-b282-41d1-a992-1ce43b3c7c02,1523.71,1,Automotive,yandex_pay,136.0,2,10,1
7859af03-430c-4739-8b92-f7859fd3381d,281.01,1,Other,sbp,100.0,1,9,3
78632483-7e2e-4bf9-885f-6d950dd8c8c5,348.7,1,Pet Supplies,bank_card,0.0,1,9,0
78678bcd-cd0c-433b-a8fb-7d614217d529,335.83,1,Music,mir_pay,7.0,28,11,0
7869d70f-88df-45b4-b34b-fa8db9f27bd0,756.01,1,Garden,sber_pay,189.0,5,10,0
786f3291-ea6d-423c-85c1-b6062b91fbcd,131.06,1,Health,bank_card,15.0,10,10,1
787b41fb-1c0a-44df-9272-0e5c3814b9b9,58.43,1,Books,sbp,168.0,2,10,3
787edb65-d97d-47bb-9eea-211cdbac5073,53.4,3,Garden,sbp,211.0,4,10,2
789307da-9514-499c-bb58-cd10f5697f84,102.53,1,Toys,bank_card,4.0,2,10,0
7898a265-b774-445d-84f7-7c37c3b86609,48.93,1,Furniture,yandex_pay,11.0,1,7,1
789c697b-7794-436d-a595-4ae1abb92e51,686.75,1,Kitchen,bank_card,1.0,9,10,0
78acfc36-3134-46c6-bacb-10d52b042b2f,455.14,2,Pet Supplies,sbp,251.0,3,10,2
78af0934-256c-4be7-89aa-150c9bd6d857,214.15,1,Sports,bank_card,75.0,7,10,2
78c50d11-df51-40b3-a702-f374553ebbf1,68.86,2,Shoes,bank_card,129.0,4,10,1
78da6be7-76e0-4823-bd96-1c4c23eba173,235.78,1,Smartphones,bank_card,136.0,4,10,2
78de23c5-fe68-4278-8af4-469ecb7be5c8,400.42,1,Photography,yandex_pay,60.0,2,10,1
78e80cf1-6e73-46d6-98ec-9e56e9d68ee1,295.2,2,Clothing,bank_card,5.0,6,10,0
78fa76a7-35b7-4f07-9c5a-09263a38bac4,31.37,1,Sports,mir_pay,13.0,16,10,0
790a0808-02ab-49b1-9993-4547346da0b2,118.12,1,Travel,bank_card,202.0,3,10,1
79130de9-8144-4db4-a7fd-4494fb4898cc,740.92,2,Sports,bank_card,0.0,1,9,0
7916902d-414c-4ece-954c-af1232ba9be0,1138.56,1,Headphones,bank_card,277.0,2,10,1
791aff1d-ae88-439b-bc7b-5386e1966ac7,506.24,2,Software,sbp,93.0,7,10,0
7923c8ed-c945-40bb-aefa-a271616a8315,133.84,1,Electronics,bank_card,76.0,1,9,0
79243ecb-0a95-4041-8b68-68ffa33d3e3b,219.49,1,Laptops,mir_pay,38.0,5,10,0
792fea54-97f1-4273-95e3-80f8cd6111ea,131.08,4,Kitchen,bank_card,18.0,17,10,0
7944b7d4-09d6-41cb-9557-6ca096fa13a8,567.85,1,Accessories,bank_card,3.0,2,10,0
7949d164-8556-42e7-abb4-78d84e1f4f75,97.96,1,Books,mir_pay,53.0,2,10,0
795a74d8-dedc-457f-b16b-0d890db3c6fc,49.95,1,Music,bank_card,19.0,8,10,0
796e8963-3adb-444e-9ab6-105555a5eab3,49.09,1,Automotive,bank_card,28.0,2,10,2
797523a9-8a1e-4b2f-8135-3fb37790e24b,431.9,1,Garden,sbp,109.0,4,10,2
7979118b-984c-4af8-8ec9-81cf048c8fc8,98.1,2,Pet Supplies,bank_card,319.0,1,9,0
7981e789-78c0-4291-b66a-0a2de6f284b0,45.74,1,Clothing,sbp,102.0,1,8,2
7991dc93-77fe-48cf-954c-e46b70198697,184.96,1,Music,sber_pay,197.0,3,10,5
79984ccf-bcc4-4139-82be-3fc41f96746f,156.78,1,Kitchen,bank_card,100.0,5,10,1
7999c719-cc4c-4a74-bcdd-b9d3b5a6145b,424.04,2,Furniture,bank_card,131.0,1,9,3
79a0e471-353a-4ae6-872f-f581912d6d10,63.06,1,Headphones,sber_pay,148.0,8,10,3
79bc14b5-e213-4d28-90c5-df4929a719a4,1937.84,4,Office,bank_card,167.0,7,10,4
79c23ec2-eb13-49ad-a249-0927908502ed,121.66,2,Beverages,bank_card,87.0,4,10,1
79e506d2-4acc-49e6-9b40-a5f229abbb2d,156.7,1,Health,sbp,40.0,10,10,1
7a02306b-d366-4957-9871-483ce1c96e37,382.92,3,Photography,bank_card,10.0,7,11,0
7a09c9a6-d999-4857-8d6d-91159480ebfa,438.21,1,Home,bank_card,245.0,5,10,1
7a09fe2c-c321-4deb-b745-a66a8f436746,281.9,1,Laptops,bank_card,125.0,1,8,0
7a171d55-82fc-40ce-ba03-8aa735c11e41,308.24,1,Home,sbp,250.0,6,10,7
7a1e8bb7-1d0e-4f73-8583-c12fb2fec69a,300.33,1,Pet Supplies,sbp,210.0,1,8,6
7a4949ff-fdbf-4e2a-bc87-b98c6e7b53f7,77.8,2,Electronics,mir_pay,18.0,2,9,0
7a4eb833-b853-48bb-a353-2e0ff1f86334,87.29,1,Software,bank_card,32.0,3,10,0
7a4f1584-d094-4aa4-8c38-93cdb02f805a,428.7,1,Jewelry,cash_on_delivery,293.0,2,10,4
7a65c49c-2b11-4254-9b20-8791118da477,449.01,1,Headphones,bank_card,180.0,8,10,4
7a695485-513d-4b57-b0f5-65a07146175d,220.64,2,Electronics,sbp,319.0,1,7,0
7a76bf82-b1e4-472f-b64a-e607a3d2584c,280.2,3,Toys,mir_pay,4.0,1,9,0
7a91cee2-128b-4c72-a007-0165dc8c1303,31.91,1,Beverages,bank_card,2.0,22,11,0
7a9ce382-2354-4cc0-858c-f024c74faff8,167.96,1,Sports,bank_card,41.0,3,10,1
7aa4bc1f-44b3-457e-bf57-915fcedd9ee3,129.62,3,Health,bank_card,120.0,6,11,1
7ad1a40a-b2f7-432f-8392-20e6dbac5957,336.09,1,Pet Supplies,bank_card,195.0,3,9,2
7ad5d31f-f0d7-44cd-994a-b1dc7d8fac3f,308.26,3,Photography,bank_card,136.0,2,10,3
7ad6c9fa-1d0c-450e-92d5-2a31887f8a31,326.27,1,Office,bank_card,17.0,3,10,1
7ae27854-9b1b-40c9-94a6-abfdf05d533d,100.51,1,Beverages,sber_pay,203.0,4,10,0
7ae3d8c2-7b65-4f28-b1b3-f6deaed0473f,288.52,1,Software,bank_card,5.0,12,10,0
7aec1c9e-4811-4f1c-8404-a2f2baa2639c,340.62,1,Jewelry,bank_card,171.0,1,8,3
7af5001c-085d-48d0-b054-50bbbc10058c,75.83,1,Garden,sbp,104.0,4,10,2
7af71996-23b8-4c9a-bd4f-fdb4ebe9756d,382.13,1,Beverages,bank_card,64.0,6,11,1
7af8888c-6c10-4488-8ec6-ce9f2e16ffbd,109.99,1,Music,bank_card,215.0,5,10,0
7b06c54b-2710-49ba-a5e6-05b03508e806,173.23,2,Other,bank_card,227.0,5,10,2
7b0e076d-9ac8-44d4-b52f-4249b9503f1f,9.85,1,Tablets,sber_pay,114.0,4,10,1
7b138180-8c39-44f6-9701-ef65d5ffb122,1016.77,1,Furniture,bank_card,6.0,3,10,0
7b2e001c-d8a5-46c1-b043-3f3b40645875,388.44,4,Health,mir_pay,43.0,4,10,1
7b307b0e-d085-41b7-a34c-52af332b665a,18.3,1,Beverages,sbp,85.0,5,10,0
7b358308-d8f2-4117-836b-cef4f14bf9c1,153.21,1,Laptops,bank_card,3.0,3,10,0
7b3b2847-38aa-404f-bce4-0b8a6ee1ea7d,209.3,2,Pet Supplies,sbp,61.0,1,8,0
7b3df8dd-3a88-4d48-8add-fb6e458487e8,101.74,1,Sports,mir_pay,81.0,7,10,0
7b42bac9-a5de-492f-8093-f3c8f4d9a26a,159.4,1,Headphones,yandex_pay,21.0,14,10,1
7b55c691-c1bd-4f79-a981-86d4eb65a633,307.16,1,Health,bank_transfer,18.0,4,10,1
7b63a6a8-95d2-4358-a45d-4ad2360be388,223.06,2,Jewelry,sbp,0.0,1,8,0
7b64abce-885c-4508-bbc3-a4539964eb5a,329.83,1,Clothing,sbp,90.0,10,11,1
7b67116b-f8de-405a-9a04-a7f8f4c5432e,780.52,1,Software,sber_pay,3.0,11,10,0
7b736c7b-674c-414b-ad95-d0809cfa71c0,507.88,2,Tablets,bank_card,142.0,3,10,1
7b7cce2f-3acc-4474-a925-4313ba660fd6,326.23,1,Music,mir_pay,124.0,7,10,2
7b81e67a-9013-4aed-813c-b8ebbc79170f,414.92,1,Kitchen,sbp,29.0,5,10,0
7b82275f-de77-499c-88ac-2050298e2060,157.33,1,Electronics,mir_pay,42.0,14,11,1
7b8620ee-3cb2-4aaa-96be-8dff18bc97d0,79.1,1,Kitchen,sbp,151.0,2,10,1
7b996b1b-3a1b-4d27-917f-8110853f9907,26.5,1,Shoes,bank_card,110.0,4,10,1
7b9d3950-0e08-4289-9ccc-71685fc52abf,98.5,2,Smartphones,bank_card,34.0,5,10,1
7b9d7ed8-1b39-447c-830e-46b4f4add280,16.3,1,Toys,bank_card,42.0,11,11,0
7ba18b7d-b822-45ac-93bc-db0eb9289568,277.22,3,Jewelry,bank_card,38.0,11,10,1
7ba34747-5a3f-4365-a4bc-fedf6a318965,162.67,2,Jewelry,bank_card,232.0,4,10,5
7baf8718-bd8a-4a6e-a477-bbd85e41ee78,201.35,1,Office,yandex_pay,25.0,1,7,0
7bbe33ab-03e1-42f3-a352-bd7d646a658b,61.58,2,Accessories,bank_card,48.0,17,10,1
7bc75314-2b9a-4ef3-b433-ca1ab48f7eb1,299.9,1,Gaming,bank_card,3.0,1,9,0
7bc95bc4-2dd0-4fd2-94e5-4acb785e2081,744.76,4,Laptops,bank_card,21.0,12,11,0
7bca76a4-593b-4fb2-8bdc-a70e7af83d39,616.34,3,Travel,sbp,226.0,4,10,4
7bd92926-2be8-4510-92d5-26159459723f,121.83,3,Toys,bank_card,224.0,3,10,4
7bed2b61-d689-4d23-8265-4472f9691441,460.17,1,Books,bank_card,166.0,2,10,4
7bf45cfa-dd68-4907-93d6-7a024fba9f59,82.69,1,Health,tinkoff_pay,23.0,19,10,0
7bf5721e-7a9f-4231-a825-994941af6233,95.8,1,Toys,sbp,50.0,2,10,2
7c2b68a7-172a-4d55-b26a-b513fb5b696f,50.06,1,Beauty,bank_card,19.0,11,10,0
7c421f1a-9b1d-4f95-a154-36b6dac377a9,38.62,1,Automotive,mir_pay,3.0,4,10,0
7c488249-e816-4fc5-a1ed-878d7f5e93dc,715.86,2,Accessories,bank_transfer,2.0,15,10,0
7c5375db-2810-4ab4-b458-35ad35e987d5,478.47,1,Tablets,bank_card,142.0,2,10,2
7c69454c-7388-488a-bb83-96bb0654fddc,283.41,2,Jewelry,mir_pay,1.0,1,9,0
7c6f482c-258b-4b5b-a33d-40fc185c192e,66.55,1,Sports,sbp,48.0,2,8,1
7c71ca2d-315e-46f9-9892-0f7caf5c5736,59.41,1,Music,sbp,168.0,2,9,4
7c7b4923-bf05-4137-b230-8d36808dd94f,174.73,1,Tablets,mir_pay,87.0,3,10,2
7c7bb06f-97cf-4d29-a5f9-7685194636d2,166.12,2,Furniture,bank_card,51.0,6,10,2
7c7d960d-90cb-494c-bd29-8941e1b7bb4b,276.86,1,Pet Supplies,yandex_pay,3.0,13,10,0
7c868d64-4be9-4c57-b2f1-1ce449df714d,107.9,1,Laptops,cash_on_delivery,148.0,4,10,3
7c8a4fa5-c58e-445a-9b89-acc047d93851,63.14,2,Home,sber_pay,272.0,3,10,1
7c94c3e6-74cb-413d-ba09-6bf9565e8534,336.53,2,Automotive,bank_card,9.0,1,9,0
7c94d498-44f7-4958-bf80-84b356972f93,194.5,1,Office,sber_pay,57.0,4,9,1
7ca7d467-cf10-4f63-9aaf-6bf778ff2bb4,114.3,2,Laptops,sbp,3.0,22,10,0
7cb05d68-2e19-4487-9f40-702aaf6ac22f,180.4,2,Toys,sber_pay,56.0,3,10,1
7cb97343-f3ad-406c-ab9c-f595064a5db1,559.84,2,Headphones,bank_card,124.0,1,7,0
7cce3d6d-b765-40fc-b035-2ba2e967a997,510.09,1,Other,yandex_pay,8.0,15,10,0
7cdca91d-0ea0-4777-a947-2714f0568b63,182.39,1,Pet Supplies,bank_card,233.0,4,10,4
7ce1200a-f65e-4bde-9ebb-ae6125059196,97.04,1,Headphones,sbp,21.0,9,10,1
7ce390da-f7dd-47cc-a4be-46bcfc5ed021,93.39,1,Shoes,bank_transfer,37.0,10,10,2
7ce8c865-8623-4aab-9c65-b3c31a1ace0b,221.67,1,Clothing,mir_pay,0.0,1,9,0
7cee93b5-4fc5-44f3-9ab5-33da611427c4,196.27,2,Books,bank_transfer,91.0,5,11,0
7cf02928-8306-49c0-8280-30092db87d8f,267.9,1,Shoes,bank_card,6.0,3,10,0
7cf60004-f6fe-4832-a9cc-c2a1ef045b4b,198.18,1,Headphones,bank_card,214.0,2,10,2
7cf77743-631b-4c77-8ab7-37939bbeece0,216.22,1,Other,sbp,17.0,13,10,1
7cf95f3a-d05e-4398-9058-9075dbf82a61,194.38,2,Music,bank_card,43.0,11,10,1
7cff05fd-c351-4441-899e-9a644504cfb2,37.49,1,Garden,sber_pay,283.0,5,10,3
7d03eaeb-aaee-4073-883c-4451b397e5af,1105.66,1,Outdoor,bank_card,0.0,2,10,0
7d0fc52e-c880-438e-bb9e-f473213ca3c0,108.02,1,Toys,sbp,61.0,3,10,0
7d16039a-e9f8-4645-9dcb-cad04436857c,24.97,1,Garden,bank_card,1.0,9,10,0
7d17617f-f817-4847-b05e-65fea33d346e,55.25,1,Headphones,bank_card,79.0,9,10,2
7d1c1d60-fa31-4ebb-8e70-1bc53fc1697a,125.17,3,Office,bank_card,233.0,3,10,5
7d1d4871-ac60-4208-b637-27e0ec02d2af,126.82,1,Travel,sbp,80.0,3,10,1
7d2aff02-b84a-491f-a883-67a9b9a75243,53.47,1,Music,sber_pay,19.0,7,10,0
7d306770-21a5-415e-931f-30ed4732fa8a,101.4,2,Furniture,sber_pay,75.0,6,10,0
7d31cab4-d2fc-458d-9e84-e7f8b23efd6d,99.43,1,Software,cash_on_delivery,48.0,11,10,2
7d32a0d5-8168-425e-811b-7ceeb49e1903,47.23,1,Garden,bank_card,12.0,14,11,0
7d445f03-92e5-4671-ba1f-fae7dfca2d00,458.07,2,Jewelry,bank_card,324.0,5,10,7
7d4677ae-ee44-4d6d-b18f-a343b46dc99e,236.56,2,Other,bank_card,47.0,6,10,0
7d4889fb-a699-438f-b95b-686d5dfb06e2,65.76,1,Home,bank_card,90.0,5,10,3
7d7d2809-3a00-4601-b304-aead284dc1fb,436.04,2,Jewelry,bank_card,0.0,5,10,0
7d835338-a3d2-4139-9f1e-8a56fe430188,340.03,1,Accessories,sbp,56.0,4,10,1
7d86cbec-6e5c-4d22-877f-64eb5abae3b3,207.32,1,Tablets,cash_on_delivery,30.0,3,10,0
7d89d31a-11c3-4bfc-8bf0-202ad4f7735b,47.65,2,Office,bank_card,3.0,3,10,0
7d923db9-ef22-40a0-9a68-968c7da99568,642.18,1,Clothing,bank_card,50.0,2,10,0
7d93dc80-ea7d-4a25-b763-358e997eb35c,74.96,1,Electronics,sbp,82.0,7,11,1
7d964592-f77a-4c3a-9691-931d3f5cb988,360.42,2,Beauty,bank_card,1.0,20,11,0
7d9a8865-bf72-4cc0-ac24-e611f046bf6e,212.42,1,Furniture,bank_card,2.0,4,10,0
7da818b2-22d3-4d79-9012-9b169b23219e,617.19,1,Travel,sber_pay,203.0,4,10,3
7db25bf3-c637-4cd4-8d5f-c937bae23f96,26.9,1,Beauty,sber_pay,77.0,8,10,0
7dc17355-6ef5-40ca-be78-09a71ded4223,3178.07,1,Other,sbp,94.0,6,10,1
7dc306e2-4d00-4089-8c64-ff21b478fc0b,467.25,2,Laptops,bank_card,6.0,4,10,0
7dcdd39c-4248-4efc-97a9-daa97250117b,488.64,2,Accessories,sbp,31.0,2,10,0
7dd4fdde-4e08-4b80-8f2e-44b05f7e113d,203.98,2,Home,yandex_pay,34.0,12,10,0
7dee827e-1dd3-46ed-b3fa-f37a1816eca1,163.58,1,Photography,yandex_pay,103.0,3,9,1
7dfaaaf6-6258-4b5f-837b-9bb1347e260c,1765.58,2,Gaming,mir_pay,13.0,5,10,0
7e0fc611-3a81-4266-8aae-2d70d0d08774,357.93,1,Accessories,bank_card,288.0,8,10,1
7e1777cf-6533-46c2-8311-3bdf8820894f,70.08,1,Furniture,bank_card,21.0,7,10,0
7e1f722c-3b31-4b12-ac31-ae269fd6c4bf,104.0,1,Books,mir_pay,110.0,2,9,2
7e226132-acab-4011-95e7-a864bc4929a4,1307.55,1,Kitchen,sbp,103.0,2,9,1
7e28c3e6-c968-4c07-b9b9-09dcb8c9f20a,6.16,1,Toys,sbp,129.0,6,11,4
7e29cda4-0f82-48b0-a572-4b2c1813fe7c,59.12,1,Books,sber_pay,283.0,3,10,5
7e3c87f8-0ba8-44b4-9e60-1d4a4c969c3c,287.4,3,Toys,bank_card,15.0,7,10,1
7e46a975-6a14-4fd2-a8ea-faf92dded3c9,276.26,2,Beauty,bank_transfer,115.0,2,10,1
7e507009-b848-4f19-881e-71477451ec78,949.44,3,Furniture,bank_card,161.0,5,10,1
7e54f8cf-9836-4cb9-a9be-cb06f5249a21,878.64,2,Electronics,sber_pay,111.0,5,10,2
7e561d48-2078-4c53-bb0e-f1f9cba42243,13.13,1,Toys,bank_card,301.0,5,10,2
7e58d2f6-4ec8-46c2-9658-e9a6ec568a95,451.11,3,Headphones,bank_card,203.0,6,10,1
7e5cdb7f-78e5-4187-858e-c74b2ec45482,395.39,1,Electronics,bank_card,18.0,8,10,0
7e670bf0-33ff-4732-a300-0fc2d7295dc9,143.36,1,Gaming,mir_pay,71.0,11,10,1
7e77a1e0-1f5e-40ae-890f-755027eb3b0d,1269.09,2,Kitchen,bank_card,54.0,6,10,3
7e8442a4-cc11-4dce-b56b-d40e8df56f53,58.76,1,Music,bank_card,67.0,2,8,0
7e882a2e-9c82-4eb9-a1b6-d5db6985c3bf,41.94,1,Home,bank_card,37.0,12,10,0
7e886bf0-e64a-404c-8eb5-5726c90b0520,27.24,1,Clothing,sbp,76.0,9,10,2
7e902677-c4f4-4bdc-890a-5c70ae74f1d6,64.77,3,Software,sbp,71.0,10,11,0
7e9c9c54-e476-4608-b64a-455d06d1dd8b,5.4,1,Office,cash_on_delivery,75.0,2,11,1
7ea09a15-cab8-4cdd-9883-9af1f88549c8,129.37,1,Shoes,bank_card,45.0,6,10,1
7ea36332-0104-49f8-8351-6b166a5838f6,240.48,1,Electronics,cash_on_delivery,12.0,5,10,0
7eabab66-31cf-43b8-a4a9-955f569f811b,88.73,1,Toys,tinkoff_pay,66.0,1,8,1
7eb1db98-1389-4e00-99a9-824865cdc631,348.92,1,Books,sbp,58.0,4,10,0
7eb43582-9d5d-4b30-a8ff-dbae5200b209,77.39,1,Home,bank_card,82.0,1,8,0
7eb4fc7b-0ef2-4e25-b997-bebf05c6cd24,163.44,3,Office,sbp,143.0,8,10,2
7ed25111-9d2e-474a-9c70-10ccc0c45b86,82.01,1,Shoes,bank_card,25.0,4,10,1
7ed59f75-9a56-47a9-b090-ae9b731c13ee,161.18,1,Home,sber_pay,2.0,1,7,0
7eebce8e-b0c9-4200-a88f-1568d29f9d15,151.06,1,Clothing,bank_card,6.0,7,10,0
7eed64b1-4ac3-4392-a1ab-a94dca0ed85d,179.5,1,Automotive,tinkoff_pay,104.0,15,11,2
7ef57ec9-0684-4995-bcdf-c8e61e279c06,58.9,2,Outdoor,mir_pay,153.0,3,10,2
7efabf8e-8021-45c0-b479-ca2007e248a0,410.12,1,Jewelry,yandex_pay,58.0,17,10,0
7efb300f-522a-4387-b91b-54cf5f9d819d,341.68,1,Travel,sber_pay,281.0,8,10,3
7efcfb53-071f-4a6c-a14a-cd7ee83d3423,777.75,1,Jewelry,bank_card,7.0,5,11,0
7f0cec19-1edb-4955-aa65-8d0c0c3c52a5,65.39,1,Toys,mir_pay,36.0,1,8,0
7f0eb4c7-d2ca-4545-802a-0a2001fb1ef9,5.26,1,Pet Supplies,sbp,7.0,1,7,0
7f11ab93-1753-4b63-a84a-77543f291e4d,7.59,1,Music,bank_card,41.0,6,11,2
7f12322d-7617-4510-a4f2-108f34291555,1989.15,3,Home,yandex_pay,143.0,1,7,1
7f16067c-d00e-4743-a945-e909f976a8b7,643.91,1,Outdoor,bank_card,72.0,1,6,1
7f1d0607-9a29-47d5-abd3-d1344c7a089a,197.01,2,Accessories,sbp,285.0,3,11,3
7f2347f2-9015-4501-b014-f026b718b4c5,199.0,2,Clothing,bank_card,132.0,3,10,1
7f2e9bf9-30d2-4ea5-8737-5d40ba1928b0,52.86,1,Automotive,mir_pay,235.0,2,10,1
7f38341c-3651-4b54-8a0e-1d5b99489f76,165.61,1,Electronics,bank_card,9.0,14,10,0
7f3925eb-bb7a-45c1-909f-8a70206443d0,3134.52,2,Office,tinkoff_pay,133.0,1,8,1
7f3982db-3b27-4774-a5c0-63b764eb7c20,500.56,1,Other,bank_card,79.0,4,10,1
7f42b3a2-651e-425d-ba95-af64c89eb1c6,36.44,1,Automotive,bank_card,89.0,5,10,1
7f43d44a-95e2-42aa-985b-d41aa52cccfd,900.84,2,Jewelry,mir_pay,178.0,3,11,1
7f4a9aa4-3f05-4211-8dfe-7870dc958b3b,453.86,1,Automotive,mir_pay,101.0,8,10,1
7f4dd39d-1edf-4029-8e1d-86f7e2690ee3,18.44,1,Other,sbp,70.0,4,10,1
7f4e68b3-bbb6-48c5-9421-d0d3030851a4,1480.57,1,Laptops,bank_card,234.0,1,8,2
7f52b9f8-a30e-4037-9984-60c06cf1a78c,139.86,2,Health,sbp,72.0,4,10,1
7f598174-2ad1-4ec9-b9c3-20ebdb5b74c4,151.18,1,Photography,yandex_pay,140.0,3,10,2
7f609f8e-420d-4cbb-8628-6facdb91dfb7,156.78,1,Kitchen,sber_pay,12.0,3,10,0
7f7aab64-4454-4ae9-8ba4-c1382848f838,300.6,3,Shoes,sbp,86.0,4,10,0
7f8132a7-e11b-4a2f-83c8-463aed12ba61,35.92,1,Electronics,mir_pay,195.0,6,10,4
7f8492b3-3eb9-4987-8596-89ffab416ae1,327.62,3,Beauty,sbp,260.0,2,10,3
7faa7170-5d12-4f22-afc9-67fd610a341c,25.53,1,Beverages,bank_card,172.0,5,10,0
7fb477b6-5b81-41d3-8e16-6666b35d9b5d,86.68,2,Toys,bank_card,144.0,2,10,2
7fd22918-0bac-429d-8294-686c88c2299e,274.05,1,Smartphones,yandex_pay,0.0,10,10,0
7fd5f220-1bd6-401c-ad6f-e9ee720d270a,89.62,1,Electronics,yandex_pay,3.0,9,10,0
7fd75f6f-193a-4da9-8670-50ef99f19703,23.63,1,Travel,bank_card,23.0,8,10,0
7fd84d08-a26a-4500-9306-6f918260f9d0,1006.83,3,Shoes,sbp,26.0,18,10,0
7fe11999-c2a4-42c2-944a-6e1284319737,50.8,1,Software,sbp,12.0,14,10,0
7ff162af-90b8-412d-9556-56f58f937c8b,74.08,2,Travel,bank_card,6.0,18,10,0
7ff5d000-bb26-4a9c-a0d3-90599951908b,74.08,2,Outdoor,bank_card,266.0,2,9,1
7ff763d0-2fa0-4eb1-9b05-f903e86a6835,20.32,1,Automotive,bank_card,229.0,3,10,3
7ffabb82-5305-47b0-a49a-572137e70f4e,66.31,1,Toys,bank_card,108.0,1,8,0
8004473a-9439-42e9-b2b1-711b7b4b071d,12.84,1,Furniture,bank_card,286.0,3,10,2
800a5bc9-c7ce-4016-aa73-b70ebe9c6bc4,251.2,1,Shoes,sber_pay,32.0,8,10,1
800bd588-006f-4f3e-83e3-dfd5a777db3d,64.36,2,Other,sber_pay,21.0,4,10,0
801a06ac-254f-4177-abf3-877e93c8b58c,528.45,3,Health,bank_card,107.0,7,10,3
801b61b2-854a-4f0e-acf3-1411c7454897,37.49,1,Garden,tinkoff_pay,26.0,3,10,0
801c16f4-b431-4eec-aa51-7512f1ce66a4,1360.14,1,Home,bank_card,39.0,3,10,1
801fbe13-821a-41fc-84be-09efec752639,318.25,2,Laptops,sbp,86.0,4,10,1
80215532-c0ee-43d2-8b5e-c6498e403496,202.08,1,Outdoor,bank_card,8.0,5,9,0
80221f1b-009e-4e19-8d73-fd7f18a252b9,128.7,1,Shoes,tinkoff_pay,27.0,18,10,0
8023b687-2369-4701-bda2-ddcc9434e0e7,809.73,3,Pet Supplies,bank_card,1.0,2,9,0
8030070c-da93-4241-bfd9-4353404d26f1,10.38,1,Photography,sbp,69.0,6,10,0
80309e73-f305-41eb-b82a-ed2ccf406fad,55.52,1,Other,sber_pay,95.0,2,9,0
8031214f-4b42-49ef-be45-3c339d78919a,162.87,1,Photography,sbp,37.0,6,10,0
803c400a-3b39-4d14-b298-b6fb77fec5bf,351.47,1,Smartphones,bank_card,283.0,4,10,2
8045792a-6ca5-4137-b98f-12dfa4dc2ed1,1213.72,4,Jewelry,bank_card,50.0,9,10,1
8046fae4-61ce-4f73-ad9b-962322c032f7,84.26,1,Toys,bank_card,8.0,2,9,0
80504a0a-b27e-4eb2-b04f-7e4dc63402b6,322.83,1,Gaming,sbp,88.0,6,10,3
80514c09-c09a-4046-b85d-21fb2268e447,35.03,1,Shoes,bank_transfer,24.0,1,7,0
8055f11b-6566-4d9d-8fdc-bc1c113e0955,175.32,1,Headphones,bank_card,30.0,5,10,0
8063dfb7-d3c2-4304-a80a-e5875319bb51,1280.32,4,Furniture,bank_card,46.0,1,7,0
8067208a-5df2-47ee-bf21-4603a32472fc,94.24,1,Gaming,sber_pay,58.0,2,9,1
8079d5c4-0c03-430c-9d75-62f9ed39f7ad,226.32,2,Electronics,bank_card,76.0,2,10,2
80abd8dc-730f-43cf-9b32-36344c36ad2b,56.92,1,Music,bank_card,1.0,4,10,0
80af00e0-d279-4d02-a135-5b4c0d0462ca,24.52,1,Beverages,bank_card,81.0,3,10,0
80b07cf5-aeee-4d6e-8e6e-82d0d4bddd97,1475.0,2,Headphones,mir_pay,139.0,4,10,0
80b2bb91-1b5c-48f5-b60b-78699b92ab0d,35.6,2,Software,sbp,180.0,3,10,2
80cfe4aa-3b09-4651-a1a7-d76b5087c53b,19.57,1,Food,sbp,1.0,1,8,0
80e63dc4-a1df-470f-9e5b-cefc4ca8f289,105.69,1,Health,bank_card,92.0,9,10,1
80ebc9c6-95fb-4e68-8d5e-b1cb751227cd,328.5,3,Automotive,bank_card,272.0,2,10,1
80eebb7c-2013-4b21-b545-4cf566a0d66f,460.17,1,Books,bank_card,119.0,2,10,1
80f565dd-840a-4b24-aa6d-6cfc8e56639f,104.02,1,Beauty,yandex_pay,101.0,4,10,1
80f58a7e-873b-4982-af74-0edaf3750fe0,44.59,1,Software,bank_card,54.0,4,10,0
80fbad76-eab1-4728-9c43-01fd8b83426c,118.89,1,Smartphones,cash_on_delivery,182.0,5,11,3
810cd52c-a77f-4699-84bd-266f909c9f64,164.92,1,Beauty,sber_pay,184.0,3,10,3
8112da4e-ceb7-4860-819a-e2aa2259e350,19.54,1,Garden,mir_pay,196.0,2,10,4
811bca16-b7e6-421a-b42c-8313e4d87e2c,66.86,1,Beverages,sbp,9.0,7,10,0
811ea315-5382-46b3-a8de-62d336863e84,63.87,1,Beauty,bank_card,79.0,2,8,0
812fb1ec-6749-4693-99c0-9673e25fc052,373.9,2,Accessories,bank_card,29.0,5,10,0
81316921-ea47-40e7-8462-aa0e2a51b18a,3030.94,2,Home,sbp,185.0,2,10,5
814cfe3c-9ca1-4be9-bb5e-361e5280b1ab,31.53,1,Shoes,bank_card,103.0,5,10,1
8150db52-c3d1-4d70-8277-ada0414074b8,207.38,2,Accessories,sbp,120.0,8,10,0
8162a6a5-4c05-49ef-87a6-301a1336dd3a,79.96,1,Shoes,sber_pay,18.0,8,10,0
817897d1-b11e-40cf-9f36-a57b18432f3a,12.26,2,Sports,bank_card,157.0,2,10,5
8184545c-7329-49c0-8656-77a71667a9e7,82.16,1,Laptops,bank_card,79.0,7,11,1
8188af9a-6658-4890-bff4-30dfc86cff5d,74.73,1,Beverages,bank_card,84.0,2,9,0
81ac13ff-6ef3-4f4a-9700-0812f1ac0ceb,85.65,1,Laptops,sbp,37.0,2,10,0
81afd828-7390-4d1e-afbb-d8a25d52c00e,78.24,1,Music,sber_pay,25.0,17,11,1
81b8cf1c-52e8-45d2-bea0-c1d83194b9b2,2752.74,2,Kitchen,yandex_pay,98.0,3,10,1
81baec79-b4b7-4e8d-8246-bb921f7ea8a1,77.12,1,Home,sbp,8.0,6,11,0
81cd55c9-feca-4ccd-9e47-60435160709b,34.06,1,Books,sbp,38.0,7,10,0
81d361b8-f17c-4961-b114-b4dcbd2f545e,382.0,1,Garden,bank_transfer,7.0,14,10,0
81d99e67-5fe4-43d2-a11b-5577d423314f,219.91,1,Automotive,sbp,141.0,3,10,4
81da659b-4575-4b5e-a713-18e40a66afb2,1480.57,1,Laptops,sbp,3.0,16,10,0
81dba95d-4698-4d9e-a6e7-030283c24eb4,341.68,2,Home,sber_pay,33.0,5,10,0
81e793f8-0678-408b-a5f1-c4f1d3510b8e,906.26,2,Kitchen,tinkoff_pay,31.0,21,11,0
81f70db8-ef39-4dfe-9197-5982fdd7b108,12.75,1,Beauty,bank_card,68.0,8,10,0
81f76cbd-0b4f-4e05-abc6-e04212175429,230.58,1,Kitchen,bank_card,156.0,3,10,0
82032a46-d05b-47ec-8ecf-a3b250f86a0b,398.67,3,Accessories,bank_card,16.0,1,9,0
8206b4a9-5060-40c8-bbc0-85ceb93ae4b1,257.67,3,Garden,sbp,234.0,1,8,2
82193d4b-8459-4f94-aff4-a3c835c3c8ef,318.25,2,Laptops,bank_card,149.0,5,10,3
822b800a-2d61-4cfd-82a6-39afab38f33f,343.92,1,Beverages,yandex_pay,74.0,14,10,0
8234ca78-39f4-4070-9c72-0ad20b6eaa2e,48.93,1,Beauty,sbp,121.0,4,10,1
823fc0c7-1fc7-410a-bcc0-a7555c3fead2,903.69,3,Beauty,bank_card,33.0,3,11,0
82419b0f-1ffa-4879-9a37-fdce11c0101e,964.15,2,Outdoor,sbp,4.0,1,9,0
824649bc-3c6f-4058-a071-214feb0e9749,183.94,1,Pet Supplies,sber_pay,110.0,4,10,0
825e6936-61d2-404d-b7fa-50eed074d2c6,32.09,1,Laptops,bank_card,38.0,4,10,1
826d1798-f169-4a94-b1dc-cd712f3bdca4,116.58,1,Beverages,sbp,226.0,4,10,6
82713896-205a-4562-a98a-6ce4c85de217,98.82,1,Beauty,sbp,21.0,2,8,0
82876976-3192-4dd9-867c-12501dfc6861,112.27,1,Music,sber_pay,131.0,2,10,0
828812c2-a123-4421-91a9-3827e65009f8,59.4,1,Outdoor,sber_pay,67.0,5,10,0
82925279-2148-4454-b64e-761b659a63e3,291.8,1,Health,sbp,19.0,2,10,0
82947621-f83e-49e3-a725-8f87b3529046,467.85,1,Accessories,bank_card,28.0,5,10,0
829c23cd-cc2c-44e4-8f7d-69746ef7d160,72.25,2,Travel,bank_card,27.0,20,11,0
82a0b4c1-7eeb-4b25-9943-a683b537b4de,126.76,1,Automotive,bank_card,174.0,4,10,3
82a24d72-19e9-4642-990b-fc7903be0d68,13.67,1,Furniture,mir_pay,130.0,1,9,0
82b65296-9111-4f6b-83e8-098300cf1b59,693.24,2,Beauty,mir_pay,15.0,3,10,0
82ba3dbe-2f2d-4b91-82bd-6d4c74c0b3f8,66.61,1,Software,yandex_pay,265.0,4,10,0
82c7ff2e-cb76-4f63-8ea8-8d9455a5ee36,335.61,1,Shoes,bank_card,43.0,13,10,0
82daace4-d0ba-43ca-beb2-be630cce5efe,296.35,1,Home,sber_pay,52.0,4,9,1
82ef966f-c8da-4f9f-8332-de1eaa1ebe12,309.88,1,Outdoor,sber_pay,26.0,12,10,0
82fb393f-04db-4c15-8e4e-05b640091720,116.54,3,Music,bank_card,91.0,5,10,0
830bcb1f-61b7-41fd-b73c-6313156df330,420.78,3,Travel,bank_card,193.0,2,9,1
830f9216-2431-4aa1-b839-3e6b7555d693,286.09,1,Clothing,bank_card,256.0,8,10,3
831d1fd6-d759-40b7-9d88-e9a33448d2b1,47.06,1,Software,bank_card,93.0,3,10,1
83203550-7c62-40fd-a874-1adeeeff4f01,28.73,1,Beverages,bank_card,0.0,1,8,0
832e46f3-2348-4c7c-ba74-4783ac2488ce,275.88,3,Furniture,sbp,57.0,15,11,1
8338280c-279d-4e58-92aa-044c646a02ac,573.3,1,Shoes,yandex_pay,227.0,5,10,3
833b637f-e481-44fe-9f80-c115c85cda4b,114.38,2,Electronics,yandex_pay,339.0,3,10,3
83489767-c8ac-40ff-8a33-fedf6a54761a,18.83,1,Food,sber_pay,54.0,3,10,0
83522888-b856-4e91-939b-4c730d75f759,643.91,1,Outdoor,bank_card,9.0,6,10,0
835ac54f-a1a7-45c0-8224-b8bf1bdcd028,1111.07,3,Tablets,sbp,10.0,1,9,0
83626aa6-f1d7-43b4-be48-ca130a599875,30.2,1,Clothing,sbp,16.0,3,10,0
83629a83-83da-42ea-97cf-e62960d6c963,808.52,1,Laptops,sber_pay,23.0,1,8,0
838667ba-085e-4c6b-bb55-87160ec973e7,90.22,1,Travel,bank_card,47.0,10,10,0
8390f0f7-f1a5-4241-b499-7ee761a70e21,28.43,1,Health,sber_pay,44.0,2,10,1
8391f37c-645a-4f8b-a760-df72a1b96293,138.13,1,Beauty,bank_card,22.0,2,10,0
8398e929-463c-4f1b-8a38-b83643127077,313.1,1,Travel,bank_card,15.0,20,10,0
83a98c5d-e55f-437d-93c9-44da5be2f6ca,76.44,1,Automotive,mir_pay,1.0,1,8,0
83ae9140-8960-4298-8e32-58d29ca3a12c,94.1,1,Office,sber_pay,159.0,7,10,4
83b5d829-b6e9-4605-a080-16ace05893d3,40.03,1,Pet Supplies,yandex_pay,1.0,8,10,0
83be2d1c-b59f-457f-8e6b-78878dc7193a,29.21,1,Garden,bank_card,153.0,2,10,2
83c8b6ff-449a-485e-8193-29a152cc378d,87.76,1,Books,bank_card,173.0,4,10,4
83cc67a5-b878-4d1e-b83e-edcf982e41f5,74.06,1,Kitchen,bank_card,10.0,14,11,0
83dac874-609a-4493-9420-3e32a73cd781,331.66,2,Toys,yandex_pay,89.0,6,10,2
83e7d8bf-ffd3-4103-be69-d8151acb02e4,159.93,1,Photography,bank_card,7.0,4,10,0
83e81b39-5200-4433-8727-d7731638c298,309.9,3,Books,sber_pay,175.0,3,10,4
83e8ba3b-435f-4e50-b4f7-ab394ae02300,101.18,1,Jewelry,bank_card,195.0,1,8,2
83f31902-fa71-4d57-a3e7-0c565aee7c8f,178.53,1,Travel,bank_card,129.0,7,10,2
83f9e4c6-622d-4361-b41e-d4044eec3ae8,78.53,1,Laptops,bank_card,46.0,3,10,1
840a6a1b-f2bd-4131-af26-5f632ae8fba8,158.75,1,Beverages,bank_transfer,25.0,3,10,0
840f7e95-6ebe-4cda-a64a-0e372f33c714,63.35,1,Books,sbp,33.0,1,9,0
8420e23d-2846-448e-9b16-5a95e0391cea,110.02,1,Tablets,sbp,46.0,7,10,1
8446af03-d391-4307-a126-5c6b92ce748b,45.49,1,Outdoor,yandex_pay,12.0,7,10,0
84498e12-1ac5-469a-9b88-e761d205cf05,174.92,1,Garden,mir_pay,269.0,2,10,2
844cc96a-3494-44f4-900f-5470b28fa8f2,53.65,1,Pet Supplies,bank_card,153.0,4,10,2
8456689d-528f-4941-97cc-7e2fce3c2f9e,119.57,1,Tablets,bank_card,213.0,4,10,3
8456d07d-66a0-423e-a929-be059c1893cb,65.63,1,Health,bank_card,29.0,10,10,0
846c32fb-b1fa-48dd-b063-b064b64bee1d,47.26,1,Pet Supplies,sbp,85.0,3,10,2
846f959d-d4e5-4d00-982e-ae3e1577442e,2320.84,2,Headphones,bank_card,61.0,1,8,0
84731335-fdda-4079-b0d0-cf0ba78d26fc,47.57,1,Kitchen,bank_transfer,52.0,8,10,1
848198fd-60bd-43f4-bbec-3e0ef810c3cc,199.15,1,Smartphones,sbp,155.0,7,10,2
848299c9-eb7d-452d-ba03-befa648e29e9,127.72,1,Other,sber_pay,17.0,2,10,0
8488b264-b54f-4a6f-b3d8-4fbfa5b803b5,566.59,1,Toys,sber_pay,5.0,9,10,0
848a5183-c382-4303-a075-483a68f7174c,40.13,1,Clothing,bank_card,2.0,1,6,0
84901889-5e55-4b5b-b7ed-74f861d1e44b,212.19,1,Beverages,mir_pay,96.0,7,10,2
84906c44-9d12-4645-9b8f-28e6f005af64,109.94,1,Garden,sber_pay,21.0,1,8,0
849335f5-5cc4-422e-adce-616668bd5d9d,144.4,1,Furniture,sber_pay,72.0,7,11,2
8495bcd1-24ce-4142-b233-c5536270e697,43.28,1,Outdoor,sbp,121.0,3,10,3
84972e34-1a9b-47bb-9b98-db45b59d1592,64.1,1,Gaming,sber_pay,31.0,13,10,0
84aea66f-92b7-43b9-85d3-681ae788b18b,280.81,1,Furniture,bank_card,2.0,13,11,0
84bf6f17-9a51-4c1b-b833-c6c211b75f89,86.75,1,Home,bank_card,118.0,6,10,1
84cd109b-89c0-40db-a0c8-53b3bfccb087,946.59,1,Pet Supplies,bank_card,42.0,3,10,0
84d20e64-f88e-47c1-ad24-6599bfddc8bb,98.77,2,Smartphones,bank_card,94.0,5,11,0
84d73471-4a02-461d-af9d-e7181d568d82,2530.61,2,Toys,mir_pay,68.0,9,10,0
84da6f1c-c75b-41d7-85cf-01f23efbcb7b,74.24,1,Outdoor,bank_card,12.0,6,10,0
84e25454-3885-45a4-b2be-ce0c86501bc8,138.25,1,Kitchen,cash_on_delivery,113.0,8,10,1
84eb1a30-9e1e-409b-bef4-bb9033c0584c,144.93,1,Shoes,sbp,98.0,2,10,2
84eb4c90-a867-4e04-aec4-9ec430edf47f,65.78,1,Electronics,bank_card,83.0,1,7,0
84f8b990-99b0-40dc-b8f8-013ad3539ddc,602.66,2,Software,bank_transfer,0.0,17,11,0
84fb8df7-f82e-40f6-97b5-6da1d39b47b4,593.48,2,Laptops,sbp,55.0,7,10,2
85003da7-9845-4acb-934b-b4e13fd1525e,202.36,2,Jewelry,tinkoff_pay,6.0,3,10,0
8503378d-a4d5-4f71-bc92-9ddbb4b5c7c0,1132.41,3,Laptops,bank_card,152.0,5,10,3
8506fb94-40c8-408e-b0aa-b2275dbadf9a,341.69,3,Kitchen,sbp,137.0,4,10,1
85092524-b7f3-495d-b8d2-c8308e6afb1c,212.42,1,Furniture,yandex_pay,64.0,8,10,0
85291639-6d67-4961-93a1-c9bcab538882,251.76,3,Pet Supplies,bank_card,88.0,6,10,3
853bfa87-7e0d-4abf-a374-ac620579b6ae,12.3,1,Furniture,sber_pay,86.0,1,9,0
853ed60c-6a75-4af9-b382-0951415fdf48,161.38,1,Office,bank_card,8.0,6,11,0
85418e57-69cd-4aec-8fd0-1ef2d59384a6,49.49,1,Jewelry,bank_card,169.0,1,8,2
85470aa5-d138-4b0e-aeba-1485ec897763,82.38,1,Smartphones,yandex_pay,92.0,3,10,1
8557748f-6ccf-451b-96a8-963bdda34a5f,1644.68,2,Books,sber_pay,266.0,2,10,4
8557938b-4252-462f-ae24-6110394acd6f,169.68,1,Beverages,bank_card,144.0,2,9,5
8569e405-03fe-4b16-9ead-c7453031a17f,140.6,1,Sports,bank_card,18.0,5,10,0
8580a91e-af16-4920-954d-c5f685f3fc5b,890.67,3,Shoes,tinkoff_pay,36.0,2,9,1
858168ad-9437-4334-a08f-1a7d9c3a334b,195.51,1,Accessories,bank_card,53.0,12,10,1
8588c714-6e2b-4689-9eef-6c663afa1335,80.29,1,Tablets,sbp,261.0,3,10,4
858cd99f-b8d9-484c-92ae-7dcf05d975e6,300.96,1,Sports,bank_card,72.0,10,10,0
85957bb5-086b-4188-8904-010e0508bd23,456.72,2,Other,sbp,179.0,5,11,2
85984f2c-0317-4ea7-8e8d-9d7947d45ac3,14.07,1,Garden,sbp,8.0,3,10,0
859f44e5-600a-4084-9757-0661ca3b6d71,36.68,2,Electronics,bank_card,55.0,6,11,0
85ab08af-3373-49a2-bae9-551e406bed42,348.72,2,Clothing,bank_card,90.0,4,10,0
85af07c4-f6f3-473e-a395-99772d400a52,31.73,1,Accessories,yandex_pay,0.0,5,11,0
85b69679-12eb-4bfa-b1ec-efa013b15b43,194.54,1,Smartphones,bank_card,159.0,4,10,0
85bc32c8-6056-455e-bc08-e25872196b89,827.24,3,Health,sbp,96.0,4,10,0
85bea510-b894-4584-8ca1-9f7cbd4afd52,321.89,1,Other,sbp,3.0,1,8,0
85c5d4df-3fe3-4a6b-9e2a-e669c96681de,76.25,1,Office,bank_card,65.0,9,10,2
85c7177b-9e50-436e-8491-d6e50ee60865,241.03,1,Headphones,sber_pay,60.0,4,10,0
85ca8d5c-c619-47a3-b60b-0c10304720ae,129.26,1,Kitchen,bank_card,42.0,10,11,0
85d0b062-f642-4977-a06c-00ace3d164d9,182.12,2,Jewelry,sbp,2.0,8,10,0
85f1edd8-a843-4174-9379-633f114e4c67,299.46,2,Sports,bank_card,9.0,1,8,0
85f6be31-e851-4bc0-a27b-f1476dab8f07,30.78,1,Smartphones,bank_card,227.0,4,10,5
8605d395-af93-45f7-b9eb-8b0b526295d2,112.11,1,Garden,sber_pay,183.0,2,9,1
860819dc-a77f-47be-96fd-969fb6d7b23c,134.34,1,Travel,bank_card,165.0,5,10,3
863281da-743a-4846-b349-9a03ab806a9d,245.64,1,Electronics,cash_on_delivery,60.0,4,10,1
8642f93a-7078-4b5b-a7a3-defb85897bf6,228.72,1,Music,yandex_pay,110.0,1,9,3
8643514b-93a3-4002-ab54-66dd5f20d07f,216.22,1,Other,sber_pay,194.0,1,8,2
864440da-c9fc-4a3e-a563-be11448f8e88,391.16,1,Automotive,sber_pay,86.0,2,10,0
8648071a-8a38-4607-8acb-949107456bd7,277.76,1,Sports,sber_pay,70.0,9,11,1
86570962-51a0-4dab-bea2-935b676cb861,263.82,1,Beauty,bank_card,127.0,3,10,2
865b1f22-da06-4a6e-a4a9-5feb40fd9a1b,193.5,2,Headphones,sbp,132.0,5,10,0
866a3da1-fbdb-4352-b080-d2d23c78578e,153.25,2,Gaming,bank_card,9.0,12,10,0
86704670-6a6d-46d0-98c9-c59db8d8894e,319.74,2,Outdoor,sbp,200.0,3,10,0
8691feb6-3b04-4f80-9c6f-685e378bfe0f,52.67,1,Home,mir_pay,6.0,15,10,0
869b1c3d-188f-4ed4-a1a9-d7714a7253f8,174.99,3,Toys,mir_pay,5.0,2,10,0
86adb0d2-3581-48a0-90cc-5afc5e36e04c,257.09,1,Tablets,cash_on_delivery,179.0,2,10,2
86b763b6-470a-4252-a903-7e372849631f,41.37,1,Clothing,sbp,9.0,1,8,0
86d014f9-9040-44a2-be72-3a3f73430fcc,136.98,1,Other,bank_card,34.0,2,10,0
86d9668d-8843-4dad-9b84-c6e79b1f3ae7,34.45,1,Accessories,bank_card,199.0,9,10,2
86ea97a3-3087-43ec-8c32-bf79d7266f1f,123.28,1,Other,bank_card,120.0,3,10,4
86f53616-5cfc-4697-9186-61e81e558e58,22.41,1,Shoes,sber_pay,3.0,12,10,0
86fa6c16-1530-4c99-97d0-6585939b958d,55.58,1,Home,sber_pay,93.0,3,10,2
87081df5-323c-4408-8809-d1847bfd4b53,146.43,1,Electronics,bank_card,180.0,3,10,0
87120c14-a741-4405-a90f-b39566a72d27,150.37,1,Headphones,bank_card,249.0,7,10,2
8715c6cd-7f7f-4729-b092-db08d04c89f6,155.06,2,Furniture,bank_card,14.0,3,10,1
872602ac-d51e-4612-938a-27af4ab53668,134.34,1,Travel,sbp,29.0,8,10,0
87271b7a-c831-426e-97fb-b43a3a6e659a,46.58,1,Electronics,tinkoff_pay,71.0,5,10,2
8728487f-5403-41e6-977d-54db5b9e907f,63.61,1,Laptops,bank_card,0.0,2,10,0
873c1c08-b1aa-48a3-88f0-49ccd10ee8fa,19.57,1,Food,sbp,20.0,17,10,0
87402abc-94d9-4e52-a2cd-7a57321c2a87,116.04,2,Laptops,bank_card,134.0,7,10,2
874cd7ed-06fd-487d-841b-2e17076a3ed9,131.04,1,Laptops,bank_card,1.0,19,11,0
87534628-2448-4000-b0fa-ea536acc1beb,88.59,1,Health,bank_card,79.0,3,10,0
875c4d52-acd0-4d8c-ac09-fbe03eb20940,137.85,1,Food,bank_card,3.0,3,10,0
875ca660-b9da-43a3-bee9-d61a63fb35ee,93.55,1,Office,bank_card,183.0,2,9,4
8765672f-e8de-40ff-a0d2-7f1dba44c046,338.7,3,Toys,sbp,21.0,6,10,0
87677468-afc8-474d-8545-7aad2021f58a,233.5,2,Furniture,sbp,81.0,9,10,0
8769d8d6-4470-4da8-923b-2ad56a31bf9b,106.03,1,Jewelry,sbp,102.0,4,10,0
878348b7-3a21-4fbd-ba9b-dcc85a3dd877,42.82,1,Beauty,mir_pay,53.0,6,10,0
8787bfaa-c709-4deb-84a1-2277dc11851f,46.42,1,Laptops,bank_card,240.0,3,10,4
8793075a-2a00-4f17-9b1d-89cb2095f30b,137.68,1,Software,bank_card,53.0,5,10,2
879695db-235c-4e90-a9a7-ae4999a1166f,127.22,2,Laptops,sbp,42.0,11,10,0
87ac3a8d-f467-4fec-a965-8c10af0ba380,317.98,1,Office,bank_card,75.0,2,9,1
87b33603-3e0a-4978-8448-75b09d9ef560,47.57,1,Kitchen,bank_card,239.0,5,11,2
87c92f9f-7722-42e7-9ca1-dda858c531f7,191.87,1,Books,sbp,34.0,10,10,0
87ccb294-d4dc-47c0-a9f3-705a41b076a9,99.32,2,Smartphones,sbp,83.0,6,10,1
87d25889-d4e2-4f2d-86ee-319aa1f27a0c,74.33,1,Music,yandex_pay,79.0,3,10,1
87d856b1-0dd0-4667-b1c5-9506e0c00ce5,321.06,2,Food,mir_pay,7.0,3,10,0
87f34061-65f8-44d2-9e2e-d620bab9b389,120.17,1,Beverages,mir_pay,5.0,13,10,0
87f91493-4df9-4be5-ad2e-a1d776f2a4da,198.93,3,Toys,bank_card,160.0,4,10,2
880aea97-6725-4282-bf3e-f6f808c60ea2,75.94,1,Pet Supplies,bank_card,77.0,6,10,2
880eca66-252f-4cb7-af19-2d8b7e054e8b,33.58,1,Smartphones,bank_card,86.0,4,10,1
8810d0ca-8767-4926-b26b-e7f1e5c8e0da,155.06,1,Kitchen,bank_card,54.0,4,10,1
8812bb3a-7bd3-4444-9f71-a19e86844fda,1065.38,2,Photography,cash_on_delivery,112.0,1,8,2
8828949f-27cb-4385-be1d-a8a7ab58d5b3,334.19,1,Furniture,sbp,7.0,2,10,0
88293314-0448-461c-a0d4-e807262e3803,145.18,1,Sports,bank_transfer,57.0,3,9,2
88304fb9-1cf2-48aa-b94c-02e1aa458bdf,78.91,1,Electronics,bank_card,129.0,6,10,2
883b9384-2ffa-49d5-89b0-8bf49a3007dd,106.8,1,Gaming,bank_card,141.0,3,10,3
883c4fd2-1103-4a6a-983d-ec8a704dfad1,3659.19,1,Beauty,yandex_pay,16.0,7,10,2
883cf491-7b14-4c81-bc4f-faf32fba7ae6,268.41,3,Headphones,sber_pay,48.0,10,11,0
883d4cb7-baaf-4cb7-8123-cbf92b11ad4c,22.26,1,Electronics,sber_pay,94.0,9,10,2
8841f4bc-231e-43ea-bb7e-87d940de0cf6,45.12,2,Software,bank_card,9.0,2,10,0
88478bd8-0397-4a3b-ac76-550a52305ab6,77.48,1,Photography,cash_on_delivery,117.0,3,10,1
884eb51b-1e63-4900-9eae-7a960c6cf5e9,113.05,1,Outdoor,bank_card,184.0,1,9,3
884f852f-b5bb-48fc-8772-43d7ea81363a,60.73,1,Tablets,mir_pay,39.0,4,10,0
885ca0e0-8032-43aa-bdc3-d8a123fb4bac,59.32,1,Jewelry,bank_card,9.0,1,8,0
885e9105-cbbc-4465-81e8-e3ace7da719f,20.51,1,Kitchen,bank_card,26.0,1,8,1
88762e66-3438-414a-bd2c-afe0f14f8940,160.19,2,Toys,bank_transfer,1.0,7,10,0
887d0d4e-d690-4c35-b906-f67dec6e5c06,230.58,1,Kitchen,mir_pay,52.0,1,7,1
888e15a6-b420-449e-aa9f-4387cd378381,45.12,2,Software,bank_card,1.0,2,10,0
888fd028-9d87-4c5d-957e-551a20dbe19b,362.58,1,Headphones,bank_card,50.0,3,10,1
88a3812a-6854-498d-bf53-759b38f215cf,57.69,1,Gaming,sbp,6.0,1,8,0
88b1b833-9c1e-4b58-a2c7-bbf37760b7d6,90.81,1,Pet Supplies,bank_card,128.0,4,10,1
88b7e37c-590a-472e-a804-58711b9feda6,87.44,1,Food,yandex_pay,195.0,6,10,4
88b82f4c-29ff-4328-b410-1cc2d23a4aac,59.88,1,Accessories,bank_card,272.0,2,10,1
88bc07f9-d2e0-4cd2-830c-d4be8cfab7b1,203.68,2,Gaming,sber_pay,182.0,3,10,2
88c38cfb-1cdf-4fd1-be5d-15115937b49e,40.31,1,Jewelry,yandex_pay,74.0,8,10,2
88c891f4-6a22-49da-8538-a0ec23c0c617,86.5,2,Travel,bank_card,259.0,4,10,4
88cae3a7-efb9-4db5-8024-0eefcdde2b23,92.98,1,Other,sbp,65.0,3,10,1
88cd0887-b72f-4eae-aadf-5b5826bb160f,213.06,2,Electronics,sber_pay,79.0,4,10,1
88d3dec7-e523-40d7-b518-10f7cb11adea,110.84,1,Sports,cash_on_delivery,175.0,3,10,3
88d77b02-3334-477e-9313-9d83fa10027a,82.8,1,Beverages,yandex_pay,223.0,3,10,1
88e189fc-d4f7-4ad5-8828-0725a5c885df,195.62,1,Health,sbp,102.0,7,11,4
88e203e9-dfb6-48e0-97b6-99947059998b,199.5,1,Clothing,sbp,124.0,9,10,1
88efbc45-96b5-4f9c-b380-e760d9a2e924,98.56,2,Automotive,tinkoff_pay,81.0,1,9,1
88f3aa9d-fed4-4c06-be23-4f58e49cc825,28.83,1,Music,mir_pay,10.0,4,10,0
88f65091-2ada-40d3-8380-408088acc0fa,115.58,2,Jewelry,tinkoff_pay,71.0,7,10,2
88f877c1-acc2-4d46-884c-7dcac1510dd5,80.58,1,Kitchen,bank_card,77.0,3,10,1
88fd8729-361d-4d5b-b040-3d674e01e36a,53.63,1,Toys,bank_card,203.0,3,10,3
890a02ea-6f00-44ef-b17f-8d7387990755,74.01,1,Software,bank_card,31.0,21,11,0
890b10ff-d7b7-4c7e-b7dd-a369ab935506,398.24,1,Garden,bank_card,8.0,4,10,0
8911c5f4-7351-4f97-8e91-2ec5b5694102,425.1,1,Shoes,bank_card,118.0,5,10,1
891a14cb-10d1-48e6-8d92-4d7db93ab8fd,173.5,1,Toys,sber_pay,19.0,4,10,0
891e7c1c-9b78-4af2-b931-a258904b1d14,89.34,1,Office,sbp,1.0,2,10,0
892c6ad0-27af-462d-92ff-eaefeb53c000,124.17,3,Health,bank_card,28.0,15,10,0
8933904b-d128-47f4-9bf3-8204ad69491f,246.87,3,Gaming,bank_card,245.0,1,9,3
8938e76d-39ef-41f5-b0fa-630544e53e0c,49.9,1,Pet Supplies,sbp,10.0,5,11,0
893a4415-a6eb-4695-b3a7-3c30b1965bee,188.47,1,Laptops,bank_card,63.0,2,10,0
893c1d69-b889-455d-bc37-0b82cf03ccf8,62.88,1,Beverages,bank_card,20.0,25,10,0
89412b3c-1031-4ff5-8239-b4ce20acf09d,229.11,1,Photography,bank_card,116.0,5,10,0
89446bd7-74f1-4bf9-9bbc-9cca60ed2893,271.8,1,Sports,sber_pay,42.0,3,10,2
89457af9-a609-49d8-b697-d8c387e3f09e,377.65,1,Gaming,bank_card,64.0,7,11,0
8953b22f-3cb4-4309-ae88-9cf72bfb91c4,44.76,1,Electronics,bank_card,256.0,2,10,1
896b1cea-62b7-40da-9e35-dc08e6cd4c74,297.93,1,Food,bank_card,53.0,8,10,2
896dce71-dc1b-410e-9afe-d32c323408dd,322.72,2,Home,sbp,3.0,2,10,0
89764517-124a-43d1-822a-1066e96e1dd4,139.8,1,Music,bank_card,129.0,10,10,4
897bbbfe-3277-4a4b-ab8e-e8747fa13527,114.55,1,Laptops,bank_card,5.0,16,11,0
8986219e-f102-4205-97e1-21a89c47a211,175.22,1,Music,sbp,54.0,2,8,0
8989fb9c-7dc0-4338-a040-6986edff5cdf,168.92,1,Furniture,bank_card,71.0,1,8,1
898a97ed-2c85-4556-b0b4-9c719801c791,29.02,1,Photography,bank_card,30.0,3,10,1
899476e8-b857-4e62-a201-33673a465605,36.28,1,Laptops,bank_card,5.0,10,10,0
8997a66b-95d2-41ed-802e-0f00fbfdd174,8.47,1,Clothing,sbp,269.0,1,8,2
8999bd37-5421-4184-a81c-41cb5ff3e320,244.32,1,Accessories,sber_pay,34.0,3,10,0
89a63fcb-a32c-4537-a540-da00870d5648,251.2,1,Shoes,bank_card,66.0,5,10,2
89acd471-6bec-4e54-9ba0-708373f09fb3,258.63,4,Health,bank_card,58.0,3,10,0
89b41243-2bf9-4368-925f-ae64f866195e,256.67,1,Food,bank_card,43.0,3,10,1
89b497dc-b1d2-487d-97fe-d46bd2062e3c,662.42,2,Tablets,bank_card,55.0,4,10,0
89bae967-cd16-4a71-8134-69f415712d79,199.0,2,Clothing,sbp,68.0,2,10,1
89bcc59c-cbd0-41e5-b38c-52637cffaa06,214.85,2,Photography,bank_card,175.0,4,10,4
89cd9049-4ecd-4ade-b631-18b2b2ab5e1f,79.91,1,Office,mir_pay,153.0,5,10,1
89d3ee85-5354-49b8-9b70-cb529ee54d3e,56.06,1,Headphones,mir_pay,101.0,2,10,2
89dc70b2-ea1f-46df-b7a3-48423f8b3804,117.57,1,Jewelry,bank_card,139.0,2,10,3
89dd87aa-a6cd-4e5f-991c-08ec64b7a8ba,132.65,1,Smartphones,sber_pay,99.0,5,10,1
89e47b2d-4aca-4c1a-8d58-b8dfe5390465,17.47,1,Other,sbp,14.0,4,9,0
89ea5f47-3d39-4162-bf2b-88d3ed48750e,209.2,3,Photography,bank_card,20.0,13,10,1
89eca1c9-fe6c-43f9-8f51-7ba466c4fcf9,52.28,1,Books,bank_card,11.0,16,10,0
89f0313b-8a91-4c44-8347-847f9fdc3d6b,33.24,1,Outdoor,bank_card,2.0,3,10,0
89f31dc5-191a-4d9c-8ee7-9e9cfd857159,189.98,1,Beauty,mir_pay,55.0,3,10,0
89f7767d-1d23-4058-8619-e1b801c88c7c,72.25,2,Travel,sbp,60.0,6,10,0
8a00d93d-d3c4-4fe9-8943-b76fd8e083f3,6.6,2,Food,bank_card,276.0,3,10,3
8a02bb68-f1e0-4322-812b-521b64136c9c,8.75,1,Toys,bank_card,89.0,9,10,2
8a0aee2f-988f-4043-b944-4bf4ce123ac2,671.5,2,Other,sbp,27.0,14,10,0
8a17039b-709d-4597-9cc3-43a322c79893,74.22,2,Laptops,bank_card,102.0,9,10,0
8a233053-f2dc-40dd-8546-352d409f4354,135.98,2,Automotive,bank_card,16.0,6,10,0
8a2757cc-b28b-4bc3-8cf6-06f5d5c512e0,157.62,1,Office,bank_card,34.0,16,10,0
8a2b67e5-be36-4e47-93b1-5bcd2f8f8018,92.16,1,Photography,sbp,238.0,5,10,4
8a308164-0336-4627-bb2c-dc8d3133c33d,350.68,2,Software,tinkoff_pay,0.0,6,10,0
8a31cb76-005e-4f24-ae76-acb4214924c3,124.54,3,Software,bank_card,1.0,1,8,0
8a49c1c8-99e9-438c-a3f6-ba1931eb7c7b,46.42,2,Smartphones,bank_card,4.0,7,10,0
8a49ea2d-a24d-45d3-b393-bb751e7dac7b,83.89,1,Pet Supplies,sber_pay,77.0,4,10,1
8a57af34-2156-4474-99ff-47b1f9cdbdc2,96.64,2,Laptops,yandex_pay,251.0,5,10,1
8a683c22-2031-407f-8fc9-070e984523e4,354.89,1,Music,bank_card,148.0,5,10,4
8a6b9c3a-7e4d-4872-89ce-e309f0308d22,166.06,2,Beverages,bank_card,212.0,1,7,3
8a7038ca-5079-4bf4-8d9b-d778359a90bb,52.24,2,Photography,sbp,22.0,4,10,0
8a80ae81-b9e2-4439-a29f-0f94d54ea3ac,66.75,3,Garden,sbp,63.0,2,10,1
8a883952-630b-4a6e-bfe6-649413b2ea24,980.04,2,Music,bank_card,46.0,4,9,0
8a959d32-1856-47bd-b8ef-de21f0371009,234.83,1,Photography,sbp,100.0,5,10,2
8a962f1e-55e0-429c-8f18-bc4b92993bdd,83.95,1,Gaming,mir_pay,236.0,3,10,2
8a9a3bf9-70b7-4a28-8efc-1885ba4a279e,40.22,2,Music,bank_transfer,101.0,3,10,1
8aa0e13b-1337-44eb-8bb7-9de800cd296b,247.59,3,Photography,mir_pay,144.0,1,7,2
8aa1500d-70b0-4314-9ae6-294c35a462a4,598.25,1,Laptops,sbp,176.0,5,10,1
8aa5f0b3-01a8-4083-b70d-8934b71d00cd,116.76,2,Beverages,bank_card,25.0,9,10,0
8ab8b716-68a7-471e-a153-ebcd77a159fd,56.71,1,Electronics,bank_transfer,260.0,1,9,2
8ac2cdf4-5694-4c76-94ec-366c491ae286,87.79,1,Headphones,tinkoff_pay,17.0,5,10,0
8acb043f-1ca5-4a43-a36e-8e342373ee5d,175.56,1,Kitchen,bank_card,106.0,3,10,1
8adb583c-d1a6-47ea-ab33-826b9e450f0e,78.18,1,Gaming,mir_pay,4.0,4,10,0
8af40e8c-46db-4769-a320-139a2823eeef,1324.14,3,Garden,bank_transfer,165.0,2,10,2
8af8d4ed-9ae4-447e-93bb-d81d1180eaa5,159.98,2,Furniture,bank_card,0.0,10,11,0
8b2606f6-9dd3-4a09-9f97-b15c869a09ee,717.48,4,Clothing,bank_card,31.0,15,10,0
8b26efbc-5400-4d23-a347-b764ffd32a5c,55.95,1,Health,yandex_pay,41.0,9,10,1
8b32ca00-03c0-470c-a25c-f062f9e429cd,254.6,1,Health,bank_transfer,60.0,10,10,1
8b32fa42-3e3f-4bbc-96e0-b72fbcf6be6a,77.76,1,Kitchen,sbp,8.0,3,10,0
8b36467a-4059-49c3-88d7-b7cb228a4604,838.75,1,Electronics,yandex_pay,286.0,2,8,3
8b4a3bf2-9275-4b44-b040-e7abfebde07c,306.69,1,Gaming,bank_card,7.0,13,10,0
8b4d87e3-5591-494d-a2a1-36bd500b2a0d,555.52,2,Sports,bank_card,123.0,3,10,0
8b4f5359-b17e-4609-835d-041c8176631e,619.9,1,Laptops,bank_card,99.0,4,10,2
8b578944-4fc2-47a2-9e9f-dd13d05987f2,35.89,1,Photography,bank_card,60.0,3,10,1
8b5a9d50-0a16-4787-8dc2-9ac3dd66cf6d,13.99,1,Beauty,sber_pay,9.0,9,10,0
8b6b7df6-f5c7-48d2-8cdf-50cfcd4789c0,23.22,3,Furniture,sbp,285.0,4,10,2
8b6f9786-96fc-4614-82df-ce00d814c910,66.8,1,Clothing,mir_pay,32.0,2,10,0
8b7719f4-bcd4-4a5e-9661-444fa69bda15,32.06,1,Furniture,sbp,8.0,2,10,1
8b817cf4-98bc-4283-b734-77cee657e446,377.02,1,Software,bank_card,63.0,2,10,0
8b86e2bf-7a91-4445-98df-966f1f9ce1f7,2107.11,3,Electronics,bank_card,17.0,15,10,0
8b8c2a73-0593-4bcb-a140-1419543d6b78,34.0,1,Clothing,mir_pay,28.0,3,10,0
8b8c8feb-7d05-4557-ad19-32e3ed02b43c,183.29,1,Automotive,sbp,32.0,5,10,0
8b94223f-b0d3-4ce1-af50-5f5a105603bd,514.1,2,Tablets,bank_card,101.0,3,9,1
8b9c18bd-50c0-43d5-8203-ace9987a7dea,261.87,3,Health,bank_card,30.0,10,11,0
8b9ed47f-7fe6-4935-8e29-ab74b14da519,578.63,1,Outdoor,tinkoff_pay,147.0,2,10,1
8bb95518-ac69-4a73-a8ad-eb50c3982808,307.1,2,Accessories,bank_card,91.0,2,9,1
8bd2f21a-7e43-4705-8044-8781dffbf738,139.61,1,Shoes,sbp,36.0,4,10,0
8bd45f63-4230-4a17-bd68-59adfa852d1e,15.68,1,Smartphones,bank_card,77.0,2,9,0
8bd7f3a5-945b-46c5-bbdc-d9baed926676,115.81,1,Tablets,sber_pay,160.0,2,10,6
8be50f97-8e8e-4225-84da-59a20b255340,570.03,1,Sports,bank_card,166.0,3,9,1
8bf223ce-aae9-4900-a359-a8255a17180b,37.93,1,Beverages,bank_card,211.0,3,10,0
8c0e1c34-34c0-4a29-8a83-36a98f35472b,123.79,1,Food,sber_pay,206.0,2,9,1
8c1726ff-a001-4414-845e-b1775fc44806,476.0,2,Books,yandex_pay,194.0,3,10,4
8c172ca6-aa43-41fc-baca-4dcc66887ee4,172.23,1,Health,sbp,101.0,2,10,2
8c22afdf-7c7a-48df-9cb5-da41179355fe,201.35,1,Office,bank_card,124.0,5,10,1
8c2c8a76-1dd7-4d11-8c58-a8c0767898af,878.64,2,Electronics,bank_card,190.0,2,9,5
8c32470f-2159-4287-ad26-701b6b88f799,196.05,1,Jewelry,bank_card,42.0,1,8,0
8c33dcfe-f511-46d3-ac03-b5f1347b05f3,723.09,3,Headphones,bank_card,112.0,2,10,3
8c4006fb-4f05-403b-b48e-4a5056629437,443.09,1,Tablets,sbp,16.0,11,10,0
8c4b9e63-54fa-4fbc-b75e-ad5cee139e37,21.17,1,Other,bank_card,22.0,4,9,0
8c4cc1e9-d008-4c1b-a3f3-30b852426258,143.19,1,Clothing,sbp,164.0,2,8,1
8c4eed5a-fe8b-4523-9427-1a35ed7315cb,259.45,1,Beauty,bank_card,153.0,8,10,6
8c605c7f-cd47-4f43-935d-7fcf1fd13fc1,151.99,1,Office,bank_card,38.0,5,10,0
8c7297af-1cdc-4172-bbad-e2044000e480,642.32,2,Accessories,bank_card,50.0,14,10,0
8c77d198-c2e0-4c19-83d5-0a16bee28819,133.34,2,Toys,mir_pay,135.0,6,10,3
8c894fb3-86f5-4281-9b01-b16d43752092,600.17,1,Shoes,sber_pay,188.0,2,10,0
8c89880a-8232-40e4-a5db-21ec29fb0af7,81.6,2,Headphones,sber_pay,148.0,5,10,2
8c8d026a-3183-41d5-9d89-f510f18f909a,37.24,1,Gaming,sber_pay,121.0,2,10,2
8c8ef3f5-d71b-4598-8771-b2ec985c4d8f,434.72,2,Health,bank_card,30.0,11,10,0
8c8ff0e1-8ee3-41cc-a466-f2a57d6f574f,168.46,1,Pet Supplies,bank_card,9.0,5,10,0
8c9811b8-cf4e-468a-8db1-e81644fff588,77.52,2,Headphones,sber_pay,224.0,2,9,1
8cb0d48d-127f-4c03-a303-faff1c217013,592.7,2,Home,bank_transfer,46.0,2,9,1
8cb84369-b951-4853-8861-dbc782f1b752,3659.19,1,Beauty,bank_card,79.0,3,9,0
8cb86392-9ce4-4a5b-9ef4-ce7254fdb0b4,3067.79,3,Travel,sber_pay,18.0,9,10,0
8cbae2c5-eaf4-4c54-ad99-49eca37f7593,45.72,1,Software,bank_transfer,60.0,4,10,0
8cbb1599-24d1-4bce-90fc-899feaf518f2,269.91,1,Pet Supplies,sber_pay,246.0,3,10,2
8cbed802-4934-4936-b9a7-69cf63085931,92.63,1,Accessories,bank_card,68.0,3,10,0
8cc2136a-7de1-4920-81cb-f478b517656b,46.42,2,Smartphones,bank_card,98.0,4,10,6
8cd68a57-ab2a-4672-bb44-94ab979bc371,28.98,1,Electronics,bank_card,17.0,6,10,0
8cd9f370-69fb-42ff-b265-bf74ad5eaca5,102.7,1,Food,sber_pay,52.0,11,10,1
8cdb23cb-c7bc-4990-b8d2-26e299e4b0d4,146.38,2,Accessories,sbp,125.0,6,10,2
8ce22465-b55d-4187-9184-175c218511dc,59.22,2,Books,bank_card,33.0,17,10,0
8ce52d05-0c68-44a0-b827-2d5ec607483a,110.78,2,Office,bank_card,14.0,21,10,0
8cf2093f-5652-4bb1-9080-59f2e732ae2f,170.59,1,Toys,cash_on_delivery,45.0,4,10,0
8cf326c1-6b66-4285-b7b3-8a2a89c55fe7,20.18,1,Toys,bank_card,161.0,3,10,2
8cf9e591-cb83-4285-aa40-7a7d01ad315b,353.79,1,Food,bank_card,68.0,5,10,2
8cfe867a-763c-4509-bd13-83ee334cffe7,302.88,2,Smartphones,sbp,9.0,1,7,0
8d01a047-511e-4d67-9a7d-bef6b981dcc6,67.23,1,Beauty,sbp,0.0,1,8,0
8d0a4097-eb05-4e74-925a-d4b789df5016,6917.52,3,Electronics,sber_pay,122.0,2,10,1
8d1378b8-803c-4f7d-8a65-69e59bfa993a,613.92,3,Smartphones,sbp,19.0,17,10,0
8d23450a-e180-45c7-89cb-4d4ef587f338,237.99,1,Photography,bank_transfer,58.0,9,11,1
8d2a1d65-7daf-48c6-8123-79433ec69940,226.27,1,Outdoor,bank_card,35.0,3,10,1
8d3829f5-8c22-4f35-8a36-523b4f566285,447.21,3,Automotive,bank_card,119.0,8,10,2
8d440efd-4b7e-496e-8bfa-a9f642ff1504,14.07,1,Garden,sbp,74.0,2,10,0
8d466e69-8f0e-49dc-81ae-6e3fad0fa398,130.0,1,Other,sbp,21.0,1,7,1
8d5ab711-1ba4-4d02-b59a-48ef1a570b9b,22.61,1,Pet Supplies,mir_pay,103.0,3,10,3
8d7c8767-e077-434c-9521-2362a37aba08,132.85,1,Pet Supplies,bank_transfer,83.0,3,10,0
8d82aa7d-e7d1-40d8-b884-a1d5b5cb4cb2,26.12,1,Smartphones,bank_card,14.0,24,10,0
8d914814-1415-4537-85a4-c33d365778cd,286.72,2,Gaming,bank_card,161.0,3,10,1
8d94b4e3-f6e1-49f2-a2d7-8b6166dd3de7,307.84,2,Tablets,bank_card,38.0,8,10,1
8d97cc3e-0f88-4f53-a86f-4bd32db893ee,37.11,1,Laptops,mir_pay,151.0,2,9,3
8d9dfc4c-8826-4d1a-8216-6c804957c1e2,32.71,1,Shoes,bank_card,16.0,1,7,0
8da9d1b6-ca38-49c3-98e4-a3288f429518,156.24,1,Beauty,yandex_pay,51.0,2,10,1
8db5df2b-6bba-40d4-ab37-9afb352242a9,223.22,1,Food,cash_on_delivery,145.0,3,9,2
8db6315a-7def-472f-8e8d-9bf2e6f49079,177.86,2,Toys,mir_pay,1.0,4,10,0
8db93be5-0b2b-442c-b537-5bcf44e78fd1,189.82,1,Home,tinkoff_pay,5.0,2,10,0
8dbe4eda-bf15-416a-9e0e-14e39f810f86,91.95,1,Accessories,bank_card,184.0,4,10,2
8dc0528e-ef03-4e09-9605-e2c49662d7ab,995.18,2,Beauty,bank_card,93.0,1,9,3
8dc24209-1d61-43fd-a45c-f782e850f3ab,1431.73,1,Home,sbp,190.0,1,7,1
8dd062be-cd55-4ed3-8936-b22b7c4dafea,94.81,1,Shoes,sbp,92.0,4,11,0
8dd666f2-61c4-44a1-b3a5-d9993215d1ae,80.65,1,Gaming,bank_card,13.0,9,11,0
8dee2a14-75e8-4a72-8ce6-79af1c85e714,286.39,1,Food,bank_card,98.0,1,8,1
8dfbb524-5c99-4de6-9b17-dd26f6a820ba,357.98,1,Shoes,bank_card,250.0,2,10,4
8e04c822-4ba8-415b-bfe0-aec275d8907e,216.13,1,Kitchen,mir_pay,2.0,4,10,0
8e07b4e6-1359-4e8c-beda-4dea40129b56,441.04,1,Health,bank_card,73.0,12,10,2
8e19c376-9938-4962-b90b-067f4ecd47c2,193.87,1,Smartphones,bank_card,70.0,3,10,3
8e1ce787-b68a-4cb5-ad47-e79cd2d14327,99.11,1,Sports,bank_card,4.0,17,10,0
8e24ce0e-b463-4bdf-8345-d2f079ede3e0,1056.33,1,Sports,bank_card,275.0,3,10,2
8e2e4a9a-f52c-42ff-bff4-4ddea7c2073a,57.79,1,Jewelry,mir_pay,142.0,3,10,0
8e2e80dd-c925-4f6e-a11e-589b6bb4c982,1815.78,3,Outdoor,bank_card,210.0,4,10,1
8e390540-b6ed-4346-a958-6d4345360bd2,27.39,1,Music,bank_card,256.0,1,7,1
8e3d9fd8-18b6-4b61-9b10-d41a2b258123,274.07,1,Health,bank_card,134.0,1,8,1
8e421e3d-712e-44bc-a1b5-0d1206dc37ba,160.33,1,Clothing,bank_card,201.0,2,10,5
8e472b97-0c13-47c6-aa43-1efc2777b0b6,68.31,1,Beverages,sbp,143.0,4,10,4
8e47da77-2505-4166-884c-c943e2f9360c,169.85,1,Home,bank_card,21.0,1,8,0
8e488e95-d919-4bd8-9222-1464010638dc,120.78,1,Jewelry,sber_pay,21.0,19,10,0
8e4cb340-0a3e-4952-a064-4552eafe4e28,24.01,1,Automotive,bank_card,249.0,5,10,2
8e4cb3a6-0190-4069-8d9f-decbde17bf28,109.1,2,Jewelry,sber_pay,3.0,18,10,0
8e501475-2040-4293-9285-0440cdbfcc73,737.5,1,Headphones,sbp,21.0,2,9,0
8e50300f-d3f9-4e9b-9b5f-bce52594e6f5,44.32,1,Other,sbp,2.0,6,10,0
8e5211f6-0b7f-4c85-afb7-18c6e3e298c7,19.54,1,Garden,sber_pay,32.0,19,10,0
8e5bcaf7-c68a-497c-b5a6-a7236d4b7828,418.8,3,Gaming,sbp,69.0,3,10,0
8e645c86-4f86-41a0-861c-0915310df94a,98.19,2,Jewelry,cash_on_delivery,33.0,4,10,0
8e65e003-6ddf-4b47-a547-6759f7c6cc3e,730.91,1,Pet Supplies,bank_card,1.0,5,11,0
8e73f9eb-f150-47c6-b0ec-0d90c6c7e2b5,623.62,4,Toys,bank_card,190.0,1,7,1
8e777395-24f0-4f4c-ad91-a6525a77e659,952.59,1,Gaming,sbp,123.0,3,10,0
8e7a8266-b2e5-4cd6-bce9-31de7bf9c7ef,307.59,3,Toys,bank_card,146.0,3,10,1
8e7eb744-ec3f-4093-85d9-00a3ae7c2443,7.02,1,Gaming,bank_card,20.0,6,11,0
8e9b3a3f-c282-4968-baa5-b3ebeb03f564,184.96,1,Music,cash_on_delivery,153.0,5,10,4
8eb28e9e-7c50-4adf-b5f1-b6cfe182af89,94.75,1,Books,sber_pay,17.0,1,9,0
8ebba875-d68e-4e3e-ba51-0e778317018e,54.68,2,Pet Supplies,tinkoff_pay,97.0,11,10,2
8ebf64ae-327a-4b69-aa47-fd26ec59d1b3,71.19,1,Kitchen,sbp,24.0,9,10,0
8ebf717a-94d9-4429-a51e-a0464265a4a4,277.02,2,Tablets,sbp,61.0,1,7,0
8ec5a41e-d869-4273-b1d7-14af9ec307f2,84.26,1,Toys,mir_pay,28.0,6,10,0
8ecc457e-4f5b-462a-bc01-0a3cc1425151,24.74,2,Food,bank_card,71.0,4,10,3
8ed5c493-1e7c-4000-aa70-251b85896ea8,64.88,1,Clothing,tinkoff_pay,37.0,4,10,0
8edcf52b-5cea-4a4c-b542-d0db049a9951,58.21,1,Photography,sbp,234.0,4,10,1
8edeee61-307c-4a9c-9c8e-1bc99ca67dd4,286.26,1,Software,tinkoff_pay,97.0,1,7,1
8ee5575a-57a3-435e-b7e1-f3bd25319619,82.23,1,Jewelry,bank_card,118.0,2,10,1
8eee81b8-7bee-42b8-af20-76329f3d8347,111.81,3,Shoes,mir_pay,244.0,3,10,4
8eef2fb9-8fd8-41aa-b3ee-2f669136f445,272.07,1,Food,sbp,30.0,23,10,0
8f016abc-4895-457b-b1a4-3b708ed9f9d6,158.71,1,Laptops,mir_pay,274.0,1,7,3
8f0d87d9-1120-4e52-80fe-53cede2c6280,87.29,1,Software,sbp,104.0,2,9,2
8f11d4c9-4eed-4898-9456-a20eb39597da,389.85,1,Tablets,sber_pay,33.0,7,10,0
8f152643-f601-4c6c-a99b-4f5edeca6dc2,490.4,2,Shoes,bank_card,4.0,4,10,0
8f1c36ba-05e3-4e32-8d82-acd4637dd1ce,71.99,1,Furniture,bank_card,4.0,2,10,0
8f232c94-0bfd-4b4e-a653-8fad6d7ff704,56.08,1,Shoes,bank_card,111.0,1,9,0
8f2426c8-d07e-4e16-963d-a4c1e2da628a,178.18,1,Furniture,bank_card,256.0,5,10,1
8f33eeb8-9c1e-4778-b60e-76c09fb4cd40,401.28,3,Books,mir_pay,170.0,3,10,0
8f3424d9-b71d-4c8c-88cf-eae0c80c9016,197.79,1,Food,bank_card,39.0,5,10,0
8f37c620-6cfc-4d12-b216-7475551254d2,411.26,2,Garden,sber_pay,160.0,3,10,2
8f3d03ad-234e-42b4-8220-336714b5e175,33.04,2,Laptops,sbp,37.0,3,10,0
8f3ec9e4-71ca-4e26-bcdf-2c7a5d02b9ac,167.72,1,Laptops,tinkoff_pay,239.0,4,10,3
8f455dee-0ff9-496f-a502-0fa23634957e,172.25,1,Software,sber_pay,13.0,3,11,0
8f47e043-a822-494f-ac69-c5384b775367,822.14,3,Smartphones,bank_card,0.0,2,10,0
8f494e48-8209-4e8d-bb4c-65cc00cd7fd2,411.75,1,Automotive,sbp,37.0,18,10,0
8f5727e7-60b8-4a02-bd79-58e556c0ae47,1056.33,1,Sports,bank_card,30.0,13,10,1
8f645842-894b-4643-8385-b22e7d1463d9,324.04,2,Tablets,bank_card,122.0,2,10,3
8f6b6cb1-c612-428f-af96-58536fbf8156,380.56,1,Sports,bank_card,149.0,2,10,2
8f79dba4-436e-4ee6-8b01-94a0f531c3e5,5010.96,4,Toys,cash_on_delivery,259.0,2,10,5
8f8eec1d-033a-477a-8cd8-99aaa8b687dc,244.4,4,Other,sbp,179.0,1,8,3
8f94a5cf-d67f-4727-8b3a-1657fbe3e934,259.67,1,Software,sbp,51.0,4,10,0
8f981611-7e8c-4ad9-92b1-642dfcc953b5,249.54,1,Health,bank_card,167.0,3,10,1
8f9b86bd-5e56-4008-a90a-bd7f99c27f67,88.63,1,Shoes,sbp,105.0,5,10,2
8f9e2b9d-7676-4e5b-b928-871c26792b85,71.25,1,Software,bank_card,35.0,14,11,1
8fa45d6e-ea3b-40f0-ad48-10bc098d5c37,126.82,1,Travel,sber_pay,143.0,4,10,0
8fa8f651-f5f3-43a5-bc4d-8258b51d3da9,389.85,1,Tablets,sber_pay,17.0,2,9,0
8fa95520-4511-443e-a1c9-af2c950b14c7,355.0,4,Tablets,sber_pay,119.0,7,10,2
8fb2a27b-aa0e-40d1-a552-756235d1bdb6,786.22,1,Software,sbp,151.0,2,9,1
8fc27783-1719-43f5-9ee7-8058683ff091,178.09,1,Toys,bank_card,178.0,6,10,3
8fc4bcfe-f761-4fed-8fb4-a67620b05c3b,240.12,3,Garden,sbp,0.0,4,10,0
8fcffafc-4fdf-4f6c-bc34-71314934d262,46.83,1,Photography,tinkoff_pay,245.0,3,10,2
8fe1a2c7-4a24-4626-a9b6-ec1f60a9a7c8,85.45,1,Toys,bank_card,17.0,18,11,0
8fe6c7fd-ff3a-4552-a653-005a3ac1b351,85.53,1,Food,sbp,23.0,15,10,0
8feb6c72-0735-4c4c-bcad-364a617fc364,288.68,1,Outdoor,sbp,7.0,9,10,0
8fed4d27-ae02-453e-b49c-4bfd15f53845,280.81,1,Furniture,bank_card,71.0,3,10,3
90039d60-fda8-4153-8259-2288e97eb71c,209.54,1,Beverages,tinkoff_pay,52.0,1,6,1
9004a861-fda9-4629-bb0c-89b87d8d841b,170.59,1,Toys,sbp,11.0,14,10,0
901d70d4-0a9b-4d03-bdbc-61ce29b14cae,82.36,1,Music,sbp,26.0,11,10,2
901dcaee-271e-4e08-8481-25fc14b435ac,410.46,2,Garden,sber_pay,32.0,7,10,0
902f3ecb-e6b9-486b-b5ee-02dfe0e52f77,155.06,1,Kitchen,mir_pay,187.0,3,10,0
90327e56-4a17-4ef8-b7a6-cef6f7fe55f9,166.79,1,Accessories,sber_pay,149.0,7,10,3
903cc916-44b5-47c2-9032-69abd9dad7c2,90.03,1,Furniture,bank_card,108.0,6,10,3
903f749d-db9c-417c-a8cf-d43430c00ade,68.8,2,Smartphones,bank_card,137.0,13,10,1
90414e47-b9d1-45f7-94e9-f5907d1028f8,28.73,1,Beverages,bank_card,141.0,4,10,2
90449998-2c86-444f-90ef-047dd71fb0fd,64.74,2,Automotive,mir_pay,118.0,2,10,1
904551cc-0987-4120-9a03-098dde37dc9f,416.33,1,Beauty,sbp,106.0,7,11,2
9053175c-b0a2-455e-9407-7c3c0f5739c0,273.04,1,Photography,bank_card,108.0,2,10,2
9054adcd-5d0d-4b86-8a8c-133dd475316d,49.64,1,Office,bank_card,19.0,9,10,2
9064415e-87d2-4e26-be5b-c0d5e4eaf0dd,723.09,3,Headphones,sber_pay,101.0,10,10,1
90692c13-75c5-4959-8006-987fdccd33d2,326.72,2,Office,sbp,65.0,7,10,0
906a1cd6-2e9f-4d4f-9a34-ca2c477496cb,44.32,1,Sports,bank_card,27.0,5,10,1
9074e370-2f20-4c5a-821f-ce7506dd7358,104.42,1,Automotive,bank_card,26.0,5,10,0
907bd6b3-3fbe-4e6d-b3df-3e6dde24658c,20.36,1,Health,bank_card,192.0,2,10,1
90859962-2fe2-4699-b3ae-a547f938a225,95.19,1,Shoes,bank_card,223.0,4,10,2
908eec1e-d1f8-4fda-a6ac-9b392fd8dec5,89.04,1,Jewelry,bank_card,1.0,9,10,0
9090f619-4e9a-4e1c-9a6f-bd0d384fb86e,89.24,2,Laptops,bank_card,79.0,4,10,0
90911b0f-4ff6-45d5-91c5-cb8ec109692a,572.3,2,Electronics,bank_card,212.0,4,10,2
9099c188-bdf1-4bd0-b5e5-1a49b40504be,443.09,1,Tablets,bank_card,4.0,13,10,0
90a22a5b-8a9c-4e92-bec0-b56e348a071a,1073.03,3,Automotive,sbp,44.0,9,10,1
90a95673-85ba-44a9-8912-7c7eec7891d5,181.8,1,Other,bank_card,27.0,14,10,2
90acdbba-642b-4df2-b419-a3fcb83989f2,174.26,2,Toys,bank_card,75.0,6,10,0
90b5eba6-1d03-4332-a2ba-63df4ba25740,39.08,1,Smartphones,sbp,242.0,2,10,6
90b76692-5af1-4f85-83b1-dbe9c3c33cf9,36.94,1,Health,bank_card,132.0,5,10,2
90ba71cf-b187-44af-ab3d-83d182a4bf2b,97.4,1,Garden,bank_card,25.0,9,10,0
90bd96d1-f6c0-4c3c-8763-849418fb9eb5,168.14,1,Accessories,mir_pay,190.0,4,10,5
90c03402-bdf9-4cfd-b5ab-239a68b56c65,276.72,1,Office,sbp,5.0,1,6,0
90c03cd7-3e1b-44c0-907d-be7c7cd0b724,240.36,2,Headphones,bank_transfer,45.0,14,10,2
90c4ac55-2379-41b6-b855-fe0c83afea40,134.43,1,Furniture,sber_pay,213.0,3,10,4
90d11ea6-0450-45f5-9797-343e4b3c4001,238.1,1,Garden,bank_card,177.0,1,8,4
90d4d274-9644-410c-9b72-285eebd5b2f6,127.4,1,Health,sber_pay,133.0,1,7,1
90ec0598-429e-45f6-a798-7b937f76c705,455.03,1,Beauty,bank_card,19.0,5,10,1
90ec3a4a-57a4-4069-8a54-67222361fdd6,72.83,1,Home,bank_card,6.0,7,10,0
90efd2b9-8eda-4be8-b590-2d7f449be7e0,27.57,1,Photography,bank_card,245.0,3,10,3
90f0fd7d-a9cf-4c84-8521-b21e7f9f82a0,36.88,1,Kitchen,tinkoff_pay,93.0,7,10,0
90f60c0a-23ae-41df-b79f-056be5ce004a,16.52,1,Laptops,bank_card,34.0,2,9,0
91027adc-489e-4314-bf3a-066b60084c34,92.12,2,Travel,mir_pay,8.0,6,10,0
910b497a-afef-4f9c-8485-4360fd510a24,290.78,2,Photography,sber_pay,84.0,1,7,0
911da617-7eb7-4fa4-895b-4ac88cb7d213,279.87,3,Photography,bank_card,258.0,3,10,4
911fbd61-61c8-4432-8be9-d85506e715d0,387.44,1,Pet Supplies,bank_card,185.0,2,10,4
91210b04-67c4-4d26-b08b-88a748974d36,49.94,2,Garden,sbp,4.0,1,8,0
912b40ca-5cbe-45d4-ba62-7975af94c493,282.55,1,Sports,bank_card,43.0,5,10,1
91396967-55e7-450b-9e0d-987aa3850eda,240.7,2,Beverages,yandex_pay,20.0,3,10,0
9152bef2-132a-452d-b736-0f6bb5d2e3bd,184.38,2,Pet Supplies,bank_card,24.0,20,11,0
915627a2-5128-4558-979b-b5bf41fbfe52,439.4,2,Pet Supplies,sber_pay,35.0,7,10,0
91570a93-145d-4dab-bfc4-dcf34e63735d,129.9,2,Headphones,tinkoff_pay,94.0,2,10,0
916ffc41-c4ca-4ad4-86b6-323a51e7ec16,105.56,1,Beverages,bank_card,43.0,8,10,2
917786d2-b140-44f7-851d-48ca274916f7,39.24,1,Pet Supplies,bank_card,23.0,11,10,0
91818cc3-a5d7-42d6-8f82-98755772f43e,45.49,1,Outdoor,sbp,1.0,1,8,0
9188b495-f78c-4658-803e-e899d515b086,208.52,1,Office,bank_card,92.0,9,10,1
9189d60b-2fe3-4c2d-870d-a0fd504072de,123.86,1,Shoes,sber_pay,226.0,4,10,4
919114b8-4d0b-4ae8-8568-3b2a7cc6d662,777.75,1,Jewelry,bank_card,119.0,4,10,2
91ae25e5-bc06-482d-b70d-cdf4c06bd57d,82.27,1,Food,sbp,68.0,8,10,2
91c4c1e2-4cea-4313-b39f-6eb0da08a2d9,404.04,3,Gaming,mir_pay,153.0,2,10,3
91c6e16b-d802-455a-bb6a-2a9bc957ef31,5174.79,3,Food,bank_card,42.0,7,10,0
91db22f9-a657-4b2e-ac94-abe959504fef,157.45,1,Jewelry,bank_card,130.0,3,10,2
91e20191-ba7b-4e8a-8733-0813743d9aef,475.95,3,Gaming,sbp,311.0,2,9,0
91e66d70-1d0c-47aa-8ca6-3e1a0b8b1e7b,76.82,1,Travel,sbp,93.0,2,10,2
91f145a5-10e1-4df5-b211-68edd7a92b5e,201.81,1,Gaming,bank_card,10.0,3,10,0
9200f19a-db86-4b2c-8df2-d8e3a6663420,1262.52,3,Smartphones,bank_card,25.0,3,10,1
92194c82-e04f-4732-a54f-e2ec03462087,228.48,1,Garden,bank_card,199.0,1,7,2
922352c6-9f19-4c7c-bac2-d44e808dc421,84.02,1,Shoes,sbp,39.0,10,11,1
92300233-520e-487b-9bf4-deeb8cb3d3c0,92.33,1,Music,sbp,116.0,1,9,1
92336bf0-f341-45d8-8fe5-e58e25ec982f,375.9,2,Shoes,bank_card,52.0,8,11,2
924910b5-14f6-4704-83eb-a0b544c0fc9a,62.66,2,Electronics,bank_card,188.0,4,10,5
925afec8-f2a2-47bd-8a62-e32de7cde6c6,337.12,1,Jewelry,bank_card,46.0,2,10,1
92603ab1-e4d4-42d7-9e44-9f8e477f1436,122.11,1,Automotive,sbp,94.0,1,8,1
9266e924-8ae1-4548-8cf4-218fbbefd697,83.57,1,Furniture,bank_card,40.0,4,10,0
9266ed0a-a58a-4be7-9c35-450a1231491e,553.44,2,Office,mir_pay,5.0,1,8,0
9268e149-4ad9-43f0-a952-274877fc6c29,548.49,2,Outdoor,sber_pay,223.0,5,10,2
926b1d3a-4f31-49ea-b98f-d99e28022adf,89.26,2,Photography,bank_card,99.0,3,10,2
927254b3-3b1a-463f-9417-71edf152c2df,412.43,1,Software,sbp,28.0,2,10,1
927612b7-4ecd-4158-acbd-8a5d07b9f01e,38.33,1,Garden,bank_card,80.0,4,10,1
9278c131-7524-4253-a0d2-b80c19f81cf3,132.62,1,Gaming,tinkoff_pay,141.0,5,10,3
929b6e3a-6b62-47b9-96a8-f5b12ae2b8de,271.8,1,Sports,bank_card,147.0,1,7,2
92a6380c-cf6a-42ae-ae6c-1760ad892cd6,93.06,1,Books,bank_card,200.0,2,11,3
92ab8474-4a7f-4dd7-9450-f85c7d332ebc,48.16,1,Furniture,bank_card,198.0,4,10,3
92b66e9c-1ca7-426a-b435-7c30435add70,60.63,2,Beverages,bank_card,144.0,3,10,3
92b7a767-d78d-4ccd-8802-58e230ab488a,278.98,1,Beverages,mir_pay,341.0,6,10,1
92bfe70a-0d51-427c-9447-ab961e634d8d,1814.86,1,Garden,sber_pay,23.0,2,11,1
92d0b4ee-6748-43d3-94b0-328bf8e4d4dd,124.29,1,Home,bank_card,13.0,2,10,0
92d1237b-ac62-4e59-897e-c1579867fb06,155.07,1,Photography,bank_transfer,2.0,4,10,0
92dbfc54-872d-496e-a8b2-2b9b9adaf355,200.96,1,Shoes,bank_card,58.0,2,9,1
92dc6048-c9a7-47f9-8799-a074645265d7,210.84,1,Shoes,bank_card,11.0,13,10,0
92e19939-fff3-46eb-9a34-8edec92b5814,318.96,1,Other,bank_card,33.0,4,10,2
92e34660-4ea7-49b0-9161-5601c290d61f,249.54,3,Books,bank_card,40.0,6,10,0
92e96827-6337-4401-9803-1b536c87b2c5,46.98,1,Photography,sber_pay,73.0,2,10,3
92ef8281-f301-451e-ab18-d8b46b2a877f,108.11,1,Food,bank_card,55.0,15,10,1
92f26747-9210-48c0-9a02-6724a227547e,2005.34,1,Outdoor,sbp,103.0,4,10,0
92f9a07d-193e-4a85-a568-9d4501624d21,88.63,1,Shoes,bank_card,91.0,5,10,0
9301ebff-ffc8-4bf2-9268-b94e9fa68c55,87.79,1,Headphones,sbp,8.0,7,10,0
931f562e-8224-4223-bdad-65a8f1538f46,178.6,1,Tablets,bank_card,277.0,3,10,3
9326d646-acc4-4e85-a57d-8c0ead17fd44,541.53,1,Sports,sbp,12.0,19,11,0
9329fa0d-b5b2-4dcd-b1dc-843989b0febf,71.29,1,Beverages,bank_card,22.0,3,10,1
93309236-d363-46a5-a6fd-6208ed494084,176.85,3,Books,yandex_pay,52.0,2,10,1
93387799-c19b-4369-af88-fa07afb09596,286.53,1,Accessories,sbp,8.0,1,8,0
933e17aa-6562-4171-b29c-7f507a05a765,90.41,1,Garden,bank_card,86.0,10,10,1
9343c10d-302b-4178-9fa1-f3d4f5fa185c,284.94,2,Toys,bank_card,249.0,2,9,2
934a94a7-acbd-44c5-976f-56bb96df1ac1,120.47,3,Laptops,sbp,117.0,4,10,1
935a18dc-c4b3-4b05-8a93-26e61a9dfa1e,323.62,2,Toys,sbp,117.0,2,10,3
935bf456-9a89-4532-aa8e-7dc9640afab1,15.82,1,Software,sbp,29.0,5,10,0
93600964-fb5f-4df5-9aa4-bbcac2af7809,40.15,1,Accessories,yandex_pay,58.0,6,10,2
936ec74f-8ef8-45fc-b207-c5792403f9f4,141.72,1,Sports,tinkoff_pay,63.0,4,10,1
9379d808-25a0-452a-a969-82bd3103a41c,86.77,1,Shoes,bank_card,0.0,1,9,0
937e1a77-001b-423b-9311-9058a99a18be,70.08,1,Furniture,bank_card,1.0,1,9,0
9380cf2c-86b4-4ad0-af99-feeb7a4de70a,408.41,1,Food,sber_pay,81.0,1,8,1
93846036-4f67-4f1f-89cd-69a068419d34,1242.72,1,Pet Supplies,tinkoff_pay,89.0,4,10,2
938d74bc-e5a0-48bd-b837-de1ec96ade70,1011.24,1,Office,bank_card,123.0,3,10,2
9391eda6-e157-4cf7-87d4-19cc9f9bec25,115.77,1,Home,tinkoff_pay,15.0,3,11,1
9392a2d9-55a1-48a8-97c4-1ed51f840574,324.46,1,Home,bank_card,241.0,4,10,2
9393e6cb-a085-4a63-a2df-12c48962258c,77.39,1,Home,tinkoff_pay,34.0,6,10,0
939b0f03-49ea-4917-a4c2-c9a9e083c153,455.55,3,Office,bank_card,85.0,1,7,2
93a873d1-e790-438f-8c5c-6ddca8988db1,92.53,1,Garden,bank_card,31.0,2,10,0
93a928e8-8e1d-4ee6-81ee-0b0ef5ad0c39,131.13,1,Accessories,tinkoff_pay,84.0,3,10,0
93a99d9c-df15-4006-995f-9ba4e2a1131a,104.54,2,Clothing,bank_card,133.0,3,10,2
93ab88a0-6083-465d-abf4-e9244abb69fb,2028.0,1,Other,bank_card,19.0,10,11,0
93b0f548-6747-4a8d-a345-81f80b32c9d1,31.02,1,Furniture,bank_card,97.0,3,10,0
93b4fdb6-a44e-4e6b-8aaa-62a935771057,432.9,2,Garden,sbp,70.0,8,10,1
93bbc1a7-6f7c-4a25-9f7d-94af58a42fa1,54.55,1,Jewelry,sber_pay,96.0,7,10,2
93c131cd-accd-4c7a-a2d0-3b260e4b4119,108.43,1,Sports,bank_card,159.0,7,10,4
93cf615f-e2fd-49b7-bd40-8b12bd10290c,43.41,1,Laptops,bank_card,39.0,5,10,0
93d28725-01f9-4d25-9f5c-e173374e3302,124.51,1,Health,tinkoff_pay,5.0,11,10,0
93db7722-9aa5-4ac8-9765-c9b71359c6d3,81.4,1,Office,bank_card,0.0,10,10,0
93dd58e3-81b4-48d5-8769-26eb26029038,199.16,2,Electronics,bank_card,143.0,4,10,4
93e06c89-8f89-4600-b92b-6c1ac2e12726,223.36,1,Beverages,sbp,0.0,1,7,0
93e6b64e-ccff-4b84-8f72-2562974fbcea,288.12,2,Gaming,bank_card,154.0,6,10,1
93e7dbad-7a88-4bc7-8ed5-c89fc82e5a44,106.93,1,Automotive,sbp,138.0,7,10,2
93eaf873-e6a3-456c-9b8f-fbaf3787f0f4,44.62,1,Smartphones,sbp,216.0,4,10,2
93fffefe-6921-4315-a8e1-597e9a1a010f,22.83,1,Toys,sbp,15.0,13,10,0
94010e70-cf08-4ac1-9cba-e0916279083e,144.21,1,Outdoor,tinkoff_pay,103.0,4,10,1
940237bd-fa98-42ce-b88d-8d7831dd392f,16.51,1,Electronics,bank_card,52.0,7,10,1
9406bf9c-076c-4f40-a212-6472dcf21817,814.02,2,Books,bank_transfer,120.0,2,10,1
94079608-576d-4b58-a047-082ff9b8ff6d,38.82,1,Kitchen,mir_pay,8.0,2,8,0
940d9217-e937-43ee-b4e2-26997f26372c,2927.35,1,Beauty,mir_pay,22.0,21,10,0
9427417a-9721-4578-835a-3ba91731bf88,164.52,1,Music,cash_on_delivery,105.0,2,10,1
9428db51-c6e8-458b-bcc7-26a2c12de771,246.89,4,Smartphones,bank_card,158.0,1,7,1
943b4394-ae4f-4e8f-901a-a19dc01f6fe6,54.5,1,Outdoor,bank_card,25.0,10,10,0
944e954a-3dd6-4b21-81de-d36de6e3b30e,91.11,1,Music,sbp,27.0,20,10,1
944e9c4b-d5b1-422e-9de8-a42b8c6fb251,118.93,1,Sports,bank_card,47.0,10,10,1
945093bf-0f7a-4700-93d2-6d959906c69f,80.65,1,Gaming,bank_card,263.0,2,9,2
9455aec7-a5af-4625-a03e-202d100e3787,280.81,1,Furniture,bank_card,136.0,3,10,2
9457373d-4729-40b7-8dab-137af7c2a485,57.69,1,Tablets,sber_pay,7.0,7,10,0
94594ec6-afeb-4b33-8a9b-d6c834ff68c7,268.86,2,Furniture,sbp,22.0,4,10,0
9459dde1-3851-41fc-8da9-5609b3cf450b,32.68,1,Smartphones,bank_transfer,52.0,11,10,0
94777bf7-9f7a-46c4-9942-7a335af1c22c,357.06,2,Travel,sber_pay,121.0,5,10,1
947876c4-d5e4-48f7-bbdc-4d5c774e2beb,162.85,1,Music,sbp,25.0,1,7,3
947f4ed6-5af4-4f75-b7c0-d851c67a89c9,373.57,1,Music,sbp,9.0,13,10,0
9482e462-1426-4c59-a4b0-a10aba4474db,6.65,1,Gaming,mir_pay,81.0,8,10,1
94898219-e874-4ca0-99ac-98ed8ef03be6,201.35,1,Gaming,bank_card,0.0,1,9,0
9496174c-a3a1-46a9-a4e8-e49b81881907,82.29,1,Gaming,cash_on_delivery,19.0,7,10,2
94a25dc1-10ff-479b-b06f-12dcec84cec0,245.7,1,Headphones,bank_card,3.0,7,10,0
94ab4832-7b62-46af-9170-66df0ce379d7,223.77,1,Jewelry,sber_pay,66.0,4,11,1
94b49e46-a2dc-4a69-bbf5-446b1845c432,1494.7,1,Sports,sbp,262.0,2,10,2
94bb5dd6-9f89-4385-812b-00566343a607,285.31,1,Pet Supplies,bank_card,40.0,5,10,0
94bc75d8-6a52-416e-974d-cdd9941f959d,324.46,1,Home,cash_on_delivery,5.0,13,10,0
94ce5d7f-c9ad-4808-af08-c4e84f56662b,177.4,2,Electronics,sbp,219.0,6,10,1
94d1fd85-d22c-4260-8f5f-c2bd955b2390,7.42,1,Music,bank_card,233.0,3,10,2
94dc448d-e075-42cb-aa9e-4810d28decff,274.36,2,Furniture,bank_card,111.0,5,10,0
94f12d6b-04b0-47e8-b03a-4f105be85630,292.2,2,Sports,sber_pay,33.0,4,10,1
95118ab2-a9f4-4fea-8de0-1d559e99828e,70.8,1,Food,bank_card,32.0,2,9,0
953e4a12-6c85-4611-a184-472878865bf6,31.06,2,Health,bank_card,293.0,5,10,2
953ea50f-8a86-4ff0-8eb6-a2572694c44f,87.9,3,Furniture,bank_card,46.0,9,10,0
9541e691-e6b2-4b14-bf22-6918f36be1b5,25.56,1,Beauty,sbp,96.0,3,10,2
95450e0f-0fde-47d7-a9d4-1a2fa01aa53b,340.45,1,Sports,sbp,97.0,2,10,2
954c25f2-46ea-4b11-9a84-bc3a5a8595f2,89.53,1,Gaming,bank_card,129.0,5,11,2
954f2d3c-a1f7-48ea-a61d-9ff05eced619,563.06,2,Home,bank_card,158.0,1,9,2
956615e6-40a0-4b92-826e-88d2230e3db8,206.49,1,Health,bank_card,85.0,6,10,2
95677040-528e-4239-be6c-3ee0039ccfa9,2651.34,2,Clothing,sbp,215.0,1,8,2
956f88b2-b66f-48f7-8d8e-9514c961ba1d,90.8,1,Pet Supplies,mir_pay,250.0,4,10,3
9577b9f7-06d2-42b4-9d51-67806e847ece,12.37,1,Food,bank_card,17.0,7,10,0
958e2346-e59f-40db-8cb7-7ebf5d698c18,49.02,1,Headphones,bank_card,47.0,11,10,0
95906553-b843-44bf-a670-b9467efbf0b8,179.9,1,Beauty,tinkoff_pay,274.0,4,10,1
9592de68-3a56-48c6-a89b-7b4509d9c7d8,237.78,1,Office,yandex_pay,19.0,11,11,2
95957af0-cad3-43b2-843f-a319330554c4,67.4,1,Other,sber_pay,0.0,1,8,0
9596f1e2-2a8c-4b07-a706-e458b5bce193,128.26,1,Health,yandex_pay,29.0,4,10,0
959aff1c-b865-4a6c-8517-2703b028ca1e,39.42,1,Photography,bank_card,66.0,6,10,0
959b46bd-7ce9-42de-96f0-fccfb0ecc006,68.48,1,Music,mir_pay,18.0,4,10,1
95a201d8-4136-40d6-bc10-924e19f4d6c6,298.86,1,Music,sber_pay,33.0,7,10,0
95a46936-f6fd-4912-8152-89c9e6338663,67.03,1,Shoes,mir_pay,7.0,3,10,1
95a5998f-c7e8-4f26-b91c-92d4f35caedd,21.18,1,Accessories,sber_pay,1.0,12,11,0
95adac98-74ee-46d2-8237-00ba8fa464b5,410.46,2,Garden,bank_card,74.0,3,10,1
95b9a571-ca86-46d2-b7ff-7da4155f9b19,282.55,1,Sports,bank_card,12.0,7,10,0
95bbba40-cdda-48a0-88ea-77a51366b910,31.28,1,Gaming,sbp,2.0,1,7,0
95bf2b7a-14be-40d9-8947-7f4686f817d1,24.08,1,Outdoor,bank_card,307.0,3,10,2
95c1ec98-8fd7-4667-ba5a-eefa3602bfa9,115.97,1,Gaming,bank_transfer,33.0,20,10,0
95c80cad-b3f7-46c6-918f-ebac747f05c9,351.78,1,Furniture,bank_card,51.0,2,10,0
95d909ed-7c5a-4bed-a174-7d50b0e4d11e,68.8,2,Smartphones,bank_card,176.0,4,10,3
95e667e9-6bf9-416c-8519-0764aaa68c97,520.77,1,Outdoor,bank_card,82.0,2,10,2
95ede18a-5ea8-44da-886b-ef9faeefcf09,196.38,2,Shoes,bank_card,171.0,4,10,3
95f38efc-f408-478a-b78d-79a2d071394f,63.03,1,Accessories,sbp,102.0,3,10,2
95f41a44-a9aa-45e5-8931-0bba845770c3,242.3,2,Travel,bank_card,257.0,1,7,1
95f95f0d-bc78-4b6e-bf14-74742a4bbdd8,138.13,1,Beauty,bank_transfer,3.0,3,10,0
96069b67-9eb5-4158-985f-143fd99cdd68,650.81,1,Garden,bank_card,265.0,4,10,3
9608b4b0-f7e9-4baa-ba2b-59ce419421ca,36.88,1,Kitchen,sbp,45.0,11,10,1
9610409c-87da-433a-9945-2b45b460ace4,1912.29,1,Office,tinkoff_pay,118.0,3,10,4
961b1343-c765-424c-b56f-e2fdf27382ea,87.89,1,Health,yandex_pay,9.0,27,11,0
961f6c5a-446f-4692-85e5-eed275268998,211.27,1,Garden,bank_card,95.0,3,10,0
96272c8f-1b81-4324-ae4c-821128b1073b,336.34,1,Beverages,sber_pay,77.0,6,10,0
9627e3b4-1761-4679-bb4e-9c660291d73c,121.84,1,Software,bank_card,7.0,34,11,0
962cb98a-dd58-441d-af34-2842523e3ed2,147.69,1,Photography,tinkoff_pay,148.0,1,8,1
9631e108-b1e8-4321-838c-2391c9aaf898,40.78,1,Smartphones,bank_card,21.0,2,10,0
963a3cba-9eb5-4d77-9ce8-76a1c9979dfd,173.5,1,Toys,bank_card,145.0,5,10,4
963eb0fc-ead8-410c-9b04-d327b5e3e618,80.79,1,Headphones,bank_card,26.0,12,10,2
9642ac9a-8d30-4c13-98bd-7fad72f1b2d5,186.74,2,Health,bank_card,35.0,12,10,0
9643ba82-8f67-460e-b4f1-566e21866505,573.3,1,Shoes,bank_transfer,77.0,9,10,1
964c6045-1680-4d33-ac7d-b6b641633698,162.02,1,Tablets,sbp,155.0,4,10,5
9650caaf-a75b-44e9-b6de-82c190c2c595,176.54,1,Other,sbp,102.0,6,10,3
965d26b4-a256-41e8-b038-ec9adf1295c3,51.79,2,Automotive,sbp,31.0,5,10,1
9666a832-09c5-4fd3-bacf-877aa2aea13d,65.83,1,Gaming,bank_card,122.0,4,10,1
968b2038-0074-4b2e-971d-4b61862a6d91,202.32,1,Music,bank_card,34.0,10,10,0
969e3028-2af0-4ea4-95a5-ef6132743671,90.8,2,Laptops,bank_card,17.0,17,11,0
96bbc017-15da-478a-b65a-6f6319ceab67,52.32,1,Other,tinkoff_pay,39.0,10,10,0
96ca49fd-760c-4c61-b44c-ecac738563ec,37.49,1,Garden,tinkoff_pay,137.0,2,10,1
96d73b2b-feee-4535-9229-408835eafc3c,196.94,1,Outdoor,tinkoff_pay,175.0,1,9,0
96d764c1-8ccd-48be-abd6-69ccde943256,25.56,1,Beauty,bank_card,81.0,3,10,0
96da7618-256d-49e5-ba39-275abcafe23c,373.62,1,Sports,bank_card,37.0,19,11,1
96ef3b2a-2671-4134-bf9e-f8300aebb72e,167.79,1,Headphones,sbp,32.0,11,10,0
96f7acfa-e244-4793-b740-51a69226adad,126.82,1,Travel,yandex_pay,46.0,7,10,0
96fa381b-154a-4810-918c-073ca569bc9b,185.14,1,Toys,bank_card,2.0,3,10,0
96faf02e-cc85-492d-b9cd-491c79302267,528.58,1,Beauty,bank_card,77.0,3,10,0
96fe1e08-3e29-4648-a506-4829c789c2ad,45.54,1,Clothing,mir_pay,125.0,3,11,0
96fede96-9eb0-494a-b32c-b500afc29a7c,515.13,1,Outdoor,bank_card,45.0,13,10,0
970e1822-e99f-4643-894d-5ee7fa290c29,63.91,1,Beverages,bank_card,62.0,13,10,2
9719fde9-d3fe-4e26-ab27-c9636959bb25,236.3,1,Travel,sbp,110.0,3,10,1
9731028b-dbc1-4cd5-87ad-01546387cc2a,243.32,4,Beverages,sber_pay,84.0,3,10,1
97332364-1fe3-407b-9d60-67fb0838f819,63.46,2,Accessories,bank_card,106.0,4,10,0
9734643b-c91e-4a11-be5e-8efbbef0ee0d,367.5,3,Outdoor,tinkoff_pay,14.0,2,10,0
9743d98e-0593-489d-866b-ca52e207efe5,186.58,2,Photography,bank_card,34.0,12,10,1
974d116b-74a2-4c2e-9da9-c9462d72fb37,128.27,1,Shoes,mir_pay,236.0,4,10,1
9761f7a8-e1d5-4f93-93c8-1ea6b546c59f,181.1,1,Photography,sber_pay,82.0,7,10,2
97633ac0-1b52-4de5-aa9e-1a867b3e880e,120.84,1,Music,bank_card,57.0,9,10,2
9773eaf1-fe11-40f6-99b1-e7451248f93f,467.6,1,Smartphones,bank_card,80.0,5,11,0
978c70ad-27d4-40a9-a0fa-b924e920bd37,53.69,1,Laptops,yandex_pay,220.0,3,10,2
978e3fb0-19eb-4bae-82b3-93ecb34dd486,788.88,2,Automotive,bank_card,20.0,5,10,0
9791852c-73d2-46d8-a639-92b65a63f4d5,164.54,2,Beverages,bank_card,35.0,6,10,0
9791b0c8-1b10-4d2b-96f3-63660b2b4081,210.9,3,Home,bank_card,88.0,5,10,0
9797b998-51e3-4d67-8f36-12337542191d,639.35,1,Clothing,bank_card,29.0,4,11,0
9799078b-8d0d-450d-a90c-7426d3dc164e,114.0,1,Home,bank_card,152.0,3,10,3
97b13340-0ab0-4ab9-bacb-e15dc2b401a0,64.95,1,Headphones,bank_card,136.0,4,10,2
97bc0a80-9655-43a6-a093-3817d059743d,77.85,1,Pet Supplies,bank_card,38.0,8,10,0
97cbce85-028e-4ad0-91ea-b2c36a8bbb7c,79.86,2,Beverages,bank_card,33.0,5,11,0
97d8c7b3-18a5-48b5-bf7f-7bd6b8bad93a,92.38,1,Headphones,yandex_pay,56.0,3,10,2
97da4708-c617-4b63-a72d-3d7f2eadd5a8,236.3,2,Photography,sbp,46.0,8,10,0
97dbbeb2-a961-40f5-93fe-ecfdb21f35d9,313.4,2,Health,sber_pay,25.0,25,10,0
97de9193-9a3e-4717-8f89-31ff1e6b5843,232.1,1,Accessories,sbp,99.0,2,10,1
97e13f42-4002-4168-8959-8b7b4fba05d6,50.3,3,Food,bank_card,45.0,6,10,1
97f17567-6fe4-491c-889a-e228854e8c56,109.36,4,Pet Supplies,bank_transfer,41.0,7,10,0
97f8ebac-9745-434c-972c-60224a43efe9,241.09,1,Jewelry,sbp,9.0,5,10,0
97ff220e-a3d6-4730-84f9-f94dbf0afc52,277.02,2,Tablets,bank_card,144.0,3,10,2
980633d6-5635-428b-962b-eb1970966909,31.06,1,Other,bank_card,18.0,3,9,0
9810511c-ed4a-4a12-a744-8d968a04fb2f,78.24,1,Music,mir_pay,10.0,9,10,0
9810d8e6-c22a-42ce-a232-3a86b2de050e,238.08,1,Smartphones,sber_pay,275.0,6,10,3
981bf07f-6102-47b6-af60-e52669b55687,122.11,1,Automotive,bank_card,25.0,7,10,0
982a6779-9027-453d-9824-acc9ba10e57d,137.82,1,Pet Supplies,sbp,212.0,5,10,1
9837b89c-d667-4dcd-888f-b5b2430dd88e,119.94,1,Travel,yandex_pay,8.0,1,8,0
98413d02-3ead-45ee-be04-336c179b6855,639.35,1,Clothing,sber_pay,334.0,5,10,7
986026be-dc69-4084-bc64-de430548dc0d,130.34,1,Smartphones,sbp,3.0,3,10,0
9865167a-6bb9-44ff-976d-d7a356ce574e,337.12,1,Jewelry,bank_card,222.0,2,8,1
98680d48-c668-461f-8a03-2142dc7c5f53,70.7,1,Beverages,tinkoff_pay,44.0,12,10,1
98765ec1-324d-4a71-8490-d69eac7aff81,180.44,1,Home,bank_transfer,51.0,8,10,0
9881bccc-ceec-428b-9d8e-05b7dcbe245b,1589.68,4,Automotive,cash_on_delivery,23.0,15,10,1
98822c92-1d3c-4866-870d-e931dcf334e9,379.94,2,Jewelry,sbp,13.0,7,10,0
9882db60-114d-4a85-9831-5dba8bd670b0,86.31,1,Kitchen,bank_card,53.0,8,10,1
9887d037-1c71-4bfb-8e1e-9191531eb16e,129.41,1,Food,yandex_pay,149.0,3,10,1
988bcab9-961f-4e88-8bd5-49c4a9637305,1108.04,2,Shoes,bank_card,46.0,13,10,1
988c9260-4584-4c22-81de-965c6ae1c824,71.25,1,Software,sber_pay,4.0,1,9,0
98a89fe9-63d2-4467-a673-f9e681a7a01c,112.49,1,Travel,bank_card,141.0,4,10,2
98c59be5-b0c0-4f18-af0b-3f73c6f4208a,54.66,1,Furniture,mir_pay,16.0,1,7,0
98c69118-b2c9-4ffb-907f-6dee1da9cb65,270.3,1,Pet Supplies,sbp,12.0,2,10,0
98d125ae-142e-44ca-bd6d-00f063780756,17.31,1,Furniture,tinkoff_pay,21.0,13,10,0
98d43368-9fdf-47be-afed-4695ceafc579,342.4,2,Beauty,tinkoff_pay,107.0,2,10,1
98d7632f-c7f3-4ca7-be87-33769feb48cc,488.64,2,Accessories,bank_card,152.0,1,7,1
98d7a220-ea44-4958-9776-9564b4e0df2b,229.6,2,Music,sbp,198.0,3,10,2
98e343c2-5e6e-4612-9824-f537540efe1e,195.89,1,Electronics,sbp,9.0,12,10,0
98e51411-47cd-47bd-9472-588d2eba1228,161.81,1,Toys,bank_card,90.0,3,10,2
98e62b48-6f02-463b-9e33-0bd8b816c853,1022.79,1,Beverages,mir_pay,21.0,24,11,0
98e84b6a-29d3-4f5d-8967-f262a0574cc1,79.29,1,Sports,mir_pay,107.0,4,10,1
98f32f83-c36e-469f-b49a-a7bf72628f84,328.18,1,Smartphones,bank_card,248.0,1,7,2
98f70f8f-6a82-4205-a037-06ba9cdd11c9,173.2,2,Beverages,sbp,69.0,11,10,1
991a551a-af6e-4b9f-95b9-ec6499b8f6fc,520.14,2,Headphones,tinkoff_pay,35.0,14,10,1
991e648e-745e-4b5c-8acd-84795b81151f,744.11,3,Accessories,yandex_pay,169.0,4,10,2
9942c073-bf64-48cb-a877-f5dfc926620e,168.1,1,Health,sber_pay,27.0,3,10,1
9961600d-1d52-4022-a732-503d051b9b44,210.69,3,Health,sbp,130.0,2,10,2
996b23d5-03e9-47f5-8d16-16528d4511e4,198.94,1,Travel,bank_card,11.0,14,10,0
9972b240-0a3b-4f76-a8fd-5ed89a4c3b0a,220.61,1,Furniture,sber_pay,29.0,1,6,0
997922b8-4e53-4199-85ee-14db23ab82ac,28.96,2,Pet Supplies,mir_pay,58.0,10,10,1
998091f4-6a2b-44cb-b33c-d4ca66448eb1,335.14,2,Laptops,bank_card,239.0,3,10,2
9987f051-f4a5-4cf1-a444-4669c5b7a194,134.65,1,Books,bank_card,14.0,3,10,0
9990af5c-8331-4938-8408-41599e2c59c3,309.54,1,Electronics,sbp,168.0,2,9,4
999bcace-54cc-419e-86e6-29b5a67f922d,186.33,1,Toys,yandex_pay,81.0,1,7,0
99a109ac-0b0a-4135-a04e-55a987e6ee41,192.88,2,Other,cash_on_delivery,178.0,5,10,4
99b46eb4-0522-44e3-bf65-c6c89aefd230,284.02,1,Laptops,bank_card,36.0,3,9,0
99b6e2d5-5501-44cf-bfdb-535d74c8f8ca,181.08,1,Laptops,sber_pay,112.0,3,10,1
99b79333-6608-430b-a407-aa37b5eefb9c,188.5,2,Gaming,bank_card,81.0,2,10,0
99d1f339-67ad-4ae6-a51f-eb28264cd153,247.95,1,Photography,tinkoff_pay,189.0,2,10,5
99d22db6-aa56-4038-8e31-85398b9b966b,130.0,1,Other,bank_card,146.0,3,10,1
99d3a8a6-4405-446d-814a-3d31a8551f87,107.72,1,Books,bank_card,81.0,5,10,1
99d57e10-2619-4b91-9972-609d86d44449,47.72,1,Garden,sbp,171.0,2,9,3
99d64594-1823-44ad-946f-1c57c40422d4,79.78,2,Outdoor,yandex_pay,36.0,16,10,0
99d931d4-3c61-4b65-ae71-f83e3b47b458,805.4,4,Office,yandex_pay,60.0,15,10,0
99dbfe72-d1fa-4a43-a09e-c77876a623e5,730.43,3,Home,tinkoff_pay,272.0,4,10,1
99ed13c7-90cf-4481-a913-d974dc77588e,567.33,1,Automotive,sber_pay,212.0,3,10,2
99edd79d-0ab8-41eb-be40-cdb96bc04eb5,22.61,1,Pet Supplies,bank_card,7.0,5,10,0
99f3d5f6-0e97-4a1d-92ae-04da4171d59e,37.1,1,Laptops,sbp,17.0,5,10,1
99f43195-1149-4cd0-8772-cc6a1a47787c,91.05,1,Books,bank_card,234.0,3,10,0
99f895b3-5936-48a4-8993-fc29a8c5868c,98.16,1,Laptops,sbp,273.0,2,10,0
9a0738a1-83ce-415f-8e8f-cb1aa7bb4bc7,1091.91,3,Automotive,cash_on_delivery,47.0,3,10,0
9a26cf09-8698-4358-a155-543bdcdf24c4,111.84,1,Beverages,bank_card,4.0,6,10,0
9a3eb951-db7f-4a58-bf44-e9782060be64,133.84,1,Electronics,bank_card,119.0,2,9,0
9a47bb67-7c64-49cf-9942-bfc7dad91efe,38.97,1,Beverages,yandex_pay,90.0,9,10,0
9a517b31-dd1f-47e4-b0c7-4c7691328b14,297.88,2,Kitchen,tinkoff_pay,141.0,2,9,1
9a51906b-0931-4941-ad77-e5ca58c9447e,77.85,1,Pet Supplies,mir_pay,24.0,8,10,0
9a556641-fb59-4a6a-b2ad-67bc48716211,37.49,1,Garden,bank_card,37.0,8,10,2
9a57badf-29cb-4c64-a667-bdeb76bcfc8b,808.52,1,Laptops,yandex_pay,246.0,4,10,1
9a623967-8f8e-4b28-addd-9ad43d4e4931,247.95,1,Photography,bank_card,212.0,4,10,2
9a64b2f4-62dc-40f5-8423-76f05684cf0a,91.74,1,Tablets,sbp,227.0,5,10,1
9a6a4d12-e381-4785-8104-0b9c2132583c,109.22,1,Pet Supplies,tinkoff_pay,19.0,8,10,0
9a6e425f-1b2b-4cdf-bcfb-1ff560b35fdd,254.51,1,Shoes,sbp,177.0,3,10,3
9a767774-4df5-45c3-8fda-7f56b86b0058,61.38,1,Shoes,sber_pay,59.0,4,10,0
9a7a4617-83e8-4a7f-8ab3-32467f30bafb,104.02,1,Beauty,sber_pay,112.0,7,10,4
9a7b9c3c-eef4-4c5e-ac44-c14d0f3aa166,81.03,1,Furniture,sbp,115.0,5,10,0
9a90a95a-576a-4c2a-90b0-205d0e235a80,204.5,1,Sports,bank_card,122.0,3,10,6
9a9e7f19-9def-405f-a90c-34396ca62b60,215.8,2,Laptops,bank_card,32.0,2,10,1
9a9fcb79-9491-45a2-8106-f44d04a734e8,108.16,1,Photography,tinkoff_pay,21.0,10,10,2
9aa7619b-d8f3-40ff-b346-60b3788ef973,155.93,1,Toys,bank_transfer,66.0,6,10,1
9ab4c38a-8e8e-4fe7-82a8-e3c765503b5f,49.83,1,Photography,sber_pay,184.0,3,10,1
9abe7c99-1f10-4d9f-bf3b-90d36d89bb6c,287.52,1,Office,sber_pay,10.0,3,10,0
9abf8546-cb68-4e25-90d9-fd2e4db0834f,493.19,1,Automotive,bank_card,27.0,4,10,0
9abff2cc-36d3-4358-bdc8-c5f308a8eb3a,727.96,1,Clothing,bank_card,44.0,5,10,1
9ad29a3f-204d-4bc5-ac6c-ef8646692035,190.11,1,Home,sber_pay,28.0,16,11,0
9afc6da6-bd6f-4bdb-872a-7c262bb1acc7,108.3,2,Automotive,bank_card,190.0,6,10,2
9b08fa62-b998-47e4-92f5-a5638d58cf36,77.65,1,Kitchen,bank_card,128.0,7,10,0
9b11dd71-20e1-4efa-a43f-e92c0bda2494,126.71,1,Clothing,sbp,32.0,9,10,0
9b209332-479f-4e1e-ba8a-c3b93af3ba2c,63.35,1,Books,bank_card,47.0,6,10,1
9b2bdc60-9742-4bf4-b44a-e069c5c8552f,38.68,1,Software,sber_pay,17.0,28,10,0
9b4cc458-9d55-4405-ae6e-924c029d26eb,252.36,2,Tablets,bank_card,110.0,8,10,2
9b6f383e-39b3-41a8-b5e0-a16ccef0c941,309.88,1,Outdoor,sber_pay,177.0,3,10,1
9b8a70e8-051f-4be8-9afe-341739624dc2,1323.12,3,Health,sbp,47.0,3,10,0
9b97380c-dabf-4632-b5a5-acbd24010e2f,164.52,1,Music,bank_card,114.0,10,10,1
9b9a9807-fd91-4d94-8e57-76775ddc45cb,256.81,1,Travel,mir_pay,101.0,2,10,2
9ba0a575-358c-4156-a856-05c971cc1838,343.76,1,Food,bank_card,144.0,1,7,2
9bb2bbb2-5142-4e1f-b972-cb1d30850608,91.79,1,Home,bank_card,164.0,4,10,2
9bb36fd5-fbc8-4909-81d1-3cafe872b9cc,13.67,1,Furniture,cash_on_delivery,148.0,7,10,2
9bc1d4f7-9d4c-4373-8c2d-e44a7cf0b088,84.61,1,Gaming,bank_card,223.0,4,10,3
9bcb87e0-147e-49e0-a8f1-215874867460,84.31,1,Tablets,sber_pay,53.0,6,10,0
9be0948b-5ce3-4239-abe3-700b1dba6159,112.75,3,Photography,sbp,59.0,15,10,1
9be14043-54ec-415d-a462-a54f0a20d10d,247.58,2,Food,bank_card,46.0,5,10,3
9beb1e7e-37c4-46ec-bba5-5b4d90e337ca,241.0,2,Furniture,bank_card,14.0,4,9,0
9c0386f0-9fc3-4247-9720-15b8f2c965ca,141.99,1,Laptops,sber_pay,2.0,2,10,0
9c07999e-9b90-4ecb-b16a-1cbc5f5b5d2f,105.77,1,Beauty,bank_card,7.0,4,10,0
9c0bf45b-9939-49d1-a15b-6cd7278b1c3d,66.36,1,Home,mir_pay,65.0,11,10,1
9c14d857-4c01-4ae9-9b36-90dbd048b0e9,93.37,1,Electronics,bank_card,29.0,16,10,0
9c33434f-eb82-46d7-a148-07ac96f41b37,168.35,1,Photography,tinkoff_pay,212.0,2,10,1
9c359755-33d8-4deb-82c5-f5a3835dc493,282.98,1,Music,yandex_pay,46.0,3,10,0
9c384559-bab3-4bd0-a9ff-f1f50411d3f6,54.87,1,Tablets,sbp,17.0,23,10,1
9c4c4f8c-525b-4eca-92ed-f6887829a475,113.08,1,Photography,sber_pay,15.0,2,9,0
9c4c586c-dd4e-496c-9bbb-62c46b4fd66c,473.75,4,Furniture,sber_pay,2.0,16,10,0
9c4cf01d-f797-4938-b31f-3d8edf9f2317,3488.44,4,Headphones,bank_transfer,40.0,4,10,0
9c55e5a4-8425-49db-af97-37efca4e5361,1013.61,1,Smartphones,bank_card,255.0,5,10,3
9c5ec937-a47c-4848-92d0-9b4586c49b84,10.91,1,Automotive,sbp,3.0,15,10,0
9c634d47-0342-4561-bb39-dbf19cdcda1e,153.92,1,Tablets,mir_pay,75.0,3,10,2
9c70190d-5c7e-47ce-8ea8-5bef1fcd24ad,68.31,1,Beverages,bank_card,178.0,5,10,4
9c7df0cb-448c-43f3-a073-f30b0b9e3c38,51.41,2,Travel,bank_card,12.0,10,10,0
9c82b04b-29ce-4163-bac6-8aacaaaafb4c,211.76,2,Photography,bank_card,74.0,7,10,3
9cab28cd-f541-45f8-b0c4-99aa82ceb6ee,165.06,1,Accessories,bank_card,43.0,14,10,0
9cadd4f3-7d57-4c90-8cfe-92c8821af6c5,46.0,1,Shoes,sbp,62.0,8,10,2
9caff626-ebb1-4056-9c1d-18bf4c94c046,463.81,2,Pet Supplies,sbp,8.0,3,10,0
9cb0570c-50cd-4e84-a7b4-f2aca512bf4e,1373.51,2,Kitchen,bank_card,111.0,6,10,3
9cba5b58-d48f-470f-9cb1-ac3528c0e5a6,87.63,1,Toys,bank_card,212.0,1,8,5
9cca3094-388c-4676-855c-b20fd7cb327d,746.02,2,Jewelry,mir_pay,168.0,1,8,0
9ccb24e7-3d56-444a-8ca7-1345f3405149,49.36,1,Home,bank_card,11.0,4,10,0
9cd3ee0a-9057-4de4-9201-2b2c1ece85b8,25.98,1,Home,bank_card,18.0,7,10,0
9ceafa5e-aee8-4955-ab7b-164da738033e,227.84,1,Garden,bank_card,161.0,5,10,2
9cfc9130-d7d9-4e0f-8c5e-fd46d1e9cfad,41.45,1,Gaming,mir_pay,25.0,6,10,0
9d038db3-3fa9-4e7f-ac25-2924fab88808,180.21,1,Beauty,mir_pay,48.0,11,10,2
9d15a0fa-a497-42eb-bced-f9e594452faf,178.42,1,Software,yandex_pay,211.0,2,9,1
9d231cac-b996-48ad-bad9-11ba93e8045a,95.19,1,Beauty,bank_card,30.0,21,10,0
9d241a8c-bc83-44c9-be8e-1dae6c122f5d,205.77,4,Tablets,sber_pay,227.0,5,10,3
9d257e49-b7f6-47da-9ff5-e46ca83c2e91,132.62,2,Toys,bank_card,85.0,3,10,0
9d266d27-0547-4bff-96ec-e0b74bffedfd,2037.52,4,Headphones,sber_pay,64.0,11,10,1
9d266e5a-b5f3-41e9-b790-e2624b41fef1,216.22,2,Shoes,sbp,218.0,4,10,2
9d2823b1-ea32-4f09-b902-963d4948ce9e,229.42,2,Automotive,bank_card,254.0,3,10,4
9d3934a7-0088-4cc8-80f8-bc5c6e772f21,401.72,2,Accessories,bank_transfer,117.0,3,10,0
9d4364a1-bcd0-443c-837c-b1c3b62d4f24,218.04,3,Furniture,sbp,131.0,2,9,2
9d47bd70-8aca-481a-ae85-d218b841655f,70.95,1,Accessories,bank_card,57.0,11,10,0
9d487bf5-66d1-4ba2-a6bf-0e5c1aef2ce0,175.72,1,Toys,bank_card,125.0,3,9,1
9d532461-b88b-4e45-b30d-5f0292120bf2,65.64,1,Sports,tinkoff_pay,315.0,3,10,3
9d54fad4-9e03-4891-80b7-e8fa104441cb,1070.12,1,Health,bank_card,222.0,3,10,1
9d5b821a-c991-43b4-9306-fbb2fc0c75f6,133.76,1,Books,bank_card,141.0,5,10,3
9d61757c-0330-4cdc-99db-b308c9c79ba6,96.3,1,Pet Supplies,tinkoff_pay,45.0,9,10,1
9d68dbf7-5e11-4ef5-948d-86d367665a8f,182.92,2,Sports,mir_pay,61.0,6,10,0
9d6dd1e6-4381-4dfc-93a1-dc9afa256c01,182.39,1,Pet Supplies,bank_card,3.0,23,10,0
9d741197-32fe-41ef-abf9-6c24a9e311f0,316.42,1,Travel,bank_card,71.0,9,11,0
9d75e201-1ad2-4a7c-8c50-c0dd08d3d7f6,249.49,3,Office,bank_card,153.0,4,10,0
9d82ee7e-4058-43b9-af63-c9eb7b6d1fd2,303.7,2,Office,bank_card,254.0,2,10,4
9d8c40a2-31b3-4ff5-9b7f-c884c420d609,35.66,1,Photography,bank_card,9.0,5,10,0
9d8d98dd-4d16-47b5-9c29-e0020a196a64,133.72,2,Beverages,bank_card,56.0,10,10,0
9d8e4049-5480-4396-b537-87bd51dcb482,29.01,1,Tablets,cash_on_delivery,12.0,6,10,0
9d93bd16-a8eb-4a22-8c08-61785039f9c5,260.26,2,Other,bank_card,14.0,3,10,0
9da3b567-40bd-459b-a7c2-7a811df4e15a,290.73,3,Food,yandex_pay,162.0,3,10,6
9dae1dc5-47d9-49e3-9f0f-2a9598124ebc,263.82,1,Beauty,sber_pay,271.0,5,10,4
9dae8f2d-d3a0-4359-afd1-dd0966e27d7a,97.04,1,Headphones,bank_card,73.0,3,9,0
9daf5be9-a7fe-4a18-a9b6-e83722cf9458,144.94,1,Gaming,bank_card,259.0,4,10,2
9db1ba08-81d4-47ce-a698-07d15e29d6d2,24.97,1,Garden,bank_card,123.0,2,9,1
9dbcb01d-87d2-4731-a9e8-84859eecd597,49.67,1,Books,sber_pay,49.0,6,10,0
9dc4d6fc-c0e9-457c-bd0b-7c8a78c7ff0c,256.64,3,Laptops,sber_pay,215.0,1,8,3
9dd33836-241a-4ea3-8eb9-6b455d08092b,323.62,2,Toys,bank_card,130.0,4,10,1
9deeda37-dbbd-4a3d-b593-02bbb0e288cc,118.96,1,Laptops,sber_pay,52.0,1,7,2
9df0990c-be59-4ef4-8897-79c02eacbf5e,291.35,1,Software,sbp,217.0,2,10,1
9df3fc7e-0a0f-42df-9daf-d82af574210c,159.21,1,Toys,sbp,62.0,2,9,1
9df98160-6a36-40ec-8677-fb9f326bb6c0,1016.77,1,Furniture,bank_card,19.0,10,11,0
9dfb4060-38c6-4b55-b850-b1e7b2341432,87.74,1,Travel,bank_card,19.0,5,10,0
9dfcf8fb-517c-4360-8d8b-dd05777f23e4,73.4,2,Garden,sbp,4.0,8,10,0
9e0b429d-b473-45fa-bea6-7f07d7003786,103.1,1,Sports,sber_pay,70.0,3,10,2
9e144762-133f-4793-83c2-697a91d96ff0,284.98,1,Photography,bank_card,18.0,9,10,0
9e1540b5-2c5a-46df-ba0b-cdc648335164,120.74,1,Office,bank_card,81.0,2,10,0
9e278fe9-8e4e-4db4-bb7d-14a4b8072eb4,178.75,1,Books,tinkoff_pay,144.0,5,10,1
9e2d0e78-f76d-4f38-989f-a4ebba2ec82a,281.04,1,Clothing,sbp,1.0,1,8,0
9e2d7647-9b65-4e3f-8d00-c10806305b6b,398.32,4,Electronics,mir_pay,4.0,9,10,0
9e2f5a8b-a058-4382-ab40-3a6e4f18baa6,364.77,1,Beauty,sber_pay,91.0,2,10,1
9e31dbed-f3f6-4643-9d55-d9561574ee19,83.57,1,Furniture,bank_card,1.0,13,11,0
9e3d5d43-b530-4754-913e-07a14b88f97b,292.78,2,Accessories,bank_card,17.0,1,9,0
9e3d9d19-d2c2-482d-8d97-3988e3e3d601,103.6,2,Pet Supplies,bank_card,200.0,3,10,4
9e48c468-3dc2-4721-8dac-328f19382714,904.96,1,Gaming,sbp,116.0,4,10,2
9e4f208d-d037-441a-9139-d8117fdd3028,34.79,1,Electronics,sbp,136.0,3,10,2
9e5364d0-2800-4eb1-bbc7-62c1c226a6d6,78.9,1,Outdoor,sbp,98.0,4,10,1
9e6ddc5e-e720-4595-89b4-7743dd47b622,537.42,3,Toys,sbp,105.0,6,10,2
9e6fcaab-a34d-4654-9f2e-b7231fc31a86,242.34,1,Toys,sbp,9.0,1,8,0
9e720932-bf26-42e4-902e-b560a7adc77c,243.22,2,Clothing,bank_card,156.0,1,8,1
9e8d5a02-5f6e-467d-8d62-2a3f496a75a0,188.92,2,Software,sbp,76.0,6,10,2
9e8f7d32-0c55-44e4-8e11-787969b28910,115.56,2,Accessories,bank_card,242.0,2,10,2
9e93ebfc-c07f-4188-b718-437069f21535,58.21,1,Photography,bank_card,253.0,5,10,3
9e9c7174-4c04-430c-83cb-95661337763c,121.52,1,Gaming,bank_transfer,33.0,16,10,0
9ea793eb-3e2b-4795-a64c-ff010af45ce2,133.37,1,Laptops,sber_pay,80.0,4,10,1
9ecb9207-1542-4aea-90ee-3f16ce73e54c,85.43,1,Home,tinkoff_pay,51.0,4,10,0
9eccf86f-d02d-4308-b2d5-6f95c5010515,36.39,1,Outdoor,sbp,103.0,3,10,1
9ececc6d-1b39-49b3-9d6b-be7eb91cfcc2,183.76,3,Health,sbp,91.0,3,10,2
9ed4d8e5-60e9-4b9d-a4a9-9a592e13fe91,90.81,1,Pet Supplies,sbp,1.0,1,7,0
9edaed2f-8346-4022-904e-4287bcaa0443,55.22,1,Music,cash_on_delivery,8.0,1,9,0
9edc47e2-ea5a-46a8-9161-45f411bb4415,159.56,1,Sports,cash_on_delivery,159.0,7,10,4
9edd33ac-aaa5-4827-a7fe-5c5dad814559,70.7,1,Beverages,sbp,19.0,5,10,0
9edf1b7f-fc80-449e-848e-2f652dfde4ad,230.8,1,Health,bank_card,27.0,9,10,0
9ee4e2c3-a664-45bf-b27d-aee2978b104f,43.76,1,Travel,bank_card,215.0,3,10,4
9eebdbaa-103f-4f76-9123-e14948f98aa4,462.75,1,Garden,bank_card,158.0,5,10,1
9efc05a4-837e-4f2d-a0aa-46ce5c748189,97.97,1,Sports,sbp,24.0,6,10,0
9efe96ec-309e-49c6-96e3-3a5c78d9663c,103.52,2,Beverages,bank_card,34.0,21,11,0
9eff36bb-3dc5-4461-9043-b84d9e730658,49.09,1,Automotive,sber_pay,0.0,1,7,0
9f14273f-65f1-4deb-b7ec-ed159ba71827,40.32,1,Smartphones,mir_pay,2.0,4,10,0
9f2e590e-3ca6-46ae-af97-f7ea84590bd7,36.86,1,Beauty,bank_card,3.0,8,10,0
9f3f476d-1773-44d3-ba75-42fa27ccd26d,145.68,3,Software,sbp,80.0,7,10,2
9f3f9687-9455-487f-bbce-9bf2a5565d2f,374.96,1,Travel,mir_pay,107.0,2,10,0
9f5762b7-cc38-4fbf-85d5-21078031fed2,52.68,2,Furniture,bank_card,18.0,4,10,0
9f606416-ed7b-48cc-b653-42719fb2991d,38.68,1,Software,sber_pay,105.0,2,10,2
9f658aaa-c023-462f-96c6-27b85074fc09,180.84,1,Health,sbp,21.0,22,11,0
9f69792d-5600-4626-a5ec-489351308d8f,563.7,3,Food,sber_pay,296.0,2,10,4
9f813a1f-927e-42f4-8152-d6945fbca31e,167.62,1,Pet Supplies,bank_card,69.0,2,10,1
9f903a72-c6b2-4e4d-8abb-d2fe710c7464,995.72,2,Books,bank_card,54.0,16,11,0
9f90c7dc-d2ce-4488-98db-342ec600e357,72.61,1,Toys,sber_pay,9.0,1,7,0
9f91fc55-d171-4c1f-82ac-931541ee2833,248.73,1,Outdoor,bank_card,172.0,1,7,3
9f98e651-e0c9-44b2-9390-4278991bc236,39.93,1,Beverages,sbp,139.0,2,10,2
9fa9e1a0-8d25-4757-9367-3b5eb8fc33bf,95.11,1,Smartphones,bank_card,37.0,2,10,2
9fae8782-6917-4c82-83b7-814048352099,340.75,3,Sports,sbp,149.0,4,10,0
9fb305d0-bf2f-4a63-baff-53bdf3f7ba65,481.05,3,Jewelry,mir_pay,30.0,8,10,2
9fc4a70b-af6d-4a92-a67f-30754830ffc0,87.51,2,Travel,tinkoff_pay,248.0,1,9,0
9fd6dff3-7fcb-4bff-9aa7-149f25a49ab8,210.59,1,Clothing,bank_card,28.0,18,10,0
9fdbea3f-2944-4a16-a15a-9ae92cafff56,130.66,1,Sports,sber_pay,119.0,3,10,3
9ff1964a-a927-4307-a772-6ee9f1047bd3,754.04,2,Software,cash_on_delivery,0.0,8,10,0
9ff8f43c-4c0c-4f59-8ba4-248c06c1a234,142.24,1,Sports,sbp,5.0,2,10,0
9ffef40f-674e-4c24-9b13-0f17e391df36,97.5,1,Laptops,bank_card,74.0,4,11,2
a017d613-8cbe-4bd3-a4bf-d76f0e910615,257.12,1,Other,bank_card,146.0,5,10,3
a0187b48-773a-4603-bf46-7b05a0eaacf0,234.88,1,Travel,bank_transfer,217.0,2,9,2
a0200209-54a3-4dee-8266-bca73caed8b8,1326.1,2,Home,sber_pay,23.0,7,10,0
a023ba32-fa10-48f7-8c9e-3fc085d1724f,84.82,1,Gaming,bank_card,50.0,3,10,1
a0318598-85c2-410d-b4eb-a5b738c135ef,408.88,1,Furniture,sbp,118.0,2,10,1
a0388b05-d7f3-4251-9004-9da9b4d56a88,321.16,1,Accessories,sbp,70.0,4,10,1
a03e8a10-ca36-4249-a47b-6333edd534df,64.7,1,Photography,cash_on_delivery,60.0,6,10,0
a0445f71-f011-4cd9-bea5-1a88ff26121f,210.52,2,Beverages,sbp,12.0,16,10,0
a044fc02-6105-4d02-8835-9fee5f9bb949,360.34,1,Toys,bank_card,209.0,2,9,3
a0543cac-bcf8-40ec-8e3c-f0e89f2589bc,165.44,2,Other,bank_card,28.0,16,11,0
a054527c-1704-4b97-bde4-6967bda1a691,661.27,1,Software,bank_transfer,28.0,3,10,1
a061d73a-1856-4863-8a0f-839e7fe8a22b,155.36,2,Kitchen,sbp,24.0,2,10,0
a063a22f-1eda-4023-8157-097096dd3e67,298.5,3,Clothing,sbp,71.0,2,10,2
a068739c-5398-4b6c-bcf5-8fc15b4e1b25,294.49,1,Outdoor,yandex_pay,65.0,3,10,0
a07638ba-6404-4a6b-9909-d798b6dcf942,282.05,1,Shoes,yandex_pay,32.0,9,10,1
a079710d-f34c-4be2-af8e-ee07fcaf8cdc,20.86,1,Smartphones,bank_card,157.0,3,10,3
a07d35f4-b178-4858-9dd8-311ffd9f3640,79.56,1,Sports,mir_pay,158.0,2,10,2
a0947c65-5847-40c1-a503-0a40f2054f86,163.58,1,Photography,bank_card,36.0,5,10,1
a09f74c8-749f-4b3e-9986-1ab28e8b1c70,270.18,1,Food,bank_card,204.0,1,7,4
a0b2f620-9031-44e1-8763-f9e48675972a,136.82,1,Travel,bank_card,264.0,3,10,1
a0b604da-8b57-46d4-bfd4-a22c687f1169,115.77,1,Home,bank_transfer,171.0,7,10,1
a0baf2a8-09a5-4485-9603-5c1e7e0a3db7,31.02,1,Furniture,bank_card,25.0,15,11,0
a0bcb96c-0b33-40c5-a321-601b89e5e1e4,146.91,1,Photography,bank_card,28.0,3,10,1
a0cf29b1-0c51-4867-a3cb-61ddbc9f491d,319.52,1,Beverages,bank_card,17.0,11,11,0
a0cf6ffd-ee71-4e19-a137-535f0ce5f5c0,270.89,1,Clothing,bank_card,198.0,3,10,2
a0d2e1ed-20f9-4420-ab43-ca38bc4f58a5,549.38,1,Photography,bank_transfer,260.0,3,10,1
a0d3d70c-346d-4d8e-bda3-e8d5b69f2230,105.77,1,Beauty,bank_card,83.0,3,10,0
a0d480ef-9357-4bd9-afa4-43cb2e98e64d,989.49,3,Clothing,bank_card,216.0,4,10,2
a0fb90a6-6816-4057-afe3-2ff54693f12e,10.33,1,Automotive,sbp,348.0,3,10,1
a1029007-e222-4b81-b090-e5f082988cef,1072.38,2,Headphones,bank_card,289.0,4,10,3
a106f955-915d-4a82-a2b7-a07327aa4d75,98.31,1,Shoes,bank_card,184.0,3,10,3
a10f8040-d5ac-4461-b931-d9c2b81a3bb9,735.6,3,Shoes,mir_pay,1.0,3,10,0
a11a8f25-a954-47eb-8320-999c089a8481,510.09,1,Other,sbp,49.0,12,10,1
a11d2062-66ea-44a1-9db4-959711c9a106,50.06,1,Beauty,mir_pay,98.0,4,10,3
a128ff56-d01c-4065-b454-a7949135c12c,91.45,1,Beauty,bank_transfer,267.0,3,10,2
a12cdc0f-c765-44b9-8397-e2af55aae3be,39.39,3,Toys,bank_card,241.0,3,10,2
a1323634-b8e8-4b24-9dd0-85cdce8f7175,758.91,3,Furniture,mir_pay,134.0,8,10,2
a1352bd1-1f02-431d-bd1a-3d1368b1489c,63.92,2,Smartphones,yandex_pay,134.0,3,10,2
a13b6cbf-bd7b-4864-9246-0b797db4e10c,247.82,1,Sports,sbp,36.0,7,10,0
a13f90f2-8a87-4a70-b2e0-983d0a670a60,190.39,1,Headphones,mir_pay,1.0,19,10,0
a13fa7c6-9069-45e2-861a-d31a5e430555,25.82,1,Beverages,tinkoff_pay,123.0,6,10,4
a1727a84-18ec-4d43-9542-c27ca5ad5f05,188.76,1,Travel,sber_pay,127.0,2,9,0
a18bb992-b7fc-46e9-a23a-59427b18107c,83.03,1,Beverages,sbp,87.0,7,10,1
a19013f1-4084-4e02-9970-a45d8c08f47b,88.83,1,Clothing,mir_pay,63.0,7,10,0
a193fb2c-6c35-43f9-ba6b-3032040f8e14,96.8,1,Furniture,sber_pay,32.0,7,10,0
a19bc37e-ae5f-4fb6-88ac-378ce0da8ba2,112.67,1,Sports,bank_card,35.0,13,10,1
a1a7ccac-e66c-40ac-9178-20e9a53dbe13,1081.63,1,Headphones,bank_card,18.0,13,10,1
a1b18801-b23e-434a-ac42-8545ea16565c,89.0,2,Accessories,sbp,162.0,4,10,3
a1b51b6e-78e4-4e6c-8c16-1d2a8fdbad4d,152.74,1,Home,mir_pay,76.0,3,10,0
a1b5b50b-7035-4ea4-953d-8a80ac0cea8b,245.92,1,Laptops,bank_card,215.0,4,10,0
a1c453fb-1fb6-45bd-a900-627165c09374,186.8,2,Toys,sbp,52.0,15,11,0
a1ccaa15-ac0c-4124-874c-2535918187c9,154.96,2,Photography,tinkoff_pay,31.0,20,10,0
a1d4c754-5702-4be2-abf9-53293e99b439,73.42,1,Tablets,cash_on_delivery,164.0,5,10,3
a1d5bfc0-2364-42c3-a150-f77bff0cd38f,86.39,1,Travel,bank_transfer,4.0,3,10,0
a1dd0920-9d07-4b8d-bce8-fc877562ebb5,139.74,3,Gaming,bank_card,23.0,11,10,0
a1dec58a-d54c-4431-884c-a605eca5f769,187.02,2,Office,sber_pay,0.0,1,9,0
a1f0d30e-7948-47a3-855a-9b69873ff498,394.39,1,Home,sbp,138.0,2,10,3
a1f20e48-c3bf-40f5-9ac7-ffc10452f3d1,23.09,1,Beauty,sber_pay,26.0,16,11,2
a1f761db-b238-467b-b7b1-c20d3a5ea547,159.98,2,Furniture,sber_pay,31.0,5,10,0
a20ad5a7-3aba-4366-afac-62edc8593e87,249.34,2,Tablets,sbp,161.0,2,8,5
a214369f-69d2-4716-aeb5-6dc1fb628de6,43.22,1,Electronics,bank_card,66.0,5,10,1
a2207d25-4606-43f6-9159-fa268b39b821,363.45,3,Travel,yandex_pay,210.0,4,10,2
a22595c1-860f-4d51-b620-6be7e7c06d63,287.93,1,Other,sbp,47.0,3,10,0
a24478bd-1ea9-49d8-8cb1-def39645855f,238.1,1,Garden,bank_card,96.0,2,10,0
a24627e3-2e9d-4c60-8772-674f7e9c3aa2,86.5,2,Travel,bank_card,157.0,5,10,6
a2472081-9e2f-4585-a2b5-87d9e1ae7687,506.79,3,Toys,mir_pay,108.0,3,10,0
a24c0c73-75a7-4f94-b2d1-bedbcb744c9a,265.48,1,Music,sber_pay,228.0,3,10,4
a25df0f8-ba0c-460e-87c4-494f207284b0,186.33,1,Toys,sber_pay,192.0,3,10,1
a260b7c7-ae84-4cad-ab5e-6b8586d6db78,28.23,1,Accessories,bank_card,24.0,3,10,0
a261a637-cdfc-42dd-bce6-909c6bf6d2ba,178.7,1,Health,bank_card,254.0,7,10,3
a261bde0-dc32-4a3b-bf4b-aa3f8c3487f2,38.95,1,Office,sbp,7.0,33,11,0
a264770f-84eb-4da4-8473-79f5727188a9,155.4,1,Photography,cash_on_delivery,75.0,8,10,1
a2750b34-3b98-4c35-8046-d17ade39c889,211.25,3,Music,sber_pay,108.0,4,11,1
a28e6eab-2267-4128-a202-071a71f5cac8,36.7,1,Garden,bank_card,18.0,18,10,0
a29672c7-8b8a-4b24-82aa-c2fa452aec9c,87.9,1,Food,bank_card,10.0,3,10,0
a29d74a5-0687-4ba6-8018-b6258234b41d,233.58,2,Home,bank_transfer,108.0,3,9,1
a2ae1d62-d7ce-4331-a23d-9d2d2f039849,78.24,1,Music,bank_card,0.0,2,9,0
a2b503ce-49f8-4c52-94d5-fe772634669c,80.62,2,Laptops,bank_transfer,18.0,24,10,1
a2bf9a5c-a6e3-4120-b0a2-1eb15b4f059d,63.07,1,Beauty,bank_card,166.0,4,10,1
a2c76960-8775-4f41-83f1-eee58f4f95fc,120.37,1,Clothing,sbp,61.0,13,10,0
a2cab6c7-c2a8-4d5c-9298-fd08dc4b8eb0,265.92,1,Headphones,yandex_pay,38.0,5,11,1
a2cbf027-8d5e-4fdd-b4a6-ff149ae908b6,170.62,1,Outdoor,bank_card,43.0,15,10,0
a2cd9627-c961-47b6-be46-c0387b23e80e,55.84,2,Furniture,sber_pay,4.0,1,8,0
a2cea2d6-dfae-4887-b32f-b3f9b6451f10,52.49,1,Headphones,mir_pay,8.0,1,7,0
a2da1dff-855c-438e-9859-7d77e153d8d7,1595.4,2,Travel,bank_card,14.0,16,10,0
a2e5c217-693e-4d20-aef9-630e3e1cdb5c,490.02,1,Music,sbp,13.0,2,9,1
a2ff709a-0d80-4c27-8d76-6299fda16cb9,193.1,1,Laptops,sbp,196.0,6,11,1
a30b479a-b42a-4ee5-a72f-86820498aac8,202.62,2,Food,mir_pay,78.0,9,10,1
a311f318-b550-4873-ac9d-3f420d315154,324.6,1,Travel,sbp,36.0,18,10,0
a31c883f-1f39-4124-af1d-59877fc23d77,69.85,1,Home,bank_card,48.0,3,10,3
a3273a2b-b781-49cf-a349-b7730120752c,320.84,2,Software,bank_card,171.0,7,10,1
a333b453-2348-4523-8154-841821387e06,125.59,1,Photography,bank_card,205.0,3,10,5
a349e0a7-952d-4bf3-bdc0-b990536bdaf2,33.43,1,Gaming,bank_card,2.0,3,10,0
a37d1b43-9c25-496b-a771-cb06b5ee0831,70.3,1,Travel,sber_pay,62.0,12,10,2
a37f78e1-b5be-4bf0-98c0-3a9a1881c535,15.25,1,Beverages,sbp,1.0,1,7,0
a380bc4b-d3e2-4e94-b6f6-3218fd103fa6,37.7,1,Accessories,bank_card,76.0,2,10,0
a3828f3e-e278-4735-9a3c-be79ce6524c6,209.74,1,Furniture,bank_card,49.0,6,10,0
a38a6a6d-6f32-4c0d-b2e7-81824e5c0af2,5.4,1,Office,bank_card,84.0,7,10,1
a38dbdac-e559-41ec-b626-4101dde76392,243.6,1,Tablets,sbp,73.0,5,10,2
a3a37a8a-b4ec-47a6-9efa-f06bcde69958,31.63,2,Headphones,sbp,186.0,2,10,2
a3a4057a-92ed-4f7c-942b-42339b7d862e,554.02,1,Shoes,sbp,91.0,7,10,1
a3a67894-0f42-4d7a-a428-a4dddfd75116,63.37,1,Shoes,sbp,272.0,2,8,1
a3a8bf62-ee46-4cdb-aac7-b88098d7cb9d,159.21,1,Toys,bank_card,15.0,5,10,0
a3c5a22b-8569-42a5-97ae-c9664c41c60c,354.86,1,Jewelry,yandex_pay,182.0,3,10,4
a3c5b37b-6d53-486e-9a9c-cf78f4b1983c,230.18,2,Travel,bank_card,187.0,4,10,2
a3c8cb79-542a-4bff-9736-632238b9646d,454.55,1,Tablets,bank_card,4.0,22,10,0
a3cd3160-bbe0-44ad-a1e2-e016f36deddc,103.84,1,Software,sber_pay,106.0,7,11,2
a3da5e26-9bb7-4265-a90f-baada10a5d33,126.87,1,Photography,bank_card,24.0,4,10,0
a3e1091b-6401-4633-bb01-6c37c96bacd1,27.33,1,Kitchen,bank_card,0.0,1,7,0
a3f408e2-fccc-4adc-aca9-18c1eb52887c,264.85,1,Books,bank_card,31.0,21,11,0
a4000796-1a49-4022-8f17-b5c69a0be0ad,314.82,3,Travel,yandex_pay,273.0,3,10,5
a401f45d-fa31-4614-9976-c7a357f87d02,98.37,1,Clothing,tinkoff_pay,52.0,4,10,2
a40ab092-19e6-4157-8b05-7b6804df8612,150.05,1,Headphones,bank_card,110.0,1,9,0
a40d3482-0089-4fb5-b4d1-8e6cbdc3d022,208.52,1,Office,sbp,88.0,8,10,0
a413055f-71c3-48c4-8b59-e62cbd6ce938,149.44,1,Furniture,sbp,38.0,3,10,0
a41fb11c-28a1-49c0-9146-23e8f8a582b3,65.63,1,Health,bank_card,82.0,4,9,0
a42659f5-b70b-4fc6-bf4e-8e3863ad550a,185.26,1,Tablets,yandex_pay,7.0,3,9,0
a42eeb7c-d057-4fd4-9ad4-564d3f4ecb93,425.31,1,Music,bank_card,79.0,2,10,0
a4304139-3116-489d-b373-d4d4b65b894e,63.22,1,Sports,mir_pay,153.0,3,10,3
a43041a5-39bd-4dd2-a848-ea854b2a4a70,261.15,1,Shoes,yandex_pay,251.0,2,9,6
a43c5360-fe1a-4c8d-8e9c-de1435207df4,662.44,4,Electronics,sber_pay,258.0,4,10,3
a43d198c-2190-4f00-8a35-437b390b0012,124.3,2,Beauty,bank_card,72.0,1,7,2
a440643c-2426-426b-b5f1-507f0adf3bf6,80.64,2,Smartphones,bank_card,68.0,6,10,1
a455f5c0-fa43-4659-8d59-f1e1bbb41d59,11.67,1,Shoes,bank_card,163.0,3,10,1
a45f7e9a-faa1-4174-b5a7-a32443e0d25b,702.37,1,Electronics,tinkoff_pay,95.0,6,10,1
a4602d81-91d8-4d09-b366-fd43f6250dc0,281.2,2,Sports,bank_card,115.0,4,11,2
a46d31f0-b03e-4119-a735-858008caf777,176.54,1,Other,sbp,77.0,4,9,0
a473cf1f-28a4-4d16-a6f6-f03278bd765c,42.23,1,Sports,tinkoff_pay,79.0,2,10,0
a4783b00-40dc-4fe9-b849-89d32c46c371,15.14,2,Gaming,bank_card,45.0,6,10,0
a484afb5-ccb9-469e-aec0-51f138382a63,267.31,1,Headphones,mir_pay,135.0,4,10,1
a49d4a37-457f-4719-b747-e5d9f8371515,19.46,2,Toys,bank_card,171.0,4,10,2
a49eac48-4243-4113-b032-fb7dc40b48eb,175.32,1,Headphones,tinkoff_pay,187.0,3,9,0
a49f1cd9-c5e9-4c4e-b1ca-513119e79e8c,583.24,1,Shoes,mir_pay,49.0,9,11,0
a4a7b515-dc2c-4159-a61a-8401d4151fd8,104.65,1,Pet Supplies,sber_pay,25.0,6,10,0
a4aae408-a213-4138-8ef2-4dd92cf37831,89.49,1,Software,tinkoff_pay,95.0,7,10,2
a4af0a3e-4af1-4f0a-9e66-e340e164d07c,79.73,1,Health,tinkoff_pay,130.0,5,10,2
a4b91018-99a1-46b8-a3c2-0582e94ca3e0,309.74,2,Sports,bank_card,9.0,3,10,0
a4cfadeb-ac09-42f5-addd-365b64f283d2,30.13,1,Software,bank_card,122.0,2,9,1
a4d32d5a-2676-47cf-9fb8-62219005e141,355.53,3,Shoes,bank_card,28.0,7,10,0
a4dc14e6-993a-4142-8f61-44a6d69709ab,458.01,1,Health,bank_transfer,109.0,5,10,1
a5008069-0fa8-40d6-b02b-5be31be6f098,177.12,1,Automotive,bank_card,28.0,4,10,0
a5113b38-aa78-4277-b726-f75a97a8f471,141.97,1,Furniture,sbp,317.0,4,10,2
a51235e3-2c13-478c-8604-121e0541f916,63.52,1,Headphones,bank_card,218.0,1,8,1
a52a8279-c851-4a74-9715-db9305d94988,33.09,1,Pet Supplies,bank_card,168.0,3,10,1
a52b36f2-1614-4cf9-81ff-4af5b916913e,194.91,3,Smartphones,bank_card,285.0,3,10,6
a52d8790-dd75-465d-af27-8d4b90cdd52c,870.78,2,Health,bank_card,13.0,8,11,0
a5399a46-c3a3-4e9c-b254-e72dcc269d64,223.36,1,Beverages,bank_card,55.0,13,10,1
a546ceea-5c0a-49ee-bd43-3905fc7c4c15,391.81,1,Software,bank_card,131.0,2,9,0
a5479bae-a5be-402f-8118-a6156771feba,291.77,1,Headphones,mir_pay,110.0,6,10,3
a5587831-009a-41cf-8f6f-69b5aa388072,457.62,3,Laptops,sbp,29.0,10,10,0
a559f941-333c-41f0-b61c-c4734d954a5d,113.57,1,Gaming,mir_pay,40.0,4,10,0
a5645605-4970-48ba-8a59-141f550ddaf9,40.89,1,Music,tinkoff_pay,85.0,3,9,0
a565bd87-89be-46a7-b4c0-ceeafcb22078,105.62,2,Accessories,bank_card,69.0,10,10,1
a56ddf24-bec4-43bc-a091-6d8c1a06d4f8,72.64,1,Jewelry,bank_card,197.0,4,10,3
a56e7d8c-fd0d-4a00-982f-d787e32f59e0,309.54,1,Outdoor,bank_card,96.0,3,10,3
a56f34b2-0925-45e4-af87-8a7f7844b6ed,80.8,1,Health,sber_pay,141.0,2,9,2
a573d197-2936-4d66-be25-74513235ebd7,89.12,1,Software,mir_pay,77.0,3,10,1
a583767e-ca2e-45ca-a58d-c485ddef06e7,280.32,4,Furniture,bank_card,33.0,3,10,0
a59723b3-6038-44af-bc91-1f07d5c811ea,34.86,1,Sports,bank_card,263.0,3,10,3
a5b09e34-bde5-4daa-9537-ac04ec32544b,23.2,2,Photography,bank_card,326.0,3,10,3
a5b6de5f-7d8c-4ce8-8ab4-2e5eea47d8d4,76.46,1,Jewelry,bank_card,15.0,4,10,0
a5b7a727-2e64-4f16-b585-6b65d0be6914,137.48,4,Beauty,sbp,39.0,2,9,0
a5d000fe-934c-4ca6-b494-5df46819f9f3,325.24,1,Garden,bank_card,44.0,12,10,0
a5d6fb1f-c9e9-4c12-8194-affc9014d751,433.88,2,Other,mir_pay,326.0,3,10,2
a5d942fd-cc71-4a7a-a174-3331ddaaf478,740.92,2,Sports,bank_card,13.0,3,11,0
a5e894ea-0a98-4071-9d58-90ea00f054ce,33.52,1,Gaming,tinkoff_pay,55.0,15,10,1
a6102b56-fd36-49d8-b4ed-24a28d6239a7,85.89,1,Garden,bank_card,44.0,19,11,0
a61371d0-df70-4bd2-ae57-f44353cb2d4e,54.48,1,Office,sber_pay,9.0,17,10,0
a6159e72-4d0e-4d39-8797-6ad438486b28,5613.96,3,Tablets,bank_card,131.0,2,9,3
a618b27d-8066-4ccc-9dfe-83493080f86e,709.72,2,Jewelry,mir_pay,2.0,1,8,0
a639da68-f520-4a91-8ede-8c5181943e19,127.71,1,Furniture,bank_card,226.0,4,11,1
a65200a9-8c22-4700-ad88-fc88a67ee6d0,176.54,1,Other,cash_on_delivery,103.0,4,10,2
a6587e2d-3d3e-4218-b537-1e1a2ba5cfc9,184.84,1,Furniture,sbp,53.0,8,10,0
a6753d2f-19aa-4987-9975-a22fc938478a,140.52,1,Tablets,tinkoff_pay,37.0,1,8,2
a69a2d92-7144-4e69-98ce-ef4c1fb0ac1b,99.11,1,Sports,sbp,96.0,6,10,1
a6a70053-3ce7-4aef-959a-40f90df2169b,449.01,1,Headphones,bank_card,2.0,1,7,0
a6bb2dab-317b-463d-aa9e-5221f42784af,573.06,2,Accessories,yandex_pay,152.0,1,7,1
a6c30c8e-e2ca-4096-aaa3-0b5d81c9a303,44.25,1,Electronics,bank_card,18.0,4,10,0
a6c92dce-eabd-4274-853f-83e4b125b55d,167.24,1,Accessories,sber_pay,263.0,5,10,3
a6ca2b94-e782-41b1-96be-50f31c58d4e4,70.7,1,Shoes,bank_card,131.0,2,10,0
a6d94076-44cb-42e6-9082-e2a0402ac43b,206.2,2,Sports,sber_pay,95.0,4,10,2
a6eac3df-7a15-40c7-8177-5ce614ae62bb,403.53,3,Health,cash_on_delivery,26.0,13,10,0
a6ee40d4-9fb8-48f9-8d53-d729f5fbbe60,246.48,1,Beauty,cash_on_delivery,61.0,4,10,1
a6f1765e-f557-471c-b4e2-a656a038b25e,124.75,2,Office,bank_card,142.0,5,10,2
a6ffa6d6-2a7b-4d7b-8edc-fc291a3ece4e,51.93,1,Furniture,sbp,40.0,6,10,1
a709fefd-3daa-43e1-ad72-e94da13722d7,368.5,2,Books,bank_card,211.0,5,10,1
a70cdfef-d2a8-4838-ab31-b8d304bdc4f7,64.41,1,Laptops,bank_card,10.0,1,7,0
a719632f-30de-409d-97ef-914ae81acb5e,44.69,1,Smartphones,mir_pay,96.0,4,10,5
a731d509-ae84-474e-9862-993873618c80,340.73,1,Toys,bank_card,56.0,8,10,1
a734ec67-0b94-4ff5-9fb0-abdc7494bf5b,57.54,2,Kitchen,bank_card,176.0,7,10,2
a739eaef-4e76-4ace-907b-deb605c8f48b,131.57,1,Travel,mir_pay,140.0,3,10,2
a75051de-9c84-4fcf-883e-cb6fa02d44ab,171.75,1,Photography,sbp,15.0,2,10,0
a75a30c9-ced6-4ab1-816f-32dfef91ed83,205.83,2,Laptops,bank_card,44.0,7,10,1
a75b20f8-5536-41e1-82c4-cc98acc25de0,71.57,1,Automotive,bank_card,175.0,3,10,2
a7624e03-22b7-45f8-a05f-7b49b96cb834,3059.2,1,Kitchen,mir_pay,124.0,7,10,2
a7706bf7-5f09-48a3-9d96-314d39c6be47,27.18,1,Beverages,bank_card,142.0,4,10,1
a7718ccc-31e6-449d-912d-761f03de92e9,29.79,1,Toys,bank_card,54.0,7,10,0
a773152a-fdc6-4f07-b402-506dc35da973,25.51,1,Health,bank_card,25.0,11,10,0
a77826cb-4600-4594-9d20-8f39b44cdac4,136.55,1,Toys,bank_card,73.0,7,10,1
a77db0bf-f877-4cdc-8371-a345a11d858d,91.48,3,Software,sbp,1.0,3,10,0
a77fce8c-bbee-45a6-9847-217a73b5d7cf,58.45,1,Gaming,sbp,204.0,2,10,2
a7976c9c-78a0-4ad4-b0a1-97a8d62d8d20,1714.6,2,Automotive,sber_pay,8.0,1,8,0
a79f4f99-166f-4fab-bca7-1e8edaded09c,113.08,1,Photography,bank_card,42.0,4,10,0
a79fce89-b68f-4125-ae70-54cd51087ab0,32.38,2,Jewelry,bank_card,53.0,5,9,0
a7a4a879-5ecc-47eb-a542-86fa42067723,61.56,2,Smartphones,bank_card,74.0,1,8,0
a7bb360a-2e1c-4473-b6fe-cf94f2555c73,153.21,1,Laptops,sbp,19.0,6,10,0
a7c2a993-078a-4a65-8511-9562841a9915,98.95,1,Beverages,sber_pay,144.0,2,10,5
a7d27a4c-77d7-4eaa-a556-aa650d86567e,7.74,1,Furniture,mir_pay,144.0,2,10,1
a7da40f0-861d-4e53-aea3-e31e8c6dca87,19.1,1,Music,cash_on_delivery,86.0,12,10,3
a7da977f-6e0f-4de9-8341-c6478dc50f87,366.33,1,Tablets,bank_card,71.0,2,9,2
a7e75b0b-928b-4a6d-8edc-e9fb84724fea,44.32,1,Other,bank_card,61.0,3,10,1
a7f01575-6de6-444c-b469-3d33663f931d,188.33,3,Other,sbp,273.0,4,10,3
a7f79531-d7bc-49c0-820e-ddfbbdf4f90b,34.09,1,Beauty,tinkoff_pay,52.0,13,10,0
a80289fa-4709-44cf-a3e6-70d34de3bbc0,95.87,1,Pet Supplies,bank_card,109.0,2,9,3
a8045741-e202-44a2-a0a6-00c27ce7aaae,55.44,1,Home,bank_card,12.0,1,8,0
a8176a00-76e2-488d-8f39-4a5b550fcbd9,44.25,1,Electronics,tinkoff_pay,43.0,11,10,1
a81bbe39-11ff-4e14-acde-7cdd99aeb3ab,281.01,1,Other,bank_card,1.0,2,10,0
a823b02b-2cc0-4a7c-bc6a-c9df3c733fb1,241.11,1,Shoes,sbp,160.0,3,10,5
a84ae9eb-bcd3-4f38-92c6-eb48063e9028,48.28,1,Headphones,bank_card,9.0,4,10,1
a84cd6a0-5be0-4d8b-b8f3-20233b235e5a,306.69,1,Gaming,bank_card,147.0,3,10,0
a84cdce2-684e-47f4-80c4-e0e3d2ba7eda,168.93,1,Toys,cash_on_delivery,123.0,3,10,3
a84dcb62-7f78-4b0d-b1da-41ce3b58f306,62.66,1,Headphones,bank_card,122.0,3,10,1
a84f9c2e-e120-4ccc-938f-77090073fa5f,228.31,2,Furniture,bank_card,154.0,3,10,3
a85313be-c18f-42f7-ac35-37fb92cfd30b,149.81,1,Clothing,sbp,1.0,1,8,0
a87ad8ff-c4dc-48ab-8e78-e4829a07ff23,99.58,1,Electronics,sber_pay,301.0,2,9,2
a87be5af-c576-4b6e-a25d-74ad17c6c7f2,94.9,2,Music,bank_card,23.0,9,10,0
a888fbff-9f1d-4403-b071-b85891c01c6a,415.84,3,Other,sbp,234.0,3,8,2
a88cb7b0-103b-4e00-879a-ed16d51b3b91,286.19,1,Gaming,sbp,241.0,4,10,1
a8970936-8dcb-4f15-81f1-b911ee8bec23,1200.34,2,Shoes,sbp,96.0,7,10,1
a89a105f-d541-4795-8a72-a3b84e7c3954,51.6,1,Headphones,bank_card,1.0,20,11,0
a89cd2ae-8786-45e7-be07-da08c7693750,53.68,2,Beverages,bank_card,33.0,7,10,0
a8a1bb85-6800-4886-bb07-402368e04aea,60.53,1,Toys,bank_card,181.0,7,10,1
a8a4ee45-b971-4f90-a41a-a342d10be81d,148.92,1,Other,bank_card,29.0,15,10,2
a8b76a4e-f0af-4831-86a0-234018758f51,216.67,1,Software,bank_card,223.0,3,10,3
a8c0ff53-0500-44f2-805f-503123f374f3,11.02,1,Photography,bank_card,205.0,8,10,2
a8c796c9-c634-4df8-8b2e-e7692f4d7c08,33.38,2,Smartphones,mir_pay,35.0,13,10,0
a8ca0c08-73ab-4655-a0df-f595ecf9aa85,107.89,1,Gaming,tinkoff_pay,342.0,3,10,3
a8ce678d-c75c-4e9f-b6da-22c58638b234,27.64,1,Photography,mir_pay,161.0,2,10,5
a8cecad6-9f57-4deb-abba-13ca170e31e2,337.0,1,Books,sbp,70.0,6,10,3
a8d420fb-b5bf-498d-944c-571b9e36bfbc,47.18,2,Health,sber_pay,91.0,4,10,2
a8d61b8d-b31d-4788-8056-4c772f0a673e,1415.97,4,Garden,bank_card,65.0,4,10,0
a8d79889-d5d3-4230-b3cc-7b2eb60e0241,75.07,3,Furniture,sber_pay,194.0,4,10,2
a8d8aa4b-8bc6-49b9-a298-46812540c10c,126.84,1,Furniture,sbp,173.0,3,10,4
a8dc4a5c-489f-4fc8-8e6e-dd919968902c,497.98,3,Tablets,bank_transfer,29.0,4,10,0
a8e3362b-a67a-401e-9927-d9665b149b4f,178.77,2,Pet Supplies,sbp,90.0,2,10,0
a8eedfd2-0bbb-44ea-8e49-7f988510ac00,238.14,3,Software,sbp,116.0,3,10,4
a9114d6b-05d0-4360-8352-eb2b3f8bead2,63.06,1,Headphones,bank_card,21.0,13,11,0
a915f8ef-239b-46fc-bfd5-f66d82e1feac,291.54,2,Sports,bank_card,4.0,1,9,0
a91b497a-6e12-47ba-ae1a-49d9ab692834,64.94,1,Gaming,sbp,285.0,1,6,3
a91e4cdb-9427-448f-a601-81931ec77807,117.0,1,Other,sbp,232.0,5,10,3
a921e804-468f-4355-8725-d950f4f7fd4a,127.16,1,Automotive,bank_card,76.0,3,10,2
a934f55f-e9a1-450e-8775-cfa1f645b422,86.26,1,Pet Supplies,sbp,114.0,5,10,2
a939a54c-13fd-400c-b88a-b916b706e685,189.82,1,Home,sbp,122.0,3,10,2
a9483bfa-594c-4984-9c89-c80a47d06fe7,12.93,1,Books,sbp,71.0,3,10,2
a94d0a9a-fc1f-4523-aed6-9025c768380a,158.2,2,Kitchen,bank_card,6.0,3,10,0
a96cfaee-5083-4094-ad98-6d249b184555,90.81,1,Pet Supplies,bank_card,218.0,2,10,3
a9705e19-950a-4e09-a841-d5c170298b59,39.89,1,Outdoor,bank_card,51.0,9,10,0
a983acec-9be3-4e6b-92f0-e651f63023df,150.75,1,Laptops,bank_card,42.0,5,10,0
a99bdeea-e188-4d48-9140-902e798396b0,74.75,1,Furniture,bank_card,30.0,7,11,0
a9ac889b-7218-4422-9e22-b0e95ba413d2,245.56,2,Outdoor,sbp,2.0,4,9,0
a9b19e1d-d9dc-41a7-9d17-4bb2933524b3,194.64,1,Pet Supplies,sber_pay,10.0,14,10,0
a9baf5a0-1df3-4b86-8401-be3ca841299e,212.62,1,Smartphones,sbp,263.0,3,10,4
a9bb14b3-05b2-4017-887f-085cad1db1d5,90.81,1,Pet Supplies,bank_card,14.0,5,10,0
a9bf1669-f24e-4d39-95a8-5db98cc3f158,969.19,4,Garden,bank_card,57.0,11,10,1
a9d4b633-ad8c-4956-ba06-9c3292b13ee6,49.9,1,Pet Supplies,sbp,36.0,3,10,0
a9d78d03-512b-46ab-b821-f2556e4f5710,1758.99,3,Travel,bank_card,31.0,1,6,0
a9deae00-7c24-4aa7-a68f-7530e0cf6fab,273.58,2,Office,tinkoff_pay,64.0,8,10,1
a9ea9c31-de0f-42a0-89db-17f76183c18f,466.0,1,Software,bank_card,16.0,6,10,0
a9ed3050-92b2-4a09-ab9a-b3d5003e829b,248.63,1,Jewelry,bank_card,6.0,12,10,0
a9f746ae-5bf8-4403-b723-6b8f27c1db5c,54.15,1,Automotive,bank_card,24.0,2,10,0
a9fdd99d-9924-45e9-97bf-f75827bc3374,94.71,1,Smartphones,sbp,80.0,2,10,1
a9ff2195-fbd2-4fb3-b25d-738aa5677c7d,149.73,1,Sports,bank_card,238.0,5,10,1
aa118e73-ba84-4b66-b161-980e7c9f0590,43.55,1,Clothing,yandex_pay,100.0,6,10,0
aa2335d6-1121-4624-8190-bcd2e350c5b1,35.07,1,Furniture,bank_card,115.0,3,10,1
aa264677-ae66-4914-aaba-f98aeaf49e1c,422.54,2,Garden,sber_pay,8.0,1,9,1
aa30edaa-3926-4380-ad4a-6a24e66378a6,2.64,1,Food,bank_card,22.0,8,10,1
aa4350de-1b60-446e-976d-ac9204904479,40.15,1,Other,mir_pay,107.0,5,10,1
aa4992bb-d331-43f9-996c-7a1512cffaa3,768.54,3,Pet Supplies,sbp,37.0,11,11,0
aa5491f8-24ac-4912-9c4c-38d37e826b9d,115.18,2,Furniture,bank_card,1.0,1,7,0
aa61ba75-ca74-40b3-a9c3-e2834df4fbb4,25.89,1,Kitchen,sbp,34.0,6,11,1
aa683f3e-d78e-417a-af66-fecd88ccb463,39.84,1,Home,bank_card,307.0,3,10,2
aa7931c1-3bcd-4349-bcc1-bd2623110945,92.0,2,Shoes,sbp,28.0,7,10,1
aa838b43-dac0-4fff-8c65-96f7ff577867,221.59,1,Shoes,sbp,28.0,14,10,0
aa83b41e-bfc4-446a-8ba5-15f5a2995de6,46.06,1,Travel,mir_pay,297.0,5,10,0
aa9a8f02-c771-4b1a-ab0b-7550c930a25e,58.76,1,Headphones,bank_card,179.0,2,9,0
aabd9247-a63a-4eec-a600-d9b4f4cac2d9,94.1,1,Office,tinkoff_pay,22.0,1,8,1
aac0cb3f-d29d-4784-9565-51f700a24729,76.96,2,Shoes,bank_card,176.0,7,10,7
aacd155e-067d-4a4d-b37f-bdb821fb1705,43.24,1,Sports,sbp,54.0,3,10,0
aae2423a-92d4-4625-aee6-cbd9b9d9e6dd,212.1,1,Beverages,sbp,189.0,4,10,2
aae2de10-b2fd-4c38-b780-7d108112fafc,322.83,1,Gaming,bank_transfer,113.0,4,10,3
aaf7317d-e490-4e01-80ac-3dd94ffb64bc,105.69,1,Health,bank_card,211.0,2,10,2
ab0929bd-99bb-444c-a240-53d9fe522184,2284.12,4,Food,bank_card,32.0,16,10,0
ab106292-06fe-416c-9231-80badd7e42c5,1386.21,1,Accessories,bank_card,41.0,3,10,0
ab17ccd7-7678-464d-b0dc-a6525ba1fb2d,704.49,3,Photography,sbp,199.0,1,8,1
ab1fc50f-ead4-482c-a917-6b63f3026f5c,158.12,1,Pet Supplies,sbp,156.0,3,10,3
ab25602c-2500-4805-9370-aec68e6c1b81,219.05,1,Kitchen,sber_pay,33.0,16,10,0
ab3f4c53-919b-4e69-bb61-4123b06082e9,105.06,2,Office,bank_card,0.0,1,6,0
ab4453e6-a573-4440-a6a6-16f70f8e9147,20.18,1,Toys,mir_pay,249.0,1,8,3
ab45fc64-23af-4594-8d21-7b2ad82cf099,49.64,1,Office,mir_pay,202.0,2,10,2
ab46f6be-3ad9-45b9-a359-82fa8d8db254,120.56,1,Beauty,sber_pay,38.0,26,10,0
ab5355de-7bd0-4371-b0ba-86e74f913205,307.82,3,Health,bank_card,139.0,8,10,2
ab6555f3-405d-4257-9d5c-5f9c56979875,150.2,1,Toys,bank_card,5.0,6,10,0
ab69abc2-cee9-4c3c-abff-ee0ff20aaf35,178.42,1,Software,mir_pay,160.0,4,10,2
ab7570f4-571b-4830-bc09-5b150e024e1f,13.67,1,Furniture,bank_card,7.0,14,11,0
ab7791cd-f6c4-4cbf-bca3-4d5e27dd900a,124.75,2,Office,sbp,249.0,5,10,2
ab787a5a-6927-416e-abb8-ee7316557778,63.37,1,Shoes,bank_card,11.0,6,10,0
ab804881-b8ba-48bd-8eab-a9b4415b7fc2,83.88,2,Home,sber_pay,19.0,26,10,0
ab90f60e-a38a-4972-8b0b-c981859ee5cf,160.53,1,Food,bank_card,143.0,3,10,4
ab9a04df-1ec8-4b77-bc32-155ead8fa9d6,135.51,4,Photography,sber_pay,15.0,19,10,0
abbec928-3523-4189-b3ff-d3f105351252,325.83,1,Outdoor,yandex_pay,15.0,19,10,0
abc172d7-ad5b-405b-8817-e87f9d793897,74.39,1,Other,cash_on_delivery,24.0,4,10,0
abce788f-aafb-4eb4-8a8b-d6294a5ee616,101.18,1,Jewelry,bank_card,4.0,1,9,0
abd0a831-57d4-42a7-b8e7-1d7b2c05fb0b,281.04,1,Clothing,bank_card,9.0,1,7,0
abd2cbca-869d-4c5b-be5c-e745d29b2217,91.74,1,Tablets,mir_pay,64.0,4,10,0
abdfe824-b8af-468d-86a9-adfadccd207a,184.81,1,Smartphones,sber_pay,65.0,7,10,1
abf34372-7618-4f97-9703-c36fd97e0d49,74.26,2,Photography,bank_card,92.0,6,10,1
abf492fc-e1f8-474e-b74d-6df5701ca54d,58.78,1,Beverages,sber_pay,264.0,2,10,4
abff4fa6-e9e0-46c8-aa81-cb049ddcf7f2,286.98,2,Health,cash_on_delivery,232.0,2,10,5
ac026a85-8e92-4055-99dd-6a0650931df6,329.9,2,Health,mir_pay,53.0,8,10,2
ac103503-e0d1-48f1-9bda-4b5511a55531,44.07,1,Clothing,mir_pay,326.0,1,9,2
ac178ace-bda6-4aea-b78e-f72f69996167,46.6,1,Pet Supplies,bank_card,125.0,3,11,0
ac20d126-8cfb-4038-882b-c814f49ae36a,252.32,2,Beverages,bank_card,38.0,5,10,0
ac33d52c-a915-4c99-9df8-3b91c96488fa,122.45,1,Gaming,mir_pay,47.0,14,10,0
ac39ddcf-83c6-4563-b8b4-c3fc39ab9064,113.58,1,Sports,bank_card,6.0,1,8,0
ac3a2dc8-7957-496d-b587-a52c81d4038d,206.68,1,Beauty,tinkoff_pay,177.0,7,10,4
ac4b9fe2-9dc0-469b-8ac1-869f15e11562,167.72,1,Laptops,bank_card,22.0,3,10,1
ac5545c7-9696-4a34-a7f7-0e87b2b56161,45.94,1,Accessories,yandex_pay,148.0,4,10,3
ac557963-28c7-499e-80de-73a524f9d024,173.79,1,Laptops,cash_on_delivery,12.0,3,10,0
ac6bd3d4-60a4-4f96-8bde-3f26ac132c43,8.95,1,Pet Supplies,bank_card,165.0,1,8,1
ac790f3a-bd83-4ef9-94a6-b1639359d38e,297.41,1,Furniture,bank_card,34.0,12,10,0
ac7d1405-13f3-4879-a381-4206a404a9e7,449.47,1,Electronics,sbp,31.0,9,10,0
ac8255b0-c9fc-48f3-abc9-a59dda70fb26,114.72,2,Garden,sbp,33.0,6,10,0
ac845078-6366-4ddf-b53e-1572d29b4325,1354.87,2,Music,sbp,44.0,5,10,1
ac87852e-fcd2-4d23-9bc0-5466ab54e86f,357.02,1,Photography,bank_card,56.0,8,10,2
aca7fa55-b756-46bf-a775-cb4dd7762729,25.96,2,Beauty,sbp,8.0,2,10,0
acb2a1e2-2301-434f-aa91-60df5b758497,71.57,1,Automotive,bank_card,233.0,4,10,1
acb855e2-7ebc-4daf-8f90-b7a0e3d79db4,84.16,1,Health,yandex_pay,4.0,1,8,1
acb8faaf-5bb5-4b36-bd33-fe4ce18c97bc,146.92,1,Health,yandex_pay,19.0,6,10,0
acbdb146-dad2-40cb-ba59-6750c45a1e8f,42.68,1,Health,mir_pay,160.0,4,10,0
accc95f6-d147-4d93-8294-20c82c7741f8,155.73,1,Shoes,sber_pay,34.0,4,10,0
acd683ad-391f-4570-9f78-361b9b904419,47.44,2,Garden,sbp,9.0,1,6,0
acda106f-b6ec-489f-b980-28845237b41c,30.71,1,Books,tinkoff_pay,24.0,11,10,0
acdaa805-38e5-4695-b31a-c3488bed167c,180.03,2,Books,sbp,16.0,5,10,0
ace2816e-4a23-4691-82d1-05b28e168a4f,277.76,1,Sports,tinkoff_pay,21.0,3,10,0
ace5a940-2230-4750-93e3-928ec01a4641,466.26,1,Jewelry,bank_transfer,36.0,5,10,1
aceaa17a-c364-4b12-a311-30d43b6075e4,102.53,1,Toys,yandex_pay,53.0,4,10,1
acf92f04-1e2c-4f5b-9bd9-4e2286004b1d,262.84,2,Other,sber_pay,42.0,4,10,1
acffaec5-c2e5-427b-9fbc-77eece845ba1,83.83,1,Food,mir_pay,76.0,8,10,0
ad137dcf-8401-4644-88e4-4826f0dda7fa,178.58,2,Headphones,bank_card,130.0,4,10,2
ad1e9bea-e791-46bc-b886-393f94c7dbb4,265.44,3,Shoes,bank_card,40.0,12,11,1
ad36c6c5-75ba-428c-9909-a7b11afe23dd,130.84,2,Beauty,cash_on_delivery,47.0,2,10,1
ad39f863-0c09-445f-b47a-725de6d0895f,15.82,1,Headphones,bank_card,33.0,5,10,0
ad3b13e3-a41a-4ed0-b5ff-176779bd75eb,26.9,1,Beauty,bank_card,17.0,16,10,0
ad43030e-2c37-445a-92d6-8145cebd5db4,45.68,1,Furniture,sbp,8.0,12,10,0
ad7129c9-0413-4157-8e4b-cd6c6bfef8a4,37.24,1,Gaming,bank_card,2.0,12,10,0
ad712f1c-8708-4c4a-8c06-5da28f5f832f,439.9,2,Outdoor,bank_card,301.0,5,10,3
ad8f89da-6da2-4574-bf10-bfc403d6f85d,33.64,1,Smartphones,sbp,75.0,4,10,0
ada37613-a193-4f7a-a16f-73d922ccd28d,378.93,1,Sports,sber_pay,126.0,5,10,0
adae0525-9369-4373-8d9b-7d8293a8b94b,42.79,1,Beauty,bank_card,1.0,4,10,0
adb06c18-fd65-43ab-81bf-673fbbc9f267,103.29,3,Shoes,mir_pay,138.0,3,10,2
adc1c400-52ab-42cf-9b78-78896135f4b9,23.63,1,Travel,yandex_pay,103.0,3,10,0
adc84dd6-3caf-4ea7-8e90-06dcda6500a2,9.79,1,Music,sber_pay,148.0,2,10,3
adcd8011-9d15-41ad-ad91-f2fb3777a4bf,269.86,1,Beverages,bank_card,221.0,3,10,3
ade9c4d5-272e-48ee-9765-813c1e584220,235.55,1,Health,sber_pay,307.0,4,10,4
adf5949c-f3bd-4022-a34c-48dd5b494e34,88.12,1,Other,bank_card,2.0,1,8,0
adf750a8-faf4-429f-865b-31c6fe5f46cc,362.64,2,Music,bank_card,0.0,1,8,0
adf753f5-93c7-4f7d-8962-6e8782b2b016,55.61,1,Software,cash_on_delivery,73.0,3,9,0
ae03ba99-0746-4e0e-a103-6b9affe791fa,189.13,1,Gaming,tinkoff_pay,1.0,1,9,0
ae094ea7-ca62-4255-8e87-ab220ddd7530,63.07,1,Beauty,bank_card,288.0,2,10,2
ae0d0c1b-15ac-4475-bbf1-8c7c23b04a91,140.52,1,Tablets,sbp,209.0,3,10,1
ae17062d-cd1b-4e29-af74-139f7d7b4665,233.0,1,Laptops,bank_card,24.0,27,11,0
ae2554fe-0c23-4557-ad1f-7607231506f1,53.78,1,Beauty,bank_card,178.0,8,10,3
ae25d474-c56d-4997-a44c-d1998a342787,340.33,1,Beauty,yandex_pay,70.0,5,11,1
ae2a53a6-07f9-4987-9660-670057345c8f,33.34,1,Outdoor,bank_card,20.0,4,10,0
ae2c1c3f-65c2-40ba-8a71-0ddab59831a7,797.7,1,Travel,bank_card,84.0,5,10,0
ae2e8fff-c6af-4993-bd5c-db110941a528,289.96,1,Accessories,bank_card,209.0,4,10,2
ae30cfb9-d165-4454-bcc5-6f5efca8e168,49.09,1,Automotive,sber_pay,183.0,2,10,3
ae3ee160-06a6-424e-a9cb-89fbfeea4723,29.01,1,Tablets,sbp,95.0,3,10,2
ae43952f-0695-45cc-8f42-025b9387b287,37.96,1,Office,bank_card,124.0,5,10,1
ae598c4e-e668-42e6-a286-084d1465d29a,187.67,1,Office,cash_on_delivery,114.0,4,10,2
ae629f5f-1a94-4408-a781-acd95578a7a8,182.27,1,Garden,mir_pay,4.0,11,10,0
ae6775eb-a406-408f-9667-755e882e6079,89.59,1,Shoes,tinkoff_pay,173.0,2,9,1
ae6b1829-748f-4003-9ed3-f24952d58108,851.93,1,Pet Supplies,bank_card,40.0,19,10,0
ae7780ce-5bc6-4bb2-aae3-50c115b1f35c,15.55,1,Automotive,mir_pay,46.0,4,10,0
ae7b4f8a-5bb6-426b-acfc-a2127a73fb08,317.26,2,Outdoor,mir_pay,193.0,3,10,5
ae7b80ce-faef-4a67-8113-438aaa33541c,28.98,1,Electronics,sbp,206.0,3,10,2
ae814fa7-7c4c-4d55-b591-204b729270fb,140.6,2,Travel,bank_card,74.0,7,10,1
ae8771eb-0759-4d24-ba5f-b990bbc1dec1,144.82,1,Furniture,bank_card,241.0,5,10,5
ae8b1eef-e7f1-4533-bbea-7645a6b6279c,85.28,1,Smartphones,bank_card,54.0,11,11,1
ae90d236-3f38-4d99-9c43-b6c61c0e70ed,952.59,1,Gaming,bank_card,67.0,3,10,2
ae93fad2-8136-46d0-9a2a-c9eadcfc41b8,1116.63,1,Home,sber_pay,66.0,14,10,0
ae950211-6197-4915-9bda-e827e325b0e1,305.48,2,Home,bank_card,16.0,9,10,0
ae9616f9-45a1-449a-95aa-1089b8299ee7,406.96,4,Sports,bank_card,190.0,5,10,1
ae9c1e97-1b17-43ff-9ea6-fa364542d659,401.05,1,Photography,bank_card,97.0,5,10,0
aea0432a-360f-44de-82c6-88206adc01d3,187.28,1,Beauty,sber_pay,42.0,1,8,1
aea1e935-286c-44b1-bbc6-b4adad867797,152.31,1,Clothing,sber_pay,13.0,4,10,1
aeb0c86f-e36c-438b-8872-8f71849b3975,639.58,3,Electronics,bank_card,191.0,4,10,4
aeb8bd6f-427b-41a1-9c30-56757e3e4aa4,188.81,1,Clothing,bank_card,123.0,5,10,1
aecbb09e-5536-4982-a993-07aa2f3b2d23,137.82,1,Pet Supplies,bank_transfer,26.0,2,10,0
aed33621-5a69-47b2-b1a2-d03eb045c134,105.69,1,Health,sber_pay,30.0,21,11,1
aef3b2da-669a-45c9-8597-e80416a969da,374.55,3,Other,bank_card,2.0,17,10,0
aef3fa95-0a5f-4bef-8ec9-9e372dbb6605,522.14,2,Food,yandex_pay,2.0,10,10,0
aef815ac-abce-4926-9424-613bfff08286,90.26,1,Outdoor,bank_card,8.0,17,10,0
af004079-463f-442e-9e3e-ee0badd028f6,882.9,1,Electronics,tinkoff_pay,155.0,3,10,2
af03952b-c11c-4158-9080-a45eadb05e92,565.78,2,Health,bank_card,281.0,2,10,1
af0bcccd-1d8b-4ef9-8875-9cad38d749c4,210.6,2,Sports,tinkoff_pay,124.0,3,10,1
af1569c3-ec64-4050-9352-cededd9f9a81,372.41,1,Food,bank_card,41.0,4,10,1
af1a2cc9-0110-44b0-bb4d-e12fcb17023a,383.99,1,Music,mir_pay,19.0,2,10,0
af27a378-7e6f-44f8-ae95-42f236e063db,347.34,3,Music,bank_card,275.0,6,10,2
af29e404-70d8-4fdb-b0e4-766d4240b3ff,164.42,1,Other,bank_card,156.0,2,10,5
af3570fb-74c2-4bf2-ad64-6df32f193719,59.7,1,Electronics,sbp,32.0,2,10,0
af3d9781-a7a0-4d88-9449-f5d517ad979f,94.24,1,Gaming,bank_card,176.0,5,10,3
af408948-dc3c-4ebb-b4d9-d05f6634cc92,52.14,1,Health,bank_card,152.0,4,10,6
af45f71d-335d-4da6-8ff2-6cad31c07680,41.02,1,Beverages,yandex_pay,21.0,3,9,0
af596774-63c2-49b1-94df-e9d07bdf2a50,184.81,1,Smartphones,yandex_pay,4.0,16,10,0
af5a3a18-17c5-449e-96d5-5017a3acef11,124.08,1,Other,sbp,204.0,2,9,0
af6487ab-3484-4175-b03d-3784277a0013,159.16,1,Music,sbp,31.0,1,8,2
af681edd-51b4-469f-a908-d14d428dfbb0,126.05,1,Shoes,bank_card,205.0,3,10,2
af78b01e-9872-47ff-b42b-f509a42297b1,363.81,3,Accessories,sbp,49.0,13,11,0
af8273e2-7aa3-4183-ad2d-bbbb2f687b98,72.04,1,Garden,sbp,68.0,2,10,2
af9d83ef-ed8f-4146-aba6-f95061e7a2e3,696.03,2,Tablets,sbp,230.0,3,11,3
afa46724-0286-44ab-99d1-86e253618281,69.1,1,Sports,bank_card,289.0,4,10,3
afab4efa-81fc-4c70-9574-5e1fced8b0e4,86.5,1,Books,yandex_pay,17.0,1,9,0
afba61d8-3aa8-4f19-b938-66ee605df61d,357.02,1,Photography,sber_pay,14.0,7,10,0
afbd6560-6ba1-412d-a1a1-63cc1853eda8,121.46,2,Tablets,sbp,137.0,2,10,2
afbe629c-e5cf-4379-8c79-d3a9ef38e514,41.72,1,Smartphones,sber_pay,64.0,9,10,2
afcbfefc-72f0-40dc-8e07-3ad671333924,124.04,1,Pet Supplies,bank_card,84.0,9,11,2
afce5478-1827-4258-9f37-7e2af570ecc4,417.35,1,Electronics,bank_card,98.0,4,10,0
afd09c24-874d-4d90-bbd6-3465a758fdae,37.04,1,Outdoor,mir_pay,50.0,2,9,0
afe2ad00-a569-40fa-9985-8ee14b7cc16a,605.26,1,Outdoor,yandex_pay,162.0,7,10,2
afe4445e-c3e8-4b4e-a3a3-798733dbccb1,50.77,1,Kitchen,bank_card,8.0,4,11,0
afe91da0-15e8-45d9-9a4e-6c0ba062fa4e,49.83,1,Photography,bank_card,240.0,5,10,5
afe9e4e3-c09c-45f0-bc72-7435fefcccd2,366.21,2,Photography,cash_on_delivery,34.0,28,11,0
b00ce45c-a828-4c56-af48-ee286b10da9e,212.42,1,Kitchen,bank_card,43.0,19,10,0
b012ea54-0627-4317-b6d9-f47eb3717c1c,169.22,2,Gaming,yandex_pay,97.0,4,9,0
b03c24ee-07a5-4b59-b6f1-db80b6336a3c,294.49,1,Outdoor,sbp,7.0,2,10,0
b03ff96a-421e-471b-b6eb-d27050659456,190.23,1,Software,bank_transfer,70.0,16,10,1
b0498e48-4dad-4b65-bcd0-e192b88c884b,1157.26,2,Outdoor,bank_card,57.0,4,10,0
b05d4577-f43a-4f9e-a66a-f2f007f3985f,311.86,2,Toys,sber_pay,42.0,9,10,0
b062c9b9-e175-4a0a-9411-658a8c1db67d,499.1,2,Home,bank_transfer,59.0,12,10,1
b062e50f-771c-4613-a1b6-a882bab6a1cf,183.4,1,Accessories,bank_card,0.0,9,10,0
b064ba28-141e-46ec-82e7-a0b8d02ae824,335.61,1,Shoes,bank_card,178.0,3,11,1
b067b611-20ba-461f-8dd3-c7911b6f1179,364.41,1,Headphones,bank_card,111.0,1,8,2
b06d0043-a8b6-41a6-8909-e6ec8c23a71d,69.71,2,Smartphones,sbp,290.0,5,10,3
b07b4602-4f8e-431a-be18-c73e2d430bc4,45.14,2,Headphones,bank_card,17.0,8,10,0
b07e92da-571c-4aaf-b425-699469ed9e10,56.71,1,Electronics,sber_pay,227.0,4,10,4
b08a5a55-f8e2-4068-a7e5-fb82fb5b7947,134.47,3,Garden,sber_pay,26.0,1,7,0
b08dfd91-7528-483f-b110-149c3577da7c,508.26,1,Office,sbp,110.0,3,10,2
b090826a-be39-4b17-b2be-187fccfbf513,819.05,2,Beauty,bank_card,68.0,4,11,1
b0a77225-7fea-44ed-ae8c-0c2590a4edcf,262.21,1,Software,sbp,72.0,11,10,1
b0b34f64-0381-421b-b3b1-ddfff32ed4c9,448.32,3,Furniture,sbp,83.0,2,10,1
b0b5ebc8-c71a-470c-8be8-8c22732caee1,146.54,1,Toys,sbp,12.0,5,10,0
b0b7942e-e746-47a7-8a1b-1f273e166722,209.88,2,Travel,sbp,140.0,4,10,2
b0b86c92-e651-42b2-b229-b4698b326278,207.68,2,Software,sber_pay,114.0,5,10,2
b0c636b6-f0f0-4402-8f9d-4630d0016a14,1325.67,1,Clothing,sbp,317.0,5,10,3
b0fb8d7f-7706-4e4d-acad-2bcc6e56b3ec,441.04,1,Health,bank_card,72.0,10,10,0
b10d74f8-82be-4466-a415-a4179286bfea,167.62,1,Pet Supplies,mir_pay,13.0,6,10,1
b1164dd6-f938-4587-b903-3cadf60e612b,186.74,2,Health,bank_card,35.0,2,10,0
b11a2078-38c1-4b52-880b-9ac6a3dadbb9,115.48,1,Clothing,bank_transfer,92.0,7,10,2
b11e058e-7c12-43bb-8ee4-8cd3520f619e,137.55,1,Accessories,bank_card,172.0,1,8,2
b13c9662-ded8-4c61-8b03-a0534300f9ef,39.2,1,Clothing,bank_card,4.0,6,10,0
b146a0a2-5c9a-480a-a4db-3168ac7a8d9f,701.72,1,Shoes,yandex_pay,94.0,3,10,1
b1476ca6-3b39-4def-8886-bacb383bdd14,33.0,2,Jewelry,sbp,69.0,3,10,0
b149f348-6962-4f47-903f-49695dc34d70,116.64,1,Outdoor,sber_pay,252.0,2,10,2
b14aea51-f18b-4ea6-98e4-e5754ad235ee,126.42,1,Headphones,bank_card,39.0,4,10,0
b152c546-8446-4619-920e-5610085209a3,840.73,2,Garden,sbp,58.0,3,10,0
b163af23-23fa-4935-88cf-7e06c9a56cf6,19.94,1,Accessories,bank_card,26.0,2,10,0
b164de54-c8d9-49f7-b64d-cc6a7cbc2803,149.73,1,Sports,bank_card,113.0,8,10,1
b16bf7da-6a9b-467e-a611-27d6332cd615,650.81,1,Garden,bank_card,43.0,8,10,0
b187db12-152d-4bd8-ac77-bc96f03bf59d,144.06,1,Gaming,bank_card,17.0,7,10,0
b1a2fe96-585b-4901-927c-580d937ac5b3,108.78,3,Accessories,bank_card,46.0,10,10,2
b1a38af7-de4c-4a00-9ff9-cffad888b90d,236.62,1,Clothing,bank_card,44.0,13,10,0
b1a84627-6c22-4a3a-a762-d04537b65d33,33.79,2,Sports,sber_pay,209.0,1,8,3
b1ad9283-9463-4677-832f-3f0a786a5a95,418.28,2,Gaming,sbp,25.0,9,10,1
b1d5cf8c-2a67-4393-bfb5-9c7ba79625fb,20.98,1,Headphones,yandex_pay,2.0,15,10,0
b1d62dd0-88f8-42ec-80df-2c63ef69fb24,159.16,1,Music,bank_card,69.0,8,10,1
b1d850a5-22ec-4904-913c-cb086f02c93c,95.8,1,Toys,bank_card,235.0,2,10,2
b1dc8050-4e33-4a42-904f-57ae6ffb701d,505.81,1,Food,sbp,18.0,1,9,1
b1ec598b-14f1-46cb-9cd0-20ed24895fe7,1278.7,2,Clothing,sber_pay,167.0,7,10,4
b1efbb65-76b2-4102-8d6c-b94e99bd8770,104.42,1,Automotive,mir_pay,16.0,27,11,1
b1f0fef5-c743-4439-b108-5107709e34a5,509.38,1,Headphones,mir_pay,47.0,2,10,0
b205bc3c-17c4-44e1-9d35-db7c54768759,290.26,1,Health,sber_pay,153.0,4,10,1
b206c713-f0e5-4404-b6a1-27034f70e9ac,514.18,2,Tablets,yandex_pay,84.0,10,10,0
b2145b7c-79d6-470f-884c-f5040c6394c6,18.3,1,Beverages,sbp,17.0,5,10,0
b214ca3c-4ed1-4eff-83cb-dc0726c722c2,149.72,2,Books,sber_pay,229.0,3,10,4
b21cd0f0-285a-46fc-871a-08c37c103122,9.68,1,Shoes,bank_card,30.0,1,9,2
b21ee971-6c29-4c08-9c2b-f2482d681f90,226.14,1,Books,sbp,75.0,6,10,2
b232ffa1-dcdc-4989-9744-153ee82af911,11.28,1,Beverages,bank_card,37.0,7,10,0
b2334b86-b8be-41e4-9960-735bff0da5e5,194.88,1,Toys,tinkoff_pay,108.0,6,10,3
b238c634-65ad-4b62-90fc-509a57707ed0,20.1,1,Gaming,bank_card,106.0,2,10,0
b23ba795-2819-4cdc-8b0b-6276512f7154,122.11,1,Automotive,mir_pay,57.0,3,10,2
b23efa2e-e2b1-45b9-9424-2499255c220c,69.78,1,Sports,sbp,87.0,8,10,0
b24585ff-d529-498c-9a3d-c02eadd979ff,44.93,1,Health,sber_pay,19.0,3,10,0
b2583a9d-786e-4e09-8224-408b24253ede,39.53,1,Office,sbp,39.0,7,10,0
b25ca723-3878-42a3-92ec-a9c7c9a9c9a1,49.83,1,Photography,cash_on_delivery,9.0,2,10,0
b25dbc8f-bf2f-45d9-91fb-986fc5aed22b,68.7,1,Outdoor,sbp,144.0,7,10,1
b2688fbb-71eb-415d-b954-bd8dda7b8f80,49.83,1,Photography,bank_card,122.0,6,10,1
b2752604-265e-4f13-93fc-526761d083ea,292.72,1,Garden,cash_on_delivery,177.0,5,10,3
b2754823-5f0d-4694-ac41-3a2b4301c24e,43.22,1,Electronics,yandex_pay,71.0,17,10,1
b285fe24-3eb9-4235-92b8-d2fdd3044e1b,177.74,2,Office,bank_card,47.0,3,10,0
b28f6eaa-c02e-42ee-9988-509633339132,2169.91,4,Food,bank_card,275.0,3,10,2
b2916a0f-4dca-421d-af36-c46752f3e882,242.06,2,Health,bank_card,205.0,3,10,2
b2974eff-8c34-4dd9-862d-3c6fca3e600b,176.82,1,Music,tinkoff_pay,146.0,3,10,1
b2ad717e-e160-4a36-900f-eee6614f3e9a,1197.06,3,Shoes,sbp,7.0,22,10,0
b2b8d046-3982-4eea-922a-d56d932b2d25,104.42,1,Automotive,bank_card,43.0,12,10,0
b2bcd6a5-10fb-453c-8aa4-bb84225e5bef,826.4,1,Toys,bank_card,22.0,7,10,0
b2d0a9cf-8052-4b2f-baa0-982875579413,438.3,3,Sports,tinkoff_pay,107.0,3,10,0
b2dcd2e8-4d5a-4508-a6be-541b4c53246a,37.11,1,Laptops,bank_card,16.0,6,10,0
b2dd2995-b3c5-4c68-9ceb-a8b020e6c576,188.27,1,Headphones,bank_card,237.0,3,10,2
b2de8f00-c970-4cbf-b36c-8effec626805,81.39,1,Sports,bank_card,62.0,2,10,1
b2dfa1e1-fc6d-4356-975c-ec54265be3ff,102.88,2,Tablets,bank_transfer,54.0,26,10,0
b2e034eb-ad1f-43d3-a038-a0e2f4adae90,27.37,1,Office,bank_card,42.0,14,11,0
b2e58f8e-05c2-4a05-902a-64d05647f45a,207.32,1,Tablets,bank_card,202.0,4,10,4
b2e609c1-3d74-4798-9ac3-6e1a763f1a5d,115.81,1,Tablets,bank_card,12.0,9,10,0
b306740c-b844-43c8-b980-8c5ef3e5527e,30.78,1,Smartphones,bank_card,7.0,1,9,0
b30bd1da-47f7-474f-977f-f5b097e15b5c,630.56,1,Accessories,bank_card,28.0,15,10,0
b3128c70-7d89-425d-a989-1225f7296601,35.12,1,Accessories,tinkoff_pay,68.0,8,10,1
b3162f00-75fe-4f00-bf73-7a46e5a431fc,168.98,1,Food,bank_card,10.0,1,8,0
b31f6511-a6eb-49d5-9023-59bff4f3d105,89.97,1,Smartphones,yandex_pay,196.0,2,10,4
b32a0fbe-160f-4063-93fe-3ab991bf30ee,94.73,4,Garden,tinkoff_pay,8.0,12,10,0
b3366f14-5080-4c37-a6dd-b24e0fafa00e,160.57,1,Laptops,bank_card,137.0,13,10,1
b33a13fa-e84c-4768-af2c-66c8cadb1266,66.43,1,Health,sbp,10.0,14,10,0
b36bb0fa-f71b-4dd2-9100-db97997293c8,286.72,2,Gaming,bank_card,0.0,2,10,0
b373506e-3ed7-40e0-a367-8b9e4a20780d,157.82,2,Electronics,yandex_pay,217.0,2,10,1
b378290c-7787-46c3-b695-920f58cbf1f7,171.32,1,Health,bank_card,29.0,14,11,0
b3848d54-cdda-43a7-9483-c2edfc44dbd6,87.29,1,Health,bank_card,16.0,20,10,0
b3916f5b-f299-4d22-99ae-456097969936,230.58,1,Kitchen,bank_card,312.0,4,10,1
b3944f64-b2ef-4c14-9f76-34ddd07005e8,37.49,1,Garden,bank_card,44.0,3,11,1
b3962b34-3eb4-4d59-bb5b-e2b23fec94bb,248.67,2,Smartphones,bank_card,22.0,13,10,0
b39c6f00-8282-422f-a493-4f1dd39ac70b,57.44,2,Beverages,cash_on_delivery,48.0,1,6,0
b3a621ed-5c7c-4f69-a6c2-35560ae13971,60.91,1,Gaming,sber_pay,53.0,10,10,0
b3a83d93-266c-4b49-a849-b576f92e408d,190.36,1,Health,bank_card,263.0,3,10,3
b3b20f50-f794-4c3c-9738-db11c3f056f0,60.2,1,Shoes,bank_card,13.0,12,10,0
b3bbc4b7-d734-4068-890c-20bf382e5b22,211.27,1,Garden,sbp,104.0,5,10,1
b3cc7557-c0a5-4abb-b012-32d95f05617b,407.27,1,Health,bank_card,28.0,6,10,0
b3d90df2-94ce-4198-8819-ebf8cdda054c,43.57,1,Smartphones,bank_card,87.0,6,11,2
b3e3b162-8c3b-409d-85d6-84751be3be5d,136.55,1,Office,bank_card,200.0,2,10,2
b3ed6214-388b-4cd1-86b0-d83bd63bff3d,871.34,1,Health,bank_card,98.0,1,8,2
b40b34be-6906-47a3-903f-68dbdba4b408,108.96,1,Kitchen,mir_pay,35.0,14,10,0
b411272f-94da-4547-82be-75592ecc071d,199.3,4,Toys,mir_pay,15.0,3,10,0
b418a6cb-a42f-468d-b4b2-71479b03f183,143.88,1,Outdoor,sbp,7.0,7,11,0
b41dc325-1232-4276-ba0e-0e2a26d407ef,29.02,1,Photography,bank_transfer,81.0,6,10,3
b420d5d7-f9a6-4b77-8568-c5914a8ad2cc,53.09,1,Smartphones,sber_pay,181.0,2,10,3
b44396c1-a9d8-46a9-95a3-5adfe1c1bf27,175.56,1,Kitchen,bank_card,159.0,4,10,5
b44964bb-5170-44db-bcd6-dbd97c1dbcd0,368.07,1,Pet Supplies,mir_pay,221.0,3,10,3
b45be03e-9b1a-4691-9828-cda64b3c455b,1134.66,2,Automotive,bank_card,37.0,9,10,0
b45cb348-0ebc-41f3-880a-9fccba75598b,47.65,2,Office,tinkoff_pay,14.0,8,10,0
b45d27ad-0e18-49fb-8935-8b8fa0721291,180.17,1,Accessories,bank_card,119.0,7,11,2
b470141d-5480-409e-a2e2-12b7b6d7bfa9,26.34,1,Furniture,mir_pay,87.0,9,10,0
b4775797-accb-4ddd-9b2a-59c7b2277fb9,236.04,1,Outdoor,sbp,173.0,7,10,4
b47e4ccc-90ed-47c2-bd92-9cf17cee2b0f,940.62,2,Travel,bank_card,26.0,11,10,0
b4874c74-2674-4bfb-bbc7-4b5f674d2896,275.13,1,Gaming,yandex_pay,40.0,11,11,1
b49265bd-da79-4e6d-8986-f28bbd834bf6,98.13,1,Books,bank_card,26.0,3,11,0
b4ad43b3-fb14-4577-8d17-7e8896aff916,206.2,1,Home,bank_card,84.0,4,10,0
b4b69967-05c6-4a5c-8b20-59c6d71557b4,55.53,1,Beverages,sber_pay,7.0,5,11,0
b4b8061f-cdfd-4db7-87bc-2ca1146ec666,126.55,1,Kitchen,sbp,38.0,14,10,2
b4b94608-5e93-4600-a826-ff25256c9e47,93.81,1,Software,bank_card,76.0,5,10,3
b4bcccde-0143-4082-a164-c810aa34be93,420.24,1,Books,yandex_pay,157.0,2,10,5
b4c8db56-230a-4bd5-99bb-ecfcff8d5bc3,95.87,1,Pet Supplies,bank_card,332.0,2,10,4
b4cca867-4673-4b49-99de-639b671fc19b,88.4,1,Sports,sber_pay,168.0,3,10,4
b4cce2bc-1cf5-433e-a7dc-2ac101f405bb,295.86,1,Office,yandex_pay,54.0,4,10,1
b4cf0dbd-bfac-4891-bae6-cea7145c243f,386.92,1,Electronics,sber_pay,3.0,1,8,0
b4da12c7-4dec-4dc2-8015-dd17ec9cb2bc,305.88,2,Headphones,sbp,9.0,17,10,0
b4fefc16-3d0d-4d1d-97aa-8eb577086c86,120.18,1,Headphones,sbp,162.0,5,10,2
b50dc6c2-156f-4244-b889-ade591470f96,674.0,2,Books,sbp,19.0,12,10,1
b51214c0-a492-44a4-a8e7-0dd0e87d4fea,392.49,3,Home,sbp,92.0,1,7,1
b5157eed-149f-4d98-9931-77948ab53774,42.73,1,Kitchen,sber_pay,133.0,2,10,1
b51a366f-7e10-412b-9593-776a9f3d76e4,24.59,1,Beverages,cash_on_delivery,33.0,7,11,1
b51fa628-f2dd-43aa-a4c1-fe6e54c3b25e,215.41,1,Smartphones,sber_pay,143.0,6,10,2
b524b834-b94e-4040-9e19-e6b1f738d56e,78.61,1,Music,bank_card,26.0,3,10,1
b52a5437-7dba-44be-b02e-8eb2e8913599,1340.34,2,Food,bank_card,148.0,1,7,3
b541ef00-553a-4561-9024-62103b0aa54a,76.34,1,Home,bank_card,0.0,13,10,0
b5482579-acd9-4d06-b61d-e9fcff3cc50a,28.42,1,Laptops,mir_pay,136.0,3,10,3
b5510c08-e95d-4950-8fdf-02f03b487c3d,245.31,1,Automotive,bank_card,1.0,2,9,0
b552a442-8ecc-45de-81ec-8eee4b921a59,230.78,1,Smartphones,sbp,29.0,4,10,0
b5550369-6437-4861-b3e9-52e54030968b,147.83,3,Gaming,sber_pay,54.0,8,10,0
b555b155-a4f7-4c18-98e6-40d477f08658,356.29,1,Headphones,mir_pay,17.0,8,10,1
b5566d24-a9fd-4314-8f85-5571d3bece62,593.37,3,Food,bank_card,96.0,7,10,2
b5568089-ec13-46bc-b92b-1ac443a312e3,400.42,1,Photography,bank_card,109.0,6,10,0
b55cfcc5-7f95-4f33-97a9-4eeb6e3398a7,145.29,1,Headphones,sbp,19.0,5,10,0
b568dab5-750d-4a16-a43f-360048f47b48,196.94,1,Outdoor,bank_card,255.0,4,10,3
b56e258e-be18-4b6a-bfc5-92f2f58dc107,121.27,1,Accessories,bank_card,47.0,7,10,0
b5728850-342b-4adb-8bb0-ffefac4c735e,23.83,1,Office,sbp,19.0,1,8,0
b5777a7e-cabe-4a84-bf88-0f2427efafe3,71.71,1,Automotive,sber_pay,157.0,2,9,0
b579dd14-c8e0-46ae-9177-215743fc5773,154.88,2,Furniture,mir_pay,44.0,13,10,0
b58ffdb0-10dd-4f62-96c4-cc57d1421647,1796.04,4,Headphones,yandex_pay,60.0,16,10,1
b59c9681-4112-4b92-96fd-3ecf7f808d99,103.66,1,Toys,bank_card,10.0,3,10,0
b59daf55-612c-4ad1-b07f-748067824242,5.13,1,Office,sbp,194.0,4,11,2
b59daf81-7cd1-45e7-aa3d-3e99b852f2ab,25.66,1,Other,bank_card,146.0,2,9,2
b5a0917a-8978-4209-8583-7e5a5ada4644,372.41,1,Food,bank_card,33.0,4,10,2
b5a10856-8e03-468d-b956-7edcaa5c5f9f,112.16,2,Shoes,sbp,99.0,6,10,0
b5a14d4a-b5bb-48cd-af11-309e084ac6f9,193.34,1,Furniture,bank_card,74.0,12,10,2
b5a6258a-7676-4ba6-9999-ce263ed3142a,86.49,1,Food,bank_card,190.0,5,10,3
b5aec8ca-81fb-4291-b031-4a87b480a512,57.79,1,Beverages,bank_card,71.0,9,11,1
b5b6c368-5fd9-4a3b-b15e-6875207a96f4,447.98,2,Smartphones,sbp,47.0,18,11,1
b5b75454-e69f-4fa0-bf6e-9bcc7c915ac5,85.68,1,Office,bank_card,144.0,4,10,4
b5bfd82b-bbbf-4f64-9442-d4092b451f36,245.92,1,Laptops,bank_card,49.0,17,10,1
b5cb7188-a28d-4855-91a9-4a65965a2827,306.16,2,Music,sber_pay,45.0,4,10,4
b5cc0393-88e2-488b-9f68-8b893cc5a88a,13.99,1,Automotive,bank_card,249.0,5,10,4
b5d1df60-2cce-4c70-b16c-66671ed208b9,143.74,1,Toys,mir_pay,33.0,2,9,1
b5eafd81-4fb7-4ff7-88e9-4ad3221d2951,112.79,2,Headphones,sbp,47.0,3,10,0
b5ee7892-3786-410c-a3d5-5437e48c8028,74.42,1,Shoes,mir_pay,5.0,21,11,0
b5eef493-4fe2-4bd5-a610-b7b8f09353bc,187.9,1,Food,bank_card,154.0,2,10,3
b5f2c9da-5d25-4988-9248-6a7ee44831fa,452.26,1,Accessories,bank_card,212.0,3,10,4
b6032055-8187-4c24-b962-08f2c8cb9e33,636.3,3,Beverages,bank_card,147.0,2,10,3
b60c4cf9-be67-48ef-b7b0-32179a357463,225.4,2,Garden,bank_card,151.0,2,10,1
b60dd867-3089-427e-a77b-a21dd4dc8e5b,101.45,1,Shoes,sber_pay,10.0,12,10,0
b62f3049-ba02-41db-86ad-bfd834ffed15,190.63,1,Photography,bank_card,157.0,3,10,0
b63094f1-3abf-4b39-bd64-d5431f217a12,72.34,1,Jewelry,mir_pay,13.0,11,10,0
b637082e-f2b2-4150-9cea-c51d92b64e21,898.94,2,Electronics,tinkoff_pay,111.0,1,8,1
b63c51b5-4aa6-4062-af24-c37f3cf0882e,113.27,1,Tablets,bank_card,64.0,1,7,0
b64b1217-ec7c-48dc-b03a-ee7e1a36ac7c,185.46,2,Accessories,bank_card,5.0,11,10,0
b6527aa5-75ad-4384-9cc1-43b84677ae3f,139.13,1,Music,bank_card,191.0,2,10,2
b65760dc-254e-45a4-97f9-39eafdd94b61,123.49,1,Office,mir_pay,163.0,4,10,4
b657e7cd-2566-4a82-8e09-20b2235d464a,1234.38,2,Travel,bank_card,46.0,15,10,0
b65d19b6-15b8-47db-b710-82c00776ea6b,295.22,1,Photography,bank_card,104.0,3,10,1
b661a37e-d771-4f1b-b8fe-13bd8ffcca02,188.48,2,Gaming,sbp,84.0,10,10,0
b66adf49-2431-4720-b34e-1a768ce2de45,9.36,1,Tablets,yandex_pay,44.0,2,10,1
b66c1bfe-eff5-42e4-9760-b03b2d6c8629,154.26,1,Furniture,sbp,220.0,1,9,4
b679f9a4-6cdc-4607-93f2-f44a80eec7e1,97.11,1,Health,bank_card,143.0,5,10,3
b6838b6b-7dd5-4325-b259-b2d183bee684,1146.59,2,Shoes,sbp,172.0,3,10,0
b6865e9b-b234-4c9f-939f-dafbb7353bbf,374.01,3,Tablets,mir_pay,190.0,4,10,2
b688ff0a-61d3-4e0d-b739-7badbb669c4b,23.33,2,Shoes,bank_card,30.0,5,10,0
b698c8d5-fd1a-4875-b311-819f979d65da,206.56,2,Laptops,bank_card,190.0,3,9,4
b69c28a4-bc96-4ee8-b651-14c8ac1f6c6e,160.0,1,Jewelry,bank_card,52.0,4,10,0
b6ac87b4-fd9b-4abd-853e-f4efa0d23584,299.16,2,Jewelry,bank_card,12.0,21,11,1
b6b3143b-5be5-4df2-bf3c-17884c78d997,321.35,2,Travel,yandex_pay,77.0,3,10,1
b6b35e05-9e68-404e-81ac-0700920c66dd,177.81,1,Furniture,bank_card,71.0,1,7,0
b6b8f818-308d-4c14-8214-2246d7ae9c6b,834.65,1,Toys,bank_card,316.0,2,9,2
b6c257c5-8f92-4696-9619-bde58a4da3cf,176.88,2,Shoes,bank_card,0.0,3,9,0
b6c3b919-4ad5-477c-bd35-274de3f7d3e4,95.28,3,Headphones,yandex_pay,116.0,5,10,0
b6cb8d23-95ee-4e0d-8034-4b9a3e5fe2e6,256.54,2,Shoes,cash_on_delivery,143.0,4,10,4
b6d9d650-e0d9-45ed-9afb-fdec1147a87d,282.16,1,Headphones,yandex_pay,6.0,1,7,0
b70cfc4a-eaea-4f84-a7bd-77efb6984732,208.52,1,Laptops,bank_card,67.0,10,11,2
b7155be6-dccd-42ac-9a2a-f773544056ea,79.99,1,Furniture,sbp,135.0,4,10,2
b71fca57-197d-462f-8221-a0679d8b2416,86.28,1,Pet Supplies,sber_pay,7.0,3,10,0
b721249c-7f98-46a9-bccd-0a37ce07612b,58.31,1,Shoes,sbp,92.0,4,10,2
b727c37e-b88b-41ec-9425-60cecfef5906,106.8,1,Gaming,cash_on_delivery,124.0,6,10,1
b72b28c8-f06e-41a3-8f70-0e71f8db2d1f,28.55,1,Software,bank_card,216.0,1,6,0
b72e2634-b233-4aa3-a6ba-8f6847417f39,986.38,2,Automotive,sber_pay,104.0,8,10,2
b731dd36-b4bf-4647-be60-7189ddb9bc56,18.7,1,Clothing,bank_card,81.0,5,10,1
b73a0e8f-ae18-4e78-a5b2-5e0b055eb1ec,506.94,3,Food,yandex_pay,135.0,1,7,3
b73a841d-5a08-4cff-8135-144e14480c7d,882.76,2,Garden,bank_card,112.0,1,9,2
b74043c6-7500-4e88-8501-7ac2371c6968,198.22,1,Toys,bank_card,53.0,10,10,2
b745cb21-d68c-4af9-aba4-6bbe9b95e809,45.72,1,Laptops,bank_card,18.0,4,10,1
b7499aa0-1d40-45eb-af76-57599d883511,1007.25,3,Other,bank_card,12.0,1,7,0
b7546986-4a8c-4758-b9dd-6d9c7714b049,153.94,1,Books,sbp,9.0,6,10,0
b770aee2-9f11-4ab5-a87c-e963a08336d3,92.06,1,Food,sbp,179.0,2,9,1
b772ec10-42f6-4b6c-8934-8d3b360da61f,148.92,1,Other,sbp,54.0,1,9,0
b775b72d-734b-4b7a-a045-0485ad9056bb,183.47,2,Tablets,sber_pay,166.0,2,10,1
b775e838-47da-4ff7-a842-49f06d90161e,116.88,1,Sports,sber_pay,2.0,1,8,0
b7784c86-5f99-469b-8e51-d5eea4df50ef,187.77,1,Accessories,sbp,158.0,9,10,5
b779db05-68ed-41cd-abd1-9cd52d5a270a,237.49,2,Kitchen,sbp,38.0,7,9,1
b77c249d-8947-4e39-ad66-607aaff32c5f,210.84,1,Shoes,bank_card,18.0,6,10,0
b77e05c7-4af1-4259-b87f-a7ddea6c7d7c,945.93,2,Books,sbp,5.0,1,8,0
b7801d78-0ace-4b77-b99a-bfb4d4e8bd4b,5.4,1,Office,bank_transfer,54.0,2,10,3
b783ed0d-4096-4e09-85d5-9b0ed232cfd5,28.22,2,Smartphones,bank_card,55.0,7,10,2
b78b41cd-6646-437d-8c21-486e426d549c,115.09,1,Travel,sber_pay,169.0,2,10,2
b7a885a8-486b-4640-9705-4f71cbeddc7b,567.85,1,Accessories,sbp,124.0,2,10,2
b7c35444-5209-400f-a021-edddaadb6cbc,102.26,2,Kitchen,sbp,196.0,2,10,1
b7c8642c-b150-4d46-81ef-d86d33562698,138.55,1,Smartphones,bank_card,158.0,5,10,3
b7d10e5d-8e81-4543-82c9-84a4ae36c383,59.51,1,Books,bank_transfer,20.0,13,10,1
b7d2bfe7-dd41-4340-973a-c6ceb4d8f902,779.52,4,Toys,bank_card,36.0,3,10,1
b7d36ae6-a446-4bf7-841e-a05b22b6c7bc,34.09,1,Beauty,bank_card,110.0,6,10,1
b7d980b4-fad3-435d-ab8b-4aff748df019,563.06,2,Home,bank_card,7.0,3,10,0
b7dcbfd9-afcc-4b95-97e7-fd1ddc0112a8,49.58,1,Smartphones,bank_card,8.0,8,10,1
b7e12d30-0977-4b2c-bdfa-7429e0b2bd62,248.16,2,Other,bank_card,273.0,3,10,3
b7e2bd97-6da3-4044-840f-f3356bd69b8d,219.95,1,Outdoor,bank_card,151.0,7,10,1
b7e32e67-59df-4c88-be8c-f6ff43c498f4,130.13,1,Other,bank_card,91.0,1,8,1
b7e7d8e2-a131-468f-b5fb-fc57cc7ced73,36.26,1,Accessories,mir_pay,188.0,2,11,4
b8040c7a-d037-4bdd-acbb-a220bce9e176,597.74,1,Accessories,sbp,124.0,2,10,1
b8049eb4-80e4-4406-8f52-67ccbc412a66,118.81,2,Outdoor,bank_card,113.0,2,10,1
b80d72b5-1358-474a-ad67-10956430aa55,15.63,1,Jewelry,bank_card,9.0,1,8,0
b815184b-8a3c-4d82-85c0-e96e0fdadd03,98.52,1,Smartphones,bank_card,97.0,3,10,0
b8166775-da31-4eab-a198-1ef85d666d44,899.26,1,Pet Supplies,bank_card,23.0,2,8,0
b8411593-768a-4832-a70e-7b4220b6bc8d,306.99,2,Books,bank_card,25.0,13,10,2
b8450506-b526-4faf-8c86-b92cf31c479b,1489.89,3,Food,bank_card,46.0,10,10,2
b84bad56-8fbd-4024-ae6a-16d7c70b2f29,12.47,1,Toys,sber_pay,130.0,2,10,0
b84e2b6a-1bd4-416f-828d-f5735dec261a,305.88,2,Headphones,sbp,19.0,20,10,0
b8507f93-cf31-41a3-8a89-c1eab8f04771,54.45,1,Health,bank_card,9.0,1,8,0
b85345a0-f4ea-4cb3-a761-c9196262a38f,234.76,2,Electronics,sbp,29.0,7,10,0
b85849e1-936c-47c2-b749-d6efc9786c46,165.83,1,Toys,sber_pay,159.0,4,10,2
b85b1dee-d661-4fb7-b956-df3be7c1434b,74.1,1,Accessories,bank_card,21.0,3,10,1
b85dc6ea-4e7a-4ee5-8791-842e61a82775,214.83,1,Tablets,bank_card,65.0,4,9,0
b8693db1-f970-4d69-9143-f9b1a73ea404,32.38,1,Garden,bank_card,252.0,1,8,3
b86b0eb4-e3ea-437a-a865-23bd92781d10,656.09,1,Garden,bank_card,135.0,4,9,0
b8735722-1460-4b4d-bc6a-c73019cb42b1,814.89,3,Beverages,bank_card,18.0,2,9,0
b87e3e8a-9634-42c0-953c-bc83de52ad8a,46.42,2,Smartphones,sbp,69.0,3,10,1
b88d83ed-9ba6-4522-91d9-ba637077c9af,256.44,1,Photography,sbp,13.0,3,10,1
b8966c23-945f-44c5-87f6-ed15c36d538c,555.45,4,Other,bank_card,60.0,4,10,1
b8a9f900-300a-477d-93ae-5113ac46a37b,129.41,1,Food,sbp,74.0,11,10,2
b8ba18c9-e8ea-4a61-90a8-b74062c073d5,34.37,1,Beauty,bank_card,152.0,1,7,1
b8bd54bd-ca6b-427e-bfe6-6c822c8f4652,52.24,2,Smartphones,cash_on_delivery,43.0,2,10,1
b8c26bec-65da-4506-8806-d37a273e3da4,12.33,1,Beauty,yandex_pay,80.0,7,10,2
b8c3cad2-2cbf-479b-b1fb-869a224d8b7a,125.29,1,Health,sbp,22.0,5,10,0
b8c7a9e2-6ca7-4f94-9fa6-28a321021192,168.14,1,Accessories,bank_card,292.0,4,10,3
b8d17e18-5918-48e4-b149-e79505e92b3f,85.55,1,Jewelry,bank_card,0.0,9,10,0
b8dce6bf-7386-4331-af31-b3c4743ed92b,132.54,1,Office,sbp,12.0,14,11,0
b8ffd0cd-89bd-4646-b2c2-542b0b03345b,600.17,1,Shoes,sbp,175.0,1,8,1
b90ad8be-ed51-45b2-abae-b24cc8c1c252,457.96,2,Headphones,bank_card,16.0,1,9,0
b90b3092-88d9-4bd3-9a51-42a49897b503,769.38,1,Pet Supplies,sber_pay,10.0,14,10,0
b9184a3c-f966-481e-8499-9b5a83c4f8f6,336.7,2,Photography,mir_pay,16.0,10,10,1
b922fbab-4089-470e-8abf-555379061597,531.9,2,Laptops,bank_card,32.0,7,10,1
b9253424-d677-45db-b352-6323d9cd1f33,201.03,3,Health,sbp,62.0,3,9,0
b928a2fc-7446-422b-8d96-f78280694586,47.57,1,Kitchen,bank_card,53.0,6,10,0
b92e8aae-db1c-4bec-91c5-2dc489adc2a1,45.5,1,Automotive,yandex_pay,83.0,2,10,0
b959b949-3ea7-4942-9304-d117ff14a968,187.1,2,Office,yandex_pay,161.0,2,9,1
b95e8fbb-b373-424d-81e5-798946e51415,97.19,1,Music,sber_pay,6.0,4,11,0
b96987d6-16a4-40ce-80ab-9e7ca74989e5,100.54,1,Shoes,sber_pay,99.0,3,10,1
b97344ab-b2b9-43b3-a05b-eb2f82235538,118.12,1,Travel,bank_card,225.0,2,10,2
b9745325-6c5a-4e35-9b05-b383245d42d3,87.63,1,Toys,yandex_pay,70.0,9,10,1
b974ad6e-d705-4d89-942c-7ff9f055feae,190.15,1,Accessories,mir_pay,26.0,16,10,0
b975c26b-d06e-4de5-8f29-46b0a037c66b,395.68,2,Software,sber_pay,143.0,4,11,4
b97e759a-6ae1-49bc-85f2-aa219a038f8e,14.02,1,Music,bank_card,13.0,14,10,0
b98aa64c-923a-43f3-9234-d2fab912bd96,761.44,4,Health,bank_card,110.0,3,10,1
b990dd3d-31f9-457b-adad-4707aaaf8dd6,351.47,1,Smartphones,bank_transfer,9.0,1,7,1
b9a0f880-02f3-4c86-ad2f-ac1b30e9f4aa,94.31,3,Pet Supplies,sbp,62.0,1,9,1
b9a2510a-2058-4382-ad2d-f5992bbb1748,133.1,1,Food,mir_pay,8.0,24,10,0
b9a269c9-8882-4cd5-b51c-90552cc2f11c,613.5,3,Sports,bank_card,2.0,1,8,0
b9a38b0c-9d6f-4251-afe4-13ede1e2e134,62.66,2,Electronics,bank_card,78.0,10,10,1
b9a5f35a-5c69-4ee2-94b2-e9cde7b2561c,14.02,1,Music,sbp,45.0,18,10,0
b9a99680-41a0-4aab-a086-5136ccda5bc3,216.93,1,Headphones,sber_pay,7.0,1,9,1
b9b57602-bcdb-4fa9-b626-d8470a4d311a,192.53,2,Software,yandex_pay,137.0,7,10,3
b9ba6050-7dc7-494a-b30b-8d6aaa439c1c,323.62,2,Toys,tinkoff_pay,122.0,3,10,3
b9bca0b0-bf01-4fce-b418-0a5b6e7f8d1e,129.94,2,Smartphones,cash_on_delivery,270.0,1,7,0
b9cd59a9-d6dd-4a95-991c-5a2848045f26,30.57,1,Other,sbp,20.0,10,10,0
b9ced352-ed83-47b7-ad3c-8fb17051ee3f,84.93,1,Food,mir_pay,52.0,9,10,0
b9f842d0-2ef9-41f0-b577-91a9193be7c0,95.22,2,Health,bank_card,42.0,7,10,0
b9fa1257-1e4b-45b2-9a69-3675ea6d9514,284.22,1,Beverages,mir_pay,206.0,1,7,2
ba0c7271-ab55-43cf-bc28-757f94454a9d,86.63,1,Toys,bank_card,180.0,1,8,2
ba3012f0-71eb-4702-a3fb-973e4e891414,423.28,1,Travel,bank_card,204.0,2,9,5
ba32bd1a-28ff-4a3b-939a-2da01972bb28,104.34,3,Furniture,bank_card,91.0,4,10,0
ba331da2-7f51-4f60-b189-d1b4a7ab6d14,7.81,1,Music,sber_pay,1.0,2,10,0
ba33b24e-b927-4540-ac15-c8aedcc99059,191.5,1,Laptops,bank_card,59.0,3,10,2
ba349d38-f8d9-471d-ac25-ca4c825a80a4,320.08,1,Furniture,mir_pay,16.0,9,10,0
ba36953f-f0df-42af-a8cf-7bc9475a25c9,24.39,1,Outdoor,bank_card,81.0,1,7,0
ba40aff3-97c5-4a0f-ba95-49ad82537386,816.82,2,Food,bank_card,281.0,1,8,1
ba45a0f7-aa0e-43f1-b0c5-44fa7f1c1352,113.08,1,Photography,bank_card,64.0,3,10,0
ba4ad787-fc03-460f-8be3-9dfd2636d027,307.44,2,Toys,bank_card,26.0,4,10,0
ba4b40ce-1654-40d1-a52a-393f272d3a72,218.46,1,Outdoor,bank_card,81.0,5,10,2
ba54e7e5-2eb1-42d5-866f-a55b8fe1ffd5,377.3,2,Tablets,yandex_pay,49.0,2,9,1
ba57c587-8ddd-4210-944a-09baeb1753ce,20.31,1,Headphones,bank_card,31.0,8,10,0
ba633b94-5cd7-4a42-ae4b-3eb74399fa42,468.2,2,Office,yandex_pay,0.0,1,8,0
ba661b50-2c7a-489b-ac4f-71918f588e9d,174.05,1,Electronics,mir_pay,221.0,3,9,1
ba6d5380-7508-4959-bc08-b209f3c185b5,99.58,1,Electronics,bank_card,145.0,2,9,2
ba6f3274-52cc-4146-81a4-2c6c69bd9083,49.63,2,Smartphones,bank_card,65.0,4,10,1
ba80197c-2f86-404a-9c1a-d6f0e209da3d,280.91,1,Garden,tinkoff_pay,13.0,18,11,0
ba8b6a82-b7e7-40f3-8036-4cc6ee225a47,120.42,1,Automotive,sbp,2.0,1,8,0
ba9d22b4-aa6a-4454-80c7-3eb8b88b839c,1376.37,1,Kitchen,bank_card,153.0,2,10,1
baa33b8c-6607-4f7a-b33b-f7cf4f739c1b,70.3,1,Travel,sbp,15.0,2,10,0
baa5f18a-b2ce-4656-8064-b00272cd82d6,374.08,1,Beverages,mir_pay,79.0,1,9,0
bac1d322-e1ef-4c62-a37c-221029404f33,64.11,4,Office,mir_pay,67.0,10,10,2
bad64dd2-9b6e-4fc9-a886-74d9460ddfd0,81.04,1,Laptops,bank_card,1.0,1,8,0
badb0a10-c30f-465f-8820-a809c68e0b69,705.57,1,Accessories,mir_pay,302.0,3,10,5
bae5c540-dc8b-41c9-a70a-0f397aa2555f,516.24,3,Jewelry,sbp,0.0,5,10,0
bae7de4a-0806-469e-b864-3fe343428f03,397.42,1,Automotive,sbp,193.0,3,10,4
bb062191-df82-4611-a3e5-387cc7941f07,830.58,3,Pet Supplies,bank_card,180.0,2,10,4
bb0670af-55e7-400b-9171-6d50238dd029,100.73,1,Jewelry,yandex_pay,98.0,9,10,1
bb0c2523-18e7-48cc-a4fb-373ff6cae32d,7.39,1,Gaming,bank_card,10.0,3,10,0
bb117b4b-4cee-4076-99af-c2d417aa091f,249.05,1,Office,bank_card,69.0,2,9,0
bb192a74-3383-40d0-b4b1-35b475dda634,43.84,1,Furniture,bank_card,67.0,4,10,1
bb2234cc-bed2-4247-90ff-0ab2e97fa0b8,40.89,1,Music,bank_card,111.0,3,9,1
bb23a5bd-a725-42b3-8d1d-109490d4e04d,113.74,1,Furniture,bank_card,236.0,1,9,0
bb249f3a-4745-4f2f-881e-3bc7b5c3cb83,239.49,2,Shoes,bank_card,77.0,3,10,1
bb2d4b46-e0d8-4a1c-a73c-3a34449cb548,1406.54,1,Laptops,bank_card,1.0,2,10,0
bb535cad-b40b-47b3-bf3c-48e8b86e0a83,1650.96,2,Health,bank_card,24.0,3,10,0
bb681643-8785-493e-a658-7e2a4aa4f72a,32.33,1,Books,tinkoff_pay,5.0,8,10,0
bb6eeb36-d608-41dc-8415-b939a16c3923,98.52,1,Smartphones,sber_pay,5.0,6,11,0
bb6f72bc-c01c-49dc-b159-4a118296b51b,20.1,1,Gaming,sbp,107.0,5,10,3
bb75f917-f425-4e5a-9abe-6a76d0403d6c,50.98,1,Software,bank_card,132.0,4,10,2
bb88bb92-381a-465d-8324-776542369207,41.06,1,Electronics,sber_pay,72.0,6,10,0
bb9c6a86-af07-4b95-8c19-2bb8b5a2f7b3,171.72,3,Laptops,bank_card,128.0,6,10,0
bb9fa34e-3570-4228-871c-6d2c90008fa1,22.59,1,Sports,sbp,222.0,1,8,2
bbc4e475-b789-4a77-a695-8403aa52ab65,1004.43,1,Jewelry,yandex_pay,110.0,4,10,0
bbc64d94-01a3-4825-b669-6fe92becbe05,354.89,1,Music,bank_card,166.0,4,10,1
bbcf3c44-a202-4d74-9120-f8f4430ae013,101.31,1,Food,sber_pay,64.0,9,11,1
bbcfdc1f-91f4-42ae-aa1f-b9b60b7b0cf9,150.39,1,Automotive,bank_card,30.0,20,11,0
bbe2cc67-5aef-4d0b-b2f0-21e81ed3176e,14.93,1,Sports,bank_card,25.0,12,10,0
bc08396b-44fc-4c9e-be43-91a45744fe19,52.44,2,Food,yandex_pay,85.0,2,9,0
bc0c2be3-32ef-4c6a-9629-d1ffe28616f9,148.12,2,Kitchen,sbp,72.0,2,9,2
bc139812-4193-4a05-8965-f0159d22b75b,27.34,1,Pet Supplies,sber_pay,1.0,3,10,0
bc320739-1040-4e42-bb3b-0049bc26fa90,185.82,1,Software,sbp,103.0,1,9,2
bc34072e-5584-4084-bfc5-cfc966a881b7,223.99,1,Smartphones,cash_on_delivery,74.0,13,10,0
bc343297-5299-4456-9ba8-3393e03d7500,39.63,1,Software,sber_pay,114.0,2,10,1
bc3c4458-9dfb-4180-ad09-15a9a9c2a0bd,204.84,1,Furniture,bank_card,13.0,16,10,0
bc742f75-a3ac-44fb-b52a-c10dcc89f970,153.12,1,Home,bank_card,7.0,4,10,0
bc7e9e86-4145-4565-b614-43ccf5e93076,227.39,1,Photography,cash_on_delivery,7.0,6,10,0
bc85bd8b-4076-4260-9e9f-bb99de1fccf4,35.03,1,Shoes,bank_card,60.0,2,9,0
bc87ca58-de27-4b80-978f-7090f84aeeab,410.61,2,Office,sbp,74.0,6,10,0
bc936a7a-5ce3-4dbb-9115-18a333d5e259,70.92,2,Home,bank_transfer,1.0,15,11,0
bc974d01-104f-4388-a7b2-e3e090afbcae,340.73,1,Toys,mir_pay,77.0,6,10,2
bca151ac-304d-49e5-9c23-0641d9972f17,139.63,1,Smartphones,bank_card,0.0,3,10,0
bca7ee7a-6e0e-46cc-bb19-39029855f870,18.33,1,Beauty,bank_card,1.0,1,9,0
bcadca29-87e0-439c-87a1-014a1610ae0b,1035.66,2,Pet Supplies,bank_card,77.0,5,10,0
bcc83fbb-b151-461d-af6a-782380830985,328.68,2,Tablets,yandex_pay,283.0,3,10,2
bce105b6-8043-4d3b-a229-e338cc72b510,286.15,1,Electronics,bank_card,177.0,3,10,7
bce26615-35b2-4af2-adb7-fa13cb4738b7,1968.87,3,Clothing,bank_card,227.0,4,10,5
bcecab92-7114-4010-ad6a-ac2a4e597d3b,234.88,1,Travel,sbp,158.0,3,9,1
bcf49244-09ea-4450-8cb4-aa4c863b7764,18.3,1,Beverages,bank_transfer,65.0,8,11,0
bcfe991f-b49b-4669-bbae-5117fdc0f9ff,354.89,1,Music,bank_card,111.0,3,9,1
bd0312eb-efac-44e7-a7ee-bee5cd1be258,389.52,2,Photography,sbp,13.0,2,10,0
bd0d335d-b380-46f3-8259-2ee50023913a,561.62,2,Furniture,bank_card,43.0,5,10,1
bd160451-5971-4e7d-a783-da0b141b2f21,120.04,1,Headphones,bank_card,36.0,5,10,1
bd1dc628-9127-48f3-8c79-ef338c008766,86.5,2,Travel,mir_pay,32.0,5,11,0
bd1e55b5-5055-48ba-a6f3-65ff7e216c51,442.36,1,Books,yandex_pay,54.0,3,10,0
bd2ba1d2-ec57-4f4c-968f-17ea2e05a64a,25.27,1,Automotive,sbp,139.0,3,10,1
bd393d7d-8478-4c2f-a6d2-63d58df60fcb,550.82,2,Clothing,yandex_pay,150.0,2,10,2
bd44eafb-d620-4d59-a498-246faee2422d,168.29,1,Gaming,sbp,257.0,2,10,3
bd5cb1f5-a6b6-4268-a24c-d5d10bb8dca9,67.72,1,Health,sber_pay,45.0,15,10,0
bd5e93a2-1984-4a9e-bafd-7f84df2e8f6d,157.62,1,Office,sber_pay,19.0,5,11,0
bd6c68eb-e904-4051-8d9d-a61c93798129,44.61,1,Accessories,bank_card,17.0,3,10,1
bd6eb7e0-d35e-47db-aef6-222d86cd77f2,109.68,1,Travel,bank_card,197.0,2,10,2
bd70abf0-b176-41af-bd32-746366956c99,16.4,1,Furniture,mir_pay,25.0,14,10,1
bd73dbda-6ae0-469e-bff7-52637e321b81,231.74,2,Beverages,bank_card,103.0,4,10,1
bd7ac82b-a790-408e-ab78-e6f711c739a7,51.44,1,Toys,sber_pay,164.0,5,10,1
bda19927-96f7-4cb3-8ef4-ab41047169ed,237.02,2,Shoes,mir_pay,165.0,1,9,3
bda41a44-fe6f-4fa3-93a6-f3f071a6d441,185.14,1,Toys,sbp,10.0,4,10,0
bdb67a2d-58eb-48e8-aa3b-fd33dd06dbc3,529.34,1,Gaming,bank_card,177.0,2,10,2
bdb81c12-9ab6-43bd-b2b8-c5fd074dffa7,311.86,2,Toys,bank_card,211.0,2,9,2
bdcdfad3-f9cb-44c2-b775-e21532501df2,394.96,1,Garden,bank_card,91.0,2,10,1
bdcf2889-402c-40e8-84f1-c732ce56e860,248.63,1,Jewelry,mir_pay,9.0,5,10,0
bddae67e-94e0-4605-ade1-62d47534fd69,86.68,2,Toys,sbp,64.0,6,10,1
bdee2c60-3c57-4bf4-b7fb-eb289403ac68,20.98,1,Headphones,cash_on_delivery,14.0,5,10,0
bdfd99d7-97fc-43be-a049-1bb110e74f6c,38.24,1,Shoes,bank_card,34.0,8,10,0
be050026-4ab6-4c0b-8661-827b5e8d843d,40.39,1,Kitchen,bank_card,265.0,4,10,4
be12d568-fbd3-48f5-bafd-d25353811069,122.27,1,Shoes,bank_card,121.0,7,10,3
be19ccb7-811b-4b00-80a0-0ad24d725e88,19.58,2,Music,bank_card,150.0,2,10,2
be1cc88e-a75f-4d5a-a33d-739f91e30fe2,441.38,1,Garden,bank_card,37.0,2,9,0
be29c3f5-5dab-4952-8fdc-049e3663d257,12.03,1,Tablets,yandex_pay,266.0,3,10,1
be2a8eb3-b0fc-4714-aff8-92df2a7c7d58,18.16,1,Toys,sber_pay,74.0,3,10,1
be3df523-f69b-499a-8402-4f30016bdec0,3024.04,4,Garden,yandex_pay,116.0,5,10,1
be4a674c-e74a-4ccc-9a41-e8a855cf29f6,36.65,1,Automotive,sber_pay,41.0,1,9,1
be52470f-6e7f-4d94-bf45-394d8427546c,2744.84,2,Accessories,sbp,100.0,4,10,3
be532780-accf-4a77-9b4e-07cbfb510aa8,53.44,1,Kitchen,mir_pay,52.0,14,10,1
be62672f-3c97-4ee2-97f3-9471e3f0a3d9,910.06,2,Beauty,bank_card,0.0,1,8,0
be6e0a7d-678a-426f-af68-a71a4c0d9554,181.82,1,Garden,sbp,10.0,1,9,0
be76aea1-fd3a-45b3-bf4e-090c8052a964,446.44,2,Food,yandex_pay,4.0,2,10,0
be7b164a-d4f6-4b33-b597-ddb130a6fdbc,33.64,1,Smartphones,cash_on_delivery,290.0,3,10,1
be83de9b-845c-4d3f-a2e3-e74865ee683c,161.5,1,Travel,mir_pay,20.0,2,9,0
be902630-bef7-4e37-ad0e-502cf20fe400,221.68,2,Sports,sber_pay,0.0,1,8,0
bea8602a-e9d5-41af-b875-e52122858641,412.43,1,Software,sbp,4.0,18,10,1
bed573ba-741a-4d73-8288-0353994e3f1a,32.58,1,Software,bank_card,26.0,5,10,0
bed5aca8-0ba4-472d-accb-f61b152a8eca,112.95,1,Smartphones,bank_transfer,181.0,5,10,1
bee125bd-eece-47b9-913c-ba3f31108cc9,148.24,1,Toys,bank_card,87.0,2,9,0
bee5094d-600b-49a4-b99a-f807c44064b2,231.67,1,Sports,sbp,118.0,5,9,0
bee7f24e-23e4-4d15-add4-7a25c62d64c6,46.77,1,Laptops,bank_card,38.0,8,10,0
beecce16-2ef8-4e87-94d8-a4ead4eff109,244.32,1,Accessories,bank_card,237.0,1,8,0
bef306cf-8861-4d75-9ee9-a51212a27738,60.07,1,Accessories,sbp,159.0,3,10,3
bef976e7-4447-4204-8ca4-a2b372528394,212.42,1,Kitchen,sbp,6.0,4,10,0
befca9f3-cbd7-4f5f-9b80-e5b36c20d6ca,134.72,1,Jewelry,bank_card,87.0,5,10,3
bf048b25-499d-4113-9076-feea0d3dba57,56.08,1,Shoes,tinkoff_pay,16.0,1,7,0
bf06fc9a-2424-4b49-8d7a-8082645c4595,155.71,1,Pet Supplies,bank_card,25.0,3,10,0
bf08a0df-c818-45db-b896-ae3f65b9fdc5,286.15,1,Electronics,bank_card,32.0,2,10,0
bf0bf04b-2806-4ef3-8a85-54785f06623a,231.74,2,Beverages,bank_card,128.0,2,9,3
bf1145a4-6a58-488f-90cc-90ad69bf85c9,509.65,1,Garden,sbp,72.0,3,10,1
bf1e1ca9-e295-44a1-a7d9-1222d78aa417,118.66,1,Food,bank_card,50.0,10,10,0
bf267653-8cbf-4959-95dd-edb02b1f3b40,720.68,2,Toys,sber_pay,262.0,5,10,2
bf26dd7a-71f6-4d62-ab0d-7f4f632dc5ce,127.76,1,Travel,sbp,64.0,11,10,0
bf2ff422-3ce2-41dc-90d8-22e58a276a0c,189.21,3,Beauty,bank_card,225.0,3,10,2
bf31b29c-1107-416b-8674-dd1d32785cdb,120.35,1,Beverages,mir_pay,63.0,13,10,1
bf49f667-c8e9-49ff-a156-52b23d6db878,314.65,1,Tablets,mir_pay,230.0,3,10,2
bf4bab7c-1423-4183-aa56-479bc550fca0,75.94,1,Pet Supplies,bank_card,142.0,4,10,2
bf56070a-465d-4957-bcd2-0a1de0027ca5,200.86,1,Furniture,sbp,31.0,22,11,1
bf57211c-4c97-4b77-afb2-be44914681e6,326.72,2,Office,bank_card,53.0,2,9,0
bf577e4f-a783-4d76-b1ef-24516dadd87a,166.57,1,Software,sber_pay,217.0,1,8,2
bf5ffb8b-5a81-4132-b7f8-3a718f3ec22d,80.65,1,Gaming,sber_pay,12.0,10,10,0
bf67a26f-27cd-4ea2-a486-dcf877ca5ac9,199.25,1,Health,sber_pay,138.0,3,10,2
bf69e40a-81bf-41df-81ab-72e707437c8e,12.1,1,Toys,bank_card,85.0,5,10,0
bf795895-3d20-4b15-aee7-55b7337c3630,343.44,1,Office,bank_card,56.0,10,11,1
bf7a0f10-f4ed-4f55-9504-96efa533978d,114.7,1,Kitchen,bank_card,105.0,3,10,0
bf7b0dd9-7795-4170-b6ed-44ed888d2184,73.7,1,Home,bank_card,54.0,4,10,0
bf7d2ab8-64c9-4398-9885-ed59d51fc902,75.94,1,Pet Supplies,bank_transfer,206.0,2,10,1
bf834f41-dbc1-4746-b3fe-cf29bd5be620,79.72,1,Pet Supplies,bank_card,70.0,5,10,1
bf8a5059-3858-4c0c-8859-b685278894ea,424.38,2,Beverages,bank_card,173.0,1,9,2
bfa87cea-3db4-442b-9746-eadfac0669ca,115.94,1,Shoes,bank_card,0.0,7,10,0
bfb03191-0701-415f-ad81-a6839eafa807,313.1,1,Travel,sbp,1.0,5,10,0
bfb4bc50-55dc-4764-aa25-71d50580c956,630.5,4,Office,sber_pay,328.0,2,10,2
bfb88333-60f6-4149-a09d-2d3e86d898fa,176.04,1,Software,bank_card,107.0,9,10,2
bfc00dec-3bd7-4a8a-8362-0fbbb332980b,57.37,1,Automotive,cash_on_delivery,178.0,4,10,2
bfc6f30f-7020-41a9-9801-94f347fc07b3,201.5,2,Travel,mir_pay,155.0,7,10,2
bfcc1735-8579-430e-bbcc-d9bf14f0d00b,173.65,3,Toys,yandex_pay,17.0,2,10,0
bfcd021b-6dc4-4b45-99ac-293c313d86ee,848.67,3,Health,bank_card,293.0,2,10,4
bff08af8-a64c-45da-8ce0-9132872f8f6b,132.89,1,Accessories,sbp,235.0,2,10,1
bff3b7a1-6ed5-4f5e-a93c-fd6d9e2dbee3,1235.1,3,Garden,sber_pay,13.0,3,9,0
bffbc8b3-0f51-4b7f-8bd9-0f8ed114c420,64.75,1,Pet Supplies,sber_pay,202.0,4,10,2
bffe7c96-675a-402a-a53d-568b77df71a1,173.44,2,Smartphones,bank_card,33.0,3,10,0
c003b774-ad92-4405-a5ec-779daf432531,89.34,1,Office,bank_card,154.0,5,10,0
c003d873-f536-43ac-bd6e-da82df116420,23.2,2,Photography,mir_pay,49.0,11,10,1
c00db0e6-b999-4661-bb89-3d297aa75ab5,19.82,1,Food,tinkoff_pay,159.0,1,9,3
c011b72e-8e16-4e6b-8752-b591d0a99eeb,626.68,2,Clothing,bank_card,50.0,3,10,1
c02bf107-a257-4e82-85e7-b9e28407f159,109.95,1,Music,yandex_pay,121.0,7,10,4
c033c1b7-453a-4279-bfae-51d6ce0d0a40,10.72,1,Beverages,bank_card,58.0,3,10,1
c03499fa-7876-4134-b430-e7d39e7daedd,946.59,1,Pet Supplies,sbp,104.0,3,10,2
c03b6467-d423-47a3-b7c0-e30a8b72a19b,3633.35,2,Office,yandex_pay,50.0,18,10,1
c0642ef4-ce35-40ce-9198-8f5064fcb787,86.18,1,Headphones,yandex_pay,113.0,5,11,2
c066e31b-42e8-4302-85b8-442f4727613b,182.22,2,Music,bank_card,39.0,12,10,2
c06702e1-f4a4-4ce3-a80a-d4d2667c5bb7,44.5,2,Garden,mir_pay,300.0,3,10,1
c068d6d3-a356-4331-9461-5955704a0dc3,38.31,1,Automotive,sbp,132.0,1,8,1
c078e303-ea5c-43d6-b861-d555dd5422f4,29.32,1,Automotive,bank_card,7.0,3,10,0
c07f05b9-c92e-4bd6-aae0-e4f8a3eb8c55,507.45,1,Outdoor,cash_on_delivery,0.0,10,10,0
c080b509-b06a-4e61-b283-76b046967297,32.76,1,Travel,mir_pay,50.0,10,10,1
c0891c60-89f1-4fe5-8798-d0aeba4ffa6a,383.18,1,Clothing,bank_card,258.0,1,9,5
c08cf4ea-c713-4589-92af-e659942bf4aa,89.96,1,Tablets,bank_card,161.0,2,9,5
c08e6663-bd16-4fa6-a5a6-b610a60e9f69,90.94,1,Travel,sber_pay,153.0,6,10,3
c08fc600-ff01-496c-91dc-5d7b22867e3a,40.78,1,Smartphones,sbp,60.0,3,9,1
c093f2da-8f29-4da2-b1c5-fb272e3cdde7,48.28,1,Headphones,bank_card,16.0,3,9,0
c09a05fd-20f0-4e22-b2b2-e8269864c8fc,469.32,1,Health,bank_card,156.0,2,10,5
c09b78c8-d8e4-49ff-9b63-76c5f2798157,177.1,1,Office,bank_card,1.0,2,9,0
c09ccf41-1d45-4f4f-8766-2b3d615ea525,62.63,1,Furniture,bank_card,13.0,6,10,0
c0a0c3bf-8990-4d0c-88da-4243294b9630,138.25,1,Kitchen,bank_card,5.0,11,10,0
c0a466bd-3805-4f2d-9b81-f23f9a93b4ff,169.35,2,Furniture,sbp,18.0,18,10,0
c0a4c271-c9a9-4588-9d18-cfcee8b095a2,1192.59,3,Gaming,bank_card,9.0,6,10,0
c0aa7103-7e67-4c45-9c86-44952954c2dc,591.12,1,Headphones,bank_card,63.0,3,10,1
c0bb9b52-e437-4553-833d-0e0909d3dfb8,31.28,1,Pet Supplies,bank_card,69.0,11,11,0
c0c46bac-8dad-4d7f-add5-436268db950d,114.0,1,Home,bank_card,130.0,2,10,2
c0c57ee1-bca5-4fde-99a3-8e43d2dce437,103.09,1,Laptops,bank_card,272.0,2,10,3
c0c71259-beea-4a94-b1ab-d5d00f610c93,20.1,1,Pet Supplies,bank_card,78.0,2,10,3
c0d0aa41-6823-40dd-b822-dace4ff23b7c,195.01,1,Tablets,bank_card,202.0,3,10,1
c0d3fc3b-c967-4aac-8c08-d067b0341135,163.11,1,Electronics,bank_card,43.0,4,10,0
c0d421c0-70d2-450b-a923-d734e1ac7381,592.7,2,Home,sber_pay,54.0,3,10,2
c0d60ef1-9ae1-45ef-bd2b-688120063215,41.02,1,Beverages,bank_card,2.0,1,7,0
c0d86af3-8270-4ec8-8807-bb303d0c3711,61.25,1,Pet Supplies,sbp,96.0,10,10,1
c0dd5f91-98d6-4d4c-8724-6b8445729998,72.98,1,Travel,mir_pay,19.0,11,10,1
c0f8bd64-3475-483b-ba82-44f8c8589c2f,113.78,1,Headphones,sbp,150.0,2,10,1
c0fa4c8b-4e59-4dac-93db-544cc3955f68,87.44,1,Food,bank_card,7.0,5,11,0
c10a6fa0-23c3-4033-ad5c-fc7902673b28,257.14,1,Tablets,bank_card,4.0,7,10,0
c1143733-60c8-43ae-b48c-f81265a3f5d2,82.8,1,Beverages,sber_pay,31.0,10,10,0
c1226864-cd63-4585-b5f0-df0025aa0eb4,98.2,1,Photography,bank_card,0.0,3,10,0
c136e495-b47e-40f2-ba17-7d886fac9ebb,363.88,2,Headphones,bank_card,10.0,26,10,0
c1394e1d-e806-497c-ab9b-d6d9260b262c,213.86,2,Automotive,sber_pay,71.0,7,11,0
c139cf79-2239-40ce-92fe-71de8a9020cb,270.98,1,Beverages,sber_pay,119.0,4,10,3
c142c9b6-740e-474a-9e8b-6187552cd940,340.33,1,Beauty,bank_card,9.0,2,10,0
c1483a53-621f-403e-a85d-e7ca292b35c4,96.79,1,Accessories,bank_card,58.0,7,11,1
c1494e24-bf68-4dcd-b5ca-594a85adc43b,14.48,1,Pet Supplies,bank_card,104.0,2,10,1
c160c8d8-62e3-42a8-b4e0-8f9a67b5ac1a,129.47,1,Tablets,yandex_pay,125.0,6,10,0
c165240a-d14c-4023-9b2e-d1221eef937e,113.01,1,Laptops,mir_pay,49.0,14,10,2
c168bf40-3207-438e-a720-f2b9fb4ad1a2,216.45,1,Garden,bank_card,0.0,10,10,0
c16ec4a1-82f9-4746-b944-ccea7241bda3,116.18,1,Software,sbp,30.0,6,10,0
c17feb47-f32f-4b81-8202-cd73b6507ab7,1152.08,2,Beauty,bank_card,82.0,7,10,2
c18b6855-8408-464a-bc36-6e6fed9a3ab1,97.51,1,Books,bank_card,237.0,3,10,2
c1926d8d-1a81-4192-b158-bd22994ba2ad,197.18,1,Smartphones,bank_card,115.0,1,9,3
c1977b16-97d5-4ffe-ac68-7ff2ccfcabac,462.12,4,Clothing,sbp,3.0,1,8,0
c1a0275a-737d-478b-b2d7-e7299b237a67,52.56,3,Sports,bank_card,37.0,14,10,0
c1bf4731-d73d-46cd-8984-005c7d86106d,78.13,1,Headphones,sber_pay,47.0,4,10,1
c1c3485d-1d80-4975-aea7-2978d60976c1,23.83,1,Office,sbp,119.0,4,10,0
c1c6acb5-3f27-4f5b-b6ee-37ba920c3046,83.45,2,Office,bank_card,19.0,1,8,0
c1c9adb2-6eb8-4a64-88d5-51d7ed01c5b9,63.35,1,Books,tinkoff_pay,69.0,8,10,1
c1cd862a-f309-46bb-9317-51c0cceb42d6,110.46,1,Headphones,sber_pay,54.0,3,10,0
c1ce790f-6b3b-45d3-8afb-569103e61416,163.02,1,Sports,bank_card,6.0,11,10,0
c1d51c1d-e8b6-49c5-ab6a-d3e65cf1190c,138.44,2,Home,mir_pay,7.0,17,10,0
c1dc7650-f5dd-4d40-b0f8-2309fd1d6d11,366.93,3,Gaming,sbp,51.0,6,10,2
c1e190fd-fc1f-4fca-ba67-3d732cf2e270,231.06,2,Clothing,yandex_pay,256.0,1,9,3
c1ec23e4-d8c5-4a0d-a8d4-c797f06c6534,277.7,1,Beauty,bank_card,107.0,8,11,0
c21d1f0d-939f-4972-876d-67ec8c61d3d4,443.09,1,Tablets,bank_card,12.0,7,11,0
c222509d-c307-4c48-bc9d-40d7d40a70cb,42.52,1,Kitchen,sbp,3.0,2,10,0
c2358a2e-d160-4da4-a423-7b21c484ffff,168.29,1,Gaming,bank_card,66.0,2,9,2
c2370136-2f6a-4ab3-a50e-2681259cdcea,45.58,1,Office,bank_card,6.0,31,11,0
c237522a-af2b-4268-b82b-b3e8ad9bde82,256.5,2,Software,bank_card,287.0,2,10,4
c238ace6-962a-4cda-a00c-85add3010277,77.97,1,Accessories,bank_card,61.0,2,10,1
c23ec76e-c45b-4fd4-9d70-2e64cfab1233,293.25,1,Outdoor,mir_pay,11.0,6,10,0
c24c5b40-edcc-4e67-a5cb-731971b55e7a,281.04,1,Clothing,bank_card,267.0,3,10,2
c251895b-a23f-4387-a427-fd1b7b91e591,89.7,1,Gaming,bank_transfer,260.0,3,10,1
c25b4be6-2fbe-4816-b34d-bb513c91139b,87.89,1,Health,mir_pay,311.0,3,10,0
c2630164-d434-4041-b359-a04be9b985f4,174.92,1,Garden,sbp,41.0,10,10,0
c264f7fb-53f0-4d6c-a231-9ef50cd1af4b,882.08,2,Health,bank_card,53.0,8,10,1
c268178c-4b43-4471-92a1-0e2c67beae9c,186.19,1,Laptops,sbp,91.0,1,7,0
c276d213-7e8b-4c84-9784-05d0cbc42b21,41.71,1,Smartphones,mir_pay,167.0,7,10,4
c284115e-3601-42f0-b3da-99e931a04a41,270.26,1,Sports,bank_card,0.0,1,7,0
c2a39546-a54c-430f-8281-c97181f9a9e4,102.65,1,Headphones,bank_transfer,208.0,1,7,0
c2a80ad7-f7b6-4756-8e8e-5c192e39cdad,235.55,1,Health,sbp,6.0,3,10,0
c2aad172-d4e1-42c8-a927-d8b107c9d23d,2752.74,2,Kitchen,sber_pay,6.0,28,11,0
c2bfc5df-fa64-4bbb-abcf-d22e5d840cfd,54.31,1,Clothing,bank_card,101.0,4,10,2
c2cedfa7-36c7-4775-906e-da383eb18b25,497.86,1,Books,bank_card,13.0,5,11,0
c2d43ad5-1bef-4e06-8b9c-51f70117aa23,311.81,1,Sports,bank_card,19.0,9,10,0
c2d63608-4d0d-40fd-8de8-9ae6a0798bd6,130.61,1,Shoes,bank_card,111.0,7,10,1
c2de7162-af37-4929-9194-27b843689a13,55.61,1,Software,bank_card,85.0,3,10,1
c2e6346c-9e2d-47d4-94df-83189e5ffa69,14.96,1,Clothing,sbp,219.0,2,10,2
c2f53746-99df-448c-9e76-289a000f4d3a,532.52,2,Software,mir_pay,32.0,1,8,0
c2fa0da5-2279-457c-89bc-4c7a4f2cd2b2,29.61,1,Books,bank_card,186.0,2,11,3
c3061210-8970-4b8e-ab44-c84e4ae2f821,108.04,4,Other,mir_pay,248.0,3,9,2
c309bb2c-f839-4e46-a059-787dd6ae3e11,122.85,3,Travel,bank_card,3.0,2,11,0
c32d2368-e7c0-490f-a58d-ab52c3fb1948,393.23,2,Outdoor,bank_card,182.0,2,9,4
c32e227a-2dac-4e5a-9083-75e18a41f565,131.03,1,Music,sber_pay,314.0,3,9,3
c337a4c0-ccc7-4338-9dc0-2bcaa4d50c4d,240.65,3,Furniture,bank_card,54.0,2,10,1
c337bc01-ba5a-4d7e-9d06-f86d15affbb4,60.73,1,Tablets,sber_pay,23.0,8,10,0
c33bfaef-5114-4934-a6ab-98655dfd91cd,272.77,1,Laptops,sbp,131.0,3,10,0
c3472534-0902-407a-bb85-5e84a45e91bb,43.35,1,Sports,bank_card,10.0,1,8,0
c362447c-9994-4b56-99a0-e076e9c4b44d,33.09,1,Pet Supplies,sbp,83.0,6,10,4
c3629bd8-19c5-4f12-a0bd-1d6d26bb7e80,96.27,3,Laptops,bank_card,70.0,3,10,0
c366919c-537a-4fc2-986a-c9bfc8ce5439,1448.66,1,Accessories,mir_pay,208.0,4,10,1
c36b550b-b1ca-4e63-bd1f-e5ba143ac9c1,86.72,1,Smartphones,bank_card,105.0,5,10,5
c36ff079-fe85-4845-9935-eb610646366a,224.84,2,Laptops,yandex_pay,68.0,3,10,1
c37a49cf-de6d-4eb8-aac6-eee871a42231,857.3,1,Automotive,cash_on_delivery,12.0,23,10,0
c3809725-c37c-4528-8a0e-5ea5da7315d2,100.91,2,Beauty,sbp,65.0,20,10,2
c39485a6-a81d-4045-9b4f-79e60738e732,116.33,1,Gaming,bank_card,139.0,7,10,1
c3b48a2c-f2c8-4353-a77c-86ff63f06d37,75.27,1,Accessories,sbp,44.0,9,10,0
c3c11a5a-a752-4e79-8d87-68be6ac613b0,843.32,2,Accessories,sber_pay,80.0,9,10,0
c3c123dc-4a5c-4c8f-a161-588c6e84c6b8,386.92,1,Electronics,bank_card,124.0,5,10,4
c3d399fe-c1b7-45df-bd6a-9f68b7c1dbce,23.67,2,Beauty,bank_card,6.0,1,7,0
c3dc7abd-27f0-4671-8480-b248b5697b60,218.02,1,Jewelry,bank_card,76.0,8,11,1
c3e93a8b-b3af-4ef4-8f93-74b95b5358c7,2772.42,2,Accessories,sbp,12.0,8,11,1
c3eda824-c43f-481b-b396-5ccd5404c4a7,36.23,1,Toys,bank_card,57.0,6,10,0
c3f00201-ddd3-4529-951d-867ad016b0c6,164.31,1,Other,bank_card,38.0,5,10,0
c3fe2272-db7e-43b0-b003-49f1a21ff551,96.91,1,Food,sbp,4.0,8,11,0
c4088e2c-4d61-460c-83c0-8ff00a0200fc,389.28,2,Pet Supplies,bank_card,174.0,3,10,4
c429106b-ce73-4188-95a5-ff61d7d3f256,150.39,1,Automotive,sbp,32.0,7,10,0
c42ced14-7f4e-485b-bb5b-0d2d8b7a09e8,414.15,1,Books,bank_card,117.0,1,8,1
c431405d-f427-47f5-b9bf-7a5f9f335ff7,157.45,1,Jewelry,bank_card,24.0,2,10,1
c43be514-1b37-4f65-a753-de6003ac2387,106.93,1,Automotive,bank_card,26.0,2,9,0
c44c2929-b60e-4fdc-af67-c012027f4bfa,1136.79,3,Sports,sber_pay,23.0,4,10,0
c44d7d56-db6c-4d6f-96a8-19f9168e2445,289.01,2,Beverages,sbp,174.0,7,10,1
c4604199-a1d1-4c1a-bf75-fff74b987b07,308.98,2,Smartphones,bank_card,197.0,2,9,0
c47839f6-a927-4c8e-9d00-cede3770fd97,143.61,1,Outdoor,sbp,129.0,5,10,0
c484eac9-8a06-4f22-94c2-d60ef2bd5d85,158.26,1,Office,yandex_pay,99.0,4,10,2
c48dee33-43a8-4e4a-908d-d6d4db4cbf1d,90.01,1,Smartphones,sbp,122.0,6,10,1
c49e33e1-2ad4-4c28-97b4-558dd5bb9d85,74.06,1,Kitchen,sber_pay,70.0,7,10,1
c4a0aad4-f2ce-4074-b8ae-fadad49713a6,142.26,3,Accessories,bank_card,38.0,2,10,0
c4a3327f-e8fd-4eb2-a4c7-adcd4cb51ec9,167.08,1,Clothing,bank_card,33.0,21,10,0
c4a6d886-57f6-4a85-8a10-07b76a2500bf,279.92,1,Headphones,bank_card,5.0,4,10,0
c4a8046c-23e0-4acd-b237-8c3c914e4943,48.8,2,Sports,sbp,46.0,10,11,1
c4ac0150-3367-4461-b738-3a61ace58951,101.37,1,Pet Supplies,tinkoff_pay,78.0,4,10,0
c4c458a6-4ec6-4fcf-9440-2225145f0588,31.61,1,Accessories,bank_card,159.0,3,10,1
c4e9b7c7-e445-4f4e-ae82-9bab40338355,38.82,2,Other,bank_card,58.0,6,10,0
c4ef02e5-455b-40bc-a814-4490ebf2f69d,93.51,1,Office,yandex_pay,147.0,2,10,4
c4eff969-543a-4a1a-964b-7f3f413a2d79,134.8,2,Other,yandex_pay,45.0,9,10,0
c504d988-be9f-4658-94aa-e60d3ec6e974,385.94,2,Smartphones,tinkoff_pay,23.0,5,10,1
c512e5a7-2886-4524-9a67-9ecc6aabfbe5,1428.08,4,Photography,bank_card,27.0,13,10,0
c5132ed5-e29c-4d04-a405-6fdfc62ee7cc,124.74,1,Toys,bank_card,33.0,15,10,0
c52e81f9-55aa-45b5-8bc7-ad63f8c15926,47.16,1,Books,bank_card,132.0,2,10,1
c53d2cde-015b-4fde-8c26-66de295cb3f3,105.26,1,Beverages,mir_pay,17.0,7,10,0
c5482e67-de55-4076-b984-0b4f7b0ffc07,1809.41,1,Automotive,bank_transfer,63.0,3,10,0
c54faadb-e060-4e92-abb4-99f28bc0df7a,79.64,1,Food,sbp,164.0,6,10,2
c551aad3-ad51-4b2b-bd49-b160efb08d27,1515.47,1,Home,bank_card,72.0,2,10,1
c55be045-6c23-4ef1-b92f-f3008ac973e9,55.55,1,Health,sbp,120.0,2,8,1
c564ffd6-9afa-4380-8026-69c0046be6b7,208.9,3,Health,bank_card,128.0,9,10,0
c56de89e-ee5d-466d-af0b-a6c09381ec1e,1210.05,3,Clothing,sbp,325.0,2,9,1
c572e938-9bcc-4808-90b9-7b2b95cc4538,26.39,1,Garden,mir_pay,15.0,17,10,0
c5753a60-db17-4d8f-bc4f-94f91e4c356a,481.99,4,Furniture,sbp,36.0,13,10,0
c578d7be-dffa-4bba-8139-38ca05d30f8a,43.55,1,Clothing,sber_pay,1.0,6,10,0
c57dea70-d751-475b-961e-86d9980865fb,102.89,1,Furniture,sbp,172.0,6,11,3
c5928598-dfaf-41e4-8624-cbbc4f8fd523,131.24,1,Smartphones,bank_card,48.0,7,10,0
c5942ca0-3aaf-46d4-b996-f42989b0e5d9,133.76,1,Books,sbp,157.0,2,10,2
c59eee6b-3d70-46b3-a191-73e14ea9fc6b,52.62,1,Office,sber_pay,4.0,2,10,0
c5a045c7-1ab9-48c3-bb51-61f4fa4ef2ac,157.45,1,Jewelry,yandex_pay,31.0,5,9,0
c5a4187d-c042-4581-9af8-94afb2837828,362.43,2,Office,bank_card,192.0,5,10,4
c5b5791c-979b-4eb0-9207-07eeae2b8ff5,259.56,2,Other,bank_card,235.0,2,10,2
c5c39918-250f-4729-acdb-7578252e2929,92.63,1,Accessories,bank_card,155.0,4,10,3
c5e1771c-b8b9-4239-b2fd-efabf45f4b60,165.92,1,Office,sbp,2.0,13,10,1
c5ea7340-a35a-46fe-94d2-c05f43f47adb,59.41,1,Music,bank_card,15.0,4,10,1
c5feb8ef-d94b-4227-9745-56ea1366365e,88.44,1,Shoes,yandex_pay,167.0,3,10,3
c600b73a-077c-43af-84c8-65215e2bc05c,583.24,1,Shoes,sbp,73.0,2,9,1
c607dda5-7bc1-45bd-8967-2e4b426f3bdd,45.72,3,Pet Supplies,sber_pay,99.0,1,9,4
c60cd5fa-652c-4a0d-bb9f-5e48674a9e71,7.42,1,Music,sbp,8.0,8,10,0
c60d20a0-657d-4dea-93ba-9e7c85d27d32,223.66,1,Travel,bank_card,62.0,14,11,2
c6125e6d-5b64-42fe-ba7f-cdee887237bb,237.78,1,Office,bank_card,116.0,3,9,0
c61cbdf3-ff93-4cbc-a441-4dcf3ec9f23a,389.61,1,Jewelry,mir_pay,156.0,2,7,0
c637934c-d39b-4393-9864-ab9f868451bc,44.25,1,Electronics,sbp,146.0,1,8,1
c6397808-2f8b-4b8b-b1a0-f05046bf24fe,12.46,1,Beauty,tinkoff_pay,148.0,5,10,4
c640512b-eece-4357-b898-3ed2de5bd950,113.94,1,Travel,yandex_pay,259.0,2,10,3
c6405b2b-0280-4370-a34c-cf5e7c5dc789,29.45,1,Outdoor,bank_card,94.0,2,10,1
c64959e4-1b6a-4eed-b4e2-1581d0f04423,648.92,2,Home,sber_pay,8.0,1,8,1
c649ccb7-c22c-4a05-9e3e-35bd3b823925,179.87,1,Laptops,mir_pay,24.0,13,10,0
c650673a-b919-469e-a6d3-50d3cbaed186,101.37,1,Pet Supplies,bank_transfer,183.0,2,10,2
c652f117-6417-4cb8-bae1-a63f7f2c695b,208.95,3,Home,sber_pay,33.0,2,10,1
c665f1d8-a311-41e5-a728-90fc368f969c,79.69,1,Headphones,sber_pay,3.0,7,10,0
c67d4386-aa2a-4a7e-9f4a-bf2ecbd4ce79,30.03,1,Tablets,bank_card,94.0,2,10,1
c686fa50-6349-423c-b0e2-cc3dd8005e93,139.33,1,Headphones,bank_card,6.0,7,10,1
c687c19b-e696-4c7b-b748-5004df304ab2,441.22,2,Furniture,sbp,11.0,21,10,0
c68d5c7b-ab88-4fcb-afb4-bee0c19947d3,478.47,1,Tablets,sbp,15.0,5,10,0
c68ed958-e1d4-4b03-9f85-006a41d51380,303.72,1,Tablets,bank_card,142.0,4,10,2
c693783f-9675-4377-bda8-64e6d77f311c,829.25,3,Headphones,cash_on_delivery,9.0,10,11,0
c695b9a5-c240-4e32-b1e4-99b132e9f61d,1184.28,1,Gaming,bank_card,18.0,2,10,0
c69e2c99-df79-421b-aedb-829632f381c6,1196.74,1,Outdoor,bank_card,91.0,3,11,0
c6b0eccd-9190-4c17-84bf-dcf10d6b9af4,152.48,1,Other,bank_card,166.0,4,10,1
c6b1577c-4dff-4da2-8a31-50f47e25385c,108.3,2,Automotive,bank_card,0.0,1,8,0
c6b35607-1e33-45c5-b3bf-ec52b7afdc13,94.15,1,Sports,mir_pay,99.0,6,10,0
c6b9bcd2-fc34-41fc-ab69-4f457728d8e1,342.51,3,Headphones,tinkoff_pay,155.0,1,8,1
c6bd2046-b7f1-4b3e-a7c7-09c1a63985d7,25.63,1,Garden,bank_card,14.0,9,10,0
c6d4100a-541e-4590-8f4c-f888a9518793,18.09,1,Gaming,sbp,7.0,3,10,0
c6f92d6c-f270-4d35-b844-5420b14474c8,200.45,1,Music,bank_card,0.0,1,9,0
c6faac5c-7eec-49e5-a54b-8dd393ca3eec,131.34,1,Kitchen,bank_card,63.0,7,10,1
c6fd1a7a-d4eb-46b0-8520-f049191a6608,305.1,1,Accessories,bank_card,23.0,8,10,0
c700a93b-392c-4f30-9cd9-fad378f3dbaa,395.17,1,Beauty,mir_pay,26.0,7,11,0
c702e65d-1b2f-4f92-9d23-7d70f77ee0eb,338.23,1,Tablets,sbp,90.0,4,10,3
c7088da2-89a4-4e2c-9523-c60647a2ab0e,105.77,1,Tablets,mir_pay,37.0,14,10,0
c70aadb8-c5a9-42d1-acb6-a9e5abbeb7de,217.36,1,Health,sber_pay,30.0,16,11,0
c70f498d-e0f0-471d-9f8d-f4cc9d9e0283,40.92,1,Photography,mir_pay,24.0,11,10,0
c72af8a4-5f9f-4d2f-92b3-4fb6035d8af5,120.49,1,Smartphones,mir_pay,26.0,18,11,0
c74026f5-a8d2-4cda-a356-788d595ca0af,90.31,1,Jewelry,sbp,216.0,4,11,3
c741a021-bc1a-4e83-81ac-29a78e13dea2,103.11,1,Automotive,sbp,104.0,4,10,1
c74902e1-d53c-4542-bd7d-5bda0c08bfe1,82.97,1,Pet Supplies,mir_pay,23.0,2,10,0
c752125e-bcdd-4e9f-852b-3ceffbd20f0e,223.36,1,Beverages,yandex_pay,78.0,4,11,2
c756c5b1-02b8-42e7-b1e6-6fa795ec8431,274.25,1,Outdoor,bank_card,306.0,4,10,4
c7614442-5c60-4c45-aafc-1933474ac8b0,125.29,1,Health,sbp,127.0,2,10,3
c7617812-5b30-457c-9b18-adefe175b546,138.15,1,Smartphones,mir_pay,7.0,1,9,0
c761f612-46ee-4ac9-97b9-8a30d5baf11e,19.06,1,Accessories,mir_pay,29.0,2,9,2
c766b385-4ba3-48b8-a25e-ae118337a65f,279.26,2,Smartphones,sber_pay,123.0,4,9,1
c76bb22d-2538-48e7-9826-df91ec598cc0,126.84,1,Furniture,bank_card,8.0,8,11,0
c77432fb-3938-4b73-b968-c363aa3350f4,11.96,1,Photography,yandex_pay,272.0,4,10,1
c793f0be-ea76-4a39-b05a-28741252efb5,77.39,1,Home,bank_card,137.0,5,10,1
c7989b7f-5ba9-4a0b-b682-dcceff9fe9a8,234.88,1,Travel,sbp,41.0,3,10,0
c7998806-ce0d-45c6-a9db-0279c384f474,13.32,1,Music,bank_card,172.0,8,10,2
c7a01795-16b4-40b9-90f4-42e73df1517a,51.87,1,Gaming,bank_transfer,52.0,8,10,0
c7a3fee7-876e-4969-bd8b-2d8cb6790135,21.23,1,Kitchen,sber_pay,202.0,3,9,2
c7d4762e-cf5f-4a4e-a70a-edfc577d39d5,489.06,3,Sports,bank_card,149.0,6,10,4
c7db4ce5-8778-41ea-907d-c80248033cbb,683.36,2,Travel,sber_pay,164.0,6,10,2
c7e33fc8-b07d-4ef1-9837-8d835a9b8c99,136.79,1,Office,bank_card,276.0,2,10,4
c7f109ce-881e-4ac5-9ddd-6ebb505f7ad0,51.95,1,Gaming,mir_pay,282.0,3,10,3
c7fb5b47-9e79-4d8a-860e-e280cb919958,599.95,3,Outdoor,mir_pay,116.0,4,10,2
c7fcff84-3d2f-4f1d-8c74-027f9d50b4a4,213.15,1,Smartphones,bank_card,161.0,6,10,4
c8058a1a-acdc-4e24-affe-0e8c87539a87,63.31,1,Photography,bank_card,27.0,23,10,0
c80a267a-71e2-4500-948d-1086c48d4dab,27.34,1,Pet Supplies,bank_card,163.0,2,10,3
c80f850c-f217-4add-994e-81b4b73023c4,15.94,1,Beauty,bank_card,210.0,4,10,2
c8119556-3e57-4605-9447-79387ad0727e,285.44,4,Tablets,sbp,195.0,3,9,2
c8151297-3a6c-45af-8d4c-4df1a8bb8bab,34.26,1,Smartphones,bank_card,22.0,11,10,0
c8212cca-5d17-413a-9201-e500adc894be,147.69,1,Photography,bank_card,62.0,8,10,0
c82643a2-8ad0-414e-ac50-160ca81f7a5b,51.68,2,Automotive,sbp,83.0,9,10,3
c827c405-f3f7-4a7b-9799-9a0dba968113,150.34,1,Beauty,sber_pay,52.0,10,10,0
c8301a49-0578-47f6-967e-d170d8a70ad6,208.95,1,Outdoor,sber_pay,10.0,7,10,0
c845b9fe-18ec-4c17-bf39-63c4b81eff55,329.29,1,Beauty,sbp,114.0,3,10,1
c84fdbc3-057c-4e15-9f1b-544db4714a1e,32.77,1,Kitchen,bank_card,112.0,6,10,2
c854a55e-3402-418a-95d2-1c3e22204f38,1388.71,3,Outdoor,bank_card,55.0,2,8,1
c85636e3-a8ca-4ba8-8f0a-d989c2a15f07,389.85,1,Tablets,sbp,58.0,3,10,0
c8672f19-97eb-4579-a5b0-07ec5aba0bbf,96.79,1,Accessories,sber_pay,116.0,3,10,3
c8679b6b-e7cc-48a7-8011-f14629d98776,71.36,1,Tablets,bank_transfer,10.0,6,10,0
c8699f98-9d46-4443-addf-6c123edb14c1,281.9,1,Laptops,bank_card,320.0,4,10,3
c874361b-5ebe-4c80-962d-b82b5cb32d18,55.53,1,Beverages,mir_pay,169.0,4,9,0
c8767996-e192-4863-a7f4-ceacd979c189,45.42,2,Smartphones,sbp,56.0,10,10,0
c8793870-0641-4593-820e-e4e110145e3f,104.9,2,Photography,sbp,135.0,3,10,2
c87dc9bc-e527-4fae-9099-1c6e0b8d272c,767.94,2,Beauty,bank_card,12.0,1,8,0
c87e228d-11d6-450f-81e6-47541fb587b8,183.31,2,Headphones,bank_card,105.0,5,10,2
c8876ca6-d9cb-4267-b902-61eb404c2c14,130.23,3,Electronics,bank_transfer,246.0,3,10,2
c8a0cad0-0792-4b37-b9dc-d7fd3eeda7c0,109.25,1,Kitchen,sbp,17.0,12,10,0
c8c685f6-2372-4205-b124-99d34ed99659,65.58,1,Music,bank_card,206.0,4,10,4
c8cdcfe9-19ed-4ed9-826f-a14b3f5ac47b,185.26,2,Accessories,yandex_pay,237.0,2,10,0
c8ceddba-ac87-4b4c-bca7-d9140fb82f4d,248.63,1,Jewelry,bank_card,57.0,3,10,1
c8dec0fb-f63b-481d-b94a-dcb97a34436f,86.6,1,Food,sber_pay,3.0,1,7,0
c8e0d39e-cb00-4c51-8b5b-0c9a940ab69e,122.07,1,Gaming,bank_card,45.0,13,10,0
c8e52b5c-289d-4ec6-8451-22c53f2481e1,125.99,2,Toys,sbp,61.0,3,10,1
c8e7d285-054f-4ea9-a665-c58cc740b261,219.95,1,Outdoor,bank_card,32.0,15,10,0
c902675f-34da-4ca5-9a4c-e6505ce819a2,96.91,1,Food,sbp,3.0,8,10,0
c902fd89-d1b0-4edc-8480-0770df26ca7c,340.73,1,Toys,cash_on_delivery,320.0,2,10,6
c907b4df-edc5-421a-bcbb-b7ff33f83fb6,245.92,1,Laptops,bank_card,71.0,6,10,0
c919f7d4-75d6-409b-ab45-084fe9535706,57.19,1,Electronics,sbp,26.0,20,11,0
c91b4304-7eb0-4689-9165-168ecf3a841e,60.34,2,Headphones,sbp,123.0,3,10,2
c922fda6-5041-4ac5-8589-94ddb74a833e,180.17,1,Accessories,mir_pay,285.0,2,10,2
c92c6cc5-47f7-4afa-8ecd-253630f36aef,70.23,1,Health,sbp,177.0,5,10,3
c92db5b2-8923-4b3e-94c6-61930e1c89cc,138.94,1,Clothing,mir_pay,128.0,2,10,3
c93239e1-a9cc-4879-a938-bb70a3e71908,73.47,1,Beverages,sbp,217.0,4,10,0
c934cb75-1654-451b-a71a-fc65079a6206,105.69,1,Health,mir_pay,59.0,14,10,1
c94603b8-0830-4118-9d7e-c0f2a5fd6b56,131.04,1,Laptops,tinkoff_pay,6.0,9,10,0
c953514b-2731-4d14-ad4d-4bf651cc20b3,380.1,3,Laptops,bank_card,130.0,5,10,4
c957d7c5-de38-4788-8a95-a7a4d74b0efb,62.64,1,Books,bank_card,20.0,6,11,0
c96186e0-1a92-4792-acb7-a06b60610bd2,139.33,1,Headphones,sbp,121.0,5,10,1
c9664f04-126e-4ad7-a927-8698fa44cdee,2028.0,1,Other,mir_pay,15.0,1,8,1
c96d07c1-705a-4445-b2fd-161c77504875,425.31,1,Music,bank_card,35.0,9,10,0
c981da32-cb88-4492-8f0d-086205e2454a,71.13,1,Photography,sbp,233.0,1,9,2
c987aaf6-d649-4611-bba6-5f8c24d9b902,463.85,1,Home,sber_pay,109.0,5,11,1
c9a5072d-aed6-45bf-9fdd-660fbfaea052,279.92,1,Headphones,mir_pay,80.0,3,10,1
c9a82b13-9cec-4fee-b50a-5ab1c3147d7c,47.42,1,Accessories,sbp,39.0,13,10,2
c9adf498-36c3-46ca-97cd-c4dd37ea49e5,19.26,1,Laptops,bank_transfer,285.0,1,7,1
c9ae800b-7cff-40f3-acaa-f418a7dd2a9c,42.34,2,Other,sbp,3.0,8,11,0
c9b9832d-e36f-4a42-9efd-82d478f5cbf7,194.69,1,Gaming,bank_card,220.0,3,10,2
c9c6f0af-30e1-40a7-a412-ed99a0745d77,215.26,2,Tablets,sbp,84.0,5,10,1
c9e65c3d-9ca1-47b0-ab01-d8d5b9f62eac,509.42,1,Kitchen,bank_card,11.0,4,11,0
c9e7aba3-c21f-4379-8657-6055aa1c07cf,331.21,1,Tablets,bank_card,56.0,2,10,2
c9f15282-a894-4a5e-9a1d-8f72b3469539,89.16,1,Tablets,sber_pay,51.0,6,10,2
c9fd0b05-3aa3-44cd-b7fe-dde9f286b32d,583.18,1,Shoes,bank_card,136.0,4,10,0
ca140b92-3ef7-41b9-bd41-fc618d9fa019,78.61,1,Music,bank_card,146.0,3,11,3
ca1cf4cf-fdff-4942-bf5b-7ad91a344829,167.14,2,Furniture,bank_card,62.0,6,10,2
ca22fd9f-6fd8-4369-947e-8d476a65dea0,50.61,3,Office,bank_card,3.0,1,9,0
ca5a8d10-ff5b-40c8-aa3a-521e1d247a19,1068.35,3,Office,sbp,16.0,7,10,0
ca6c71fc-39fd-4d99-9d60-682af067b595,196.65,2,Kitchen,tinkoff_pay,214.0,2,11,1
ca721601-35ea-4e5d-bff5-5b6fa4a5bc13,825.55,2,Home,tinkoff_pay,8.0,19,10,0
ca756000-5443-4823-8f41-404a5b73a3ba,164.42,1,Other,bank_card,83.0,7,10,0
ca767a6e-d920-4a58-a98e-3550cc4be5e3,326.48,1,Tablets,mir_pay,43.0,1,9,0
ca76946a-fc18-431a-8379-e35ec0f14d04,51.44,1,Toys,bank_card,114.0,4,10,0
ca80766f-33ab-4b04-b62c-81164c93170e,94.75,1,Books,bank_card,245.0,3,10,2
ca825afb-a9af-4b2a-a22a-e18db40b6f29,89.53,1,Gaming,bank_card,24.0,3,10,0
ca84ee00-2a24-40e3-a92c-4831de14e907,325.83,1,Outdoor,bank_card,72.0,2,10,2
ca90e551-d8a2-4780-be8c-e4702edcd973,122.5,1,Outdoor,bank_card,90.0,9,10,0
ca9235a1-1278-4d67-8df8-16de12d81ecd,204.5,1,Sports,yandex_pay,67.0,5,10,0
ca92eb49-181a-4240-a5c6-281051d41b62,109.98,1,Home,sbp,9.0,4,10,0
ca96347b-93de-4ce9-b71c-84eecb4cc6a1,40.72,1,Software,sbp,114.0,5,10,4
ca990d62-940a-47e9-89bc-b0ea1cd0f40b,156.32,1,Office,tinkoff_pay,10.0,11,11,0
ca9f754d-483d-4ec4-ab89-cd3591d401f9,57.5,1,Toys,bank_card,120.0,2,10,1
caa634d5-58e6-47bd-a03f-9128406f4885,148.95,1,Laptops,mir_pay,9.0,6,10,1
caacbb06-11b3-4730-8e02-85aee726ef42,43.7,1,Beauty,mir_pay,93.0,3,10,0
cac24c9a-4135-4e7e-9351-647824d40082,175.1,2,Photography,sber_pay,17.0,29,10,0
cac2ae8f-69f6-4590-9375-dfa87dabf68a,75.99,1,Furniture,bank_card,45.0,6,11,2
cac9c5e9-989f-4b22-96e5-6c99d93d3773,465.52,1,Music,sber_pay,66.0,17,11,0
caccc4a1-5a0c-40f5-8dfb-7d1f901b432c,51.13,1,Kitchen,bank_card,170.0,5,10,2
cace2273-526f-46c8-a9d4-7d96531cc01f,30.57,1,Other,bank_card,85.0,6,10,3
cadc45cb-a28f-41b7-afbd-5f69542f8738,303.58,3,Beverages,sbp,44.0,12,10,2
cadd5d11-0cf0-4e28-ae86-ad28d11d55ff,207.17,1,Laptops,mir_pay,183.0,2,10,6
cae6b981-c79f-4d6f-9e98-31a781136a3e,72.83,1,Home,sber_pay,104.0,5,10,1
caf30497-c63e-41e2-8c48-dba2731e4e34,56.03,1,Garden,yandex_pay,215.0,1,8,2
caf8ee09-4b39-4e67-ae6a-af1faae4fa7a,463.47,3,Smartphones,sber_pay,103.0,2,10,2
cafdee42-ab1f-4f1e-bc96-7e5d1af0d65c,204.5,1,Sports,mir_pay,50.0,13,10,0
cafea8bf-94ab-48bc-866b-948ddb16695b,11.96,1,Photography,bank_card,200.0,2,11,3
cb0aa37f-2407-4e29-aa55-ff239a8d2423,262.62,3,Office,bank_card,292.0,2,9,3
cb160607-ece9-41ba-bab0-6f40672107d6,158.08,1,Other,tinkoff_pay,286.0,3,10,4
cb1ad4a4-0dd7-46ab-8e21-f61ea8697836,87.89,1,Health,bank_card,46.0,11,11,0
cb241d92-3ab3-4617-9892-78f0eb0d1916,143.44,1,Photography,bank_card,248.0,2,10,4
cb452273-73b6-4aa3-8be2-e956d4d17c2b,274.08,2,Tablets,bank_card,210.0,3,10,2
cb578dd9-f728-49e4-8513-01f5d750c448,179.87,1,Laptops,sbp,84.0,3,10,2
cb68e042-83fc-4941-8755-7ace7388f014,124.67,1,Tablets,bank_card,190.0,5,10,2
cb8375cb-52e3-4b72-ac3f-f8a1b35f7371,263.77,2,Toys,sbp,22.0,2,9,0
cb9ad663-32a3-4fd3-bb17-e2ca2fe44b94,2143.02,3,Office,bank_card,249.0,5,10,3
cbaa2ed5-74f2-481d-9cd1-a84f6569f1cf,26.93,1,Tablets,mir_pay,6.0,9,10,0
cbaf7345-2c45-4bd6-9c68-227fcbc152e2,52.74,1,Other,sbp,2.0,20,10,0
cbb15a10-1993-4c97-a99c-b7e21bf3e4f9,6.38,1,Gaming,bank_card,17.0,11,11,0
cbd42040-add1-41c0-b231-5838df36f707,73.0,2,Home,mir_pay,193.0,6,10,1
cbe0bc8b-7cd6-4dd8-bff8-e8127d861ec6,54.55,1,Jewelry,sbp,46.0,10,10,0
cbe51d54-5133-413b-8bb9-cadc4942bc05,15.94,2,Gaming,bank_card,30.0,18,10,1
cbe7b5ea-b35a-496a-9746-b308f1c176a4,57.1,3,Headphones,bank_card,90.0,3,10,2
cbeaaab2-3c2b-4db0-9c92-b13aa56d424b,177.6,1,Accessories,sbp,129.0,1,9,1
cbfe1934-673e-4dd1-8967-b6080590ac46,155.06,2,Furniture,bank_card,9.0,14,10,0
cc21f281-186b-451c-a450-65be7257e0c5,441.22,2,Furniture,cash_on_delivery,79.0,4,10,0
cc295d19-26c2-47fa-b1b2-729144bb80d7,383.97,1,Beauty,sbp,18.0,3,10,0
cc2feab5-774f-4c53-9236-8591cb4e03da,108.05,1,Furniture,yandex_pay,97.0,7,10,1
cc348d74-4b90-416b-a27b-e93338735e96,42.26,1,Other,bank_card,180.0,5,10,5
cc3cb43f-083c-421c-acfa-13c5a77b4b17,145.55,1,Laptops,bank_card,51.0,17,10,1
cc4aa2b2-1439-4bf1-89e3-8a100aac141a,325.35,1,Travel,cash_on_delivery,100.0,2,10,2
cc55ed19-130e-49a9-97b2-87b264993282,1018.84,2,Kitchen,mir_pay,244.0,5,10,3
cc59fe4c-c3f6-43db-ac90-6254b722f084,32.38,2,Jewelry,sbp,79.0,6,11,2
cc65dbd0-5d77-4071-8ccd-e47802eb13fd,125.61,1,Outdoor,sbp,63.0,13,10,3
cc66348e-26f9-47da-9d68-b85703976543,150.72,1,Gaming,cash_on_delivery,285.0,3,10,4
cc6b0701-55e5-40d0-ab38-215f6b3746b4,44.42,1,Home,bank_card,49.0,2,10,0
cc6d9847-3006-4ea3-8023-3ec5d1dd1020,13.18,1,Electronics,mir_pay,165.0,4,9,2
cc798b86-a5ea-4907-9ae8-053cfa00478e,63.68,1,Shoes,sber_pay,90.0,11,10,0
cc814aba-fd8a-48b7-b0d3-00f0ca3bb4fb,974.22,2,Garden,tinkoff_pay,39.0,5,11,1
cc8fa62f-8319-4e63-8d1b-88645ba16089,503.15,1,Software,sber_pay,169.0,4,10,1
cc93d610-416f-48af-9c5f-49eef9843d33,207.68,2,Software,mir_pay,202.0,4,9,1
cca086da-e1a2-4df9-9d11-c901b5bbd49a,281.84,2,Jewelry,bank_card,41.0,6,10,3
ccac6d83-2256-4bf3-9428-b80e793abdf1,477.48,3,Music,bank_card,75.0,5,10,3
ccb75df9-771e-4fcb-8c08-cc2b21427f72,240.77,2,Books,bank_transfer,90.0,5,10,1
cccfc2cd-e70e-4b41-880f-817c40a50872,310.14,2,Photography,bank_card,45.0,2,10,1
cce233a0-f119-4dc9-acc1-642f70505513,163.16,1,Photography,bank_card,210.0,2,9,0
cce2a790-0e70-4b23-9590-3c436f7a9943,120.48,1,Travel,bank_card,3.0,2,10,0
cce78017-6314-4aca-b078-86d3387e9210,45.72,2,Tablets,tinkoff_pay,98.0,12,10,2
ccebfe44-8705-4d48-a6ac-855e77bd73ca,449.1,2,Jewelry,sbp,66.0,5,10,1
ccee83dd-2af9-4b7f-b827-a59a71f07067,92.57,1,Outdoor,bank_card,51.0,9,11,0
ccffa229-ae8a-4bce-a995-48cac8dc3562,328.5,3,Automotive,bank_card,36.0,15,10,1
cd12ab7b-16d0-4d16-a9b6-8fd048182b6b,112.72,1,Shoes,sbp,32.0,13,10,0
cd163b55-4fba-4ef3-97ce-d13e7192534e,172.23,1,Health,sbp,62.0,3,10,1
cd1fe59b-f995-4ecb-9a2d-2e8704fadf19,505.89,2,Software,bank_card,17.0,4,10,0
cd25f737-a70e-4dcb-9d84-774c394003b8,135.5,1,Jewelry,mir_pay,220.0,1,8,2
cd2e8c48-4638-4721-a8f4-c666e15850b8,175.22,1,Gaming,sbp,276.0,2,10,4
cd319668-deb3-491b-8911-78168db030f5,31.18,1,Health,sbp,144.0,3,10,0
cd3da723-7487-4f82-87ed-5d6c79394a5a,89.11,1,Gaming,sbp,21.0,9,10,0
cd431b87-a351-4296-a8b4-93c869ad5c85,59.25,1,Kitchen,bank_card,159.0,4,10,3
cd5a54c9-4bd6-4de5-b33b-e037fd3ca892,68.41,1,Tablets,sbp,16.0,22,10,0
cd74e624-79db-4e38-9804-7f48308db794,99.11,1,Sports,bank_transfer,114.0,3,10,2
cd78c3a2-44b4-4c3a-bec3-e20627fc8fe7,238.0,1,Books,bank_card,13.0,1,6,0
cd7d513a-8b13-4667-b949-9028aca90bcb,987.41,3,Sports,bank_card,28.0,12,10,0
cd855883-b663-48ba-8caa-2bb6cb64fe0c,286.19,1,Gaming,yandex_pay,9.0,1,8,0
cd8f7443-5586-4d50-8f2b-77bf2bc9f5ce,45.58,1,Office,sbp,72.0,3,10,1
cda20658-b3fa-4ad2-b106-ba55da34214d,635.64,3,Books,sbp,49.0,16,10,0
cda23e8f-e82d-43bb-b96e-3be14adb1cee,514.95,1,Books,sber_pay,17.0,4,10,0
cda29156-1332-425e-98a4-070edc203af5,239.99,1,Beverages,bank_card,178.0,3,11,1
cda5baaa-d217-472a-a5d4-654a4f4de9e0,178.94,2,Headphones,sbp,17.0,28,10,0
cdb32c01-573a-4aac-96d5-847e98fc5500,376.96,4,Gaming,sbp,14.0,2,10,1
cdb53112-0daf-4df5-8119-d5b9272ec438,627.84,2,Jewelry,cash_on_delivery,72.0,5,10,1
cdb66bdf-7ec6-4eeb-aa67-d0ef955c228a,553.56,2,Software,sbp,73.0,6,10,2
cdbecc6f-eb25-4aee-b591-972c35fa16c9,82.84,1,Clothing,bank_card,271.0,4,10,2
cdc01c59-7f63-476f-82c4-4bd07c831771,158.38,1,Outdoor,yandex_pay,25.0,4,10,0
cdc8ca59-be54-4cc2-bff8-5d71cde77a65,27.01,1,Health,bank_card,183.0,3,10,6
cdce66de-ccb5-40bf-ac40-d4c4c02aa646,381.66,1,Headphones,tinkoff_pay,259.0,4,10,2
cdf448b6-e243-481e-9928-957f5b39f560,336.96,1,Accessories,bank_card,199.0,9,10,2
ce0473f2-fd06-488f-be19-bf9f1e9d763f,1166.48,2,Shoes,sber_pay,1.0,3,10,0
ce0eb882-0eb1-4506-a02b-ea4a7f5fc74d,1077.66,2,Other,bank_card,265.0,3,10,3
ce1230df-bbc7-4c6e-9987-346f8cc8cce3,532.69,1,Photography,mir_pay,93.0,9,10,0
ce185e97-c3c4-4d46-8330-e9511275aeaa,320.08,1,Furniture,sber_pay,47.0,16,10,0
ce189fdb-3503-43c8-91d6-1ba03ccb0f38,219.25,1,Jewelry,mir_pay,6.0,4,10,0
ce1a0a0e-3eaa-41d3-add7-2b7fe18ebbc6,207.17,1,Laptops,sber_pay,49.0,6,10,1
ce1de377-38be-4894-8675-db5b6d6073d8,58.94,1,Accessories,bank_card,114.0,2,10,1
ce25d5df-8086-4a6f-a3ec-365d6f7bd997,52.14,1,Health,bank_card,50.0,2,10,1
ce2dab86-8829-4158-84b3-84ce5fdf805a,187.83,1,Smartphones,bank_card,3.0,2,10,0
ce2df9fc-a31e-43f1-bf47-6d2d64bc48b7,178.44,1,Smartphones,sbp,176.0,4,10,4
ce2e7f0d-63f5-4a76-943c-f8f5f538dbde,170.08,2,Headphones,cash_on_delivery,122.0,3,9,0
ce42df07-fc40-41e4-9e27-6dd4816667fd,259.49,3,Books,cash_on_delivery,181.0,4,9,4
ce468cb8-9bb9-4914-bb38-bad6bbe5be7e,99.68,1,Tablets,sbp,53.0,24,10,0
ce475f58-9eca-4882-8897-feefc33f41df,42.24,1,Clothing,bank_card,36.0,6,10,1
ce47e331-ff20-45e5-8185-70a904da2234,51.13,1,Kitchen,tinkoff_pay,26.0,4,10,1
ce4fd22a-5338-46e3-a18b-0a8a9e6cceac,209.74,1,Furniture,bank_card,199.0,3,10,4
ce5374b6-1abc-4834-a7a3-0aea94d41153,130.34,1,Smartphones,bank_card,2.0,12,10,0
ce60233a-7624-4c5e-b2d6-abbeea0e2a99,91.82,1,Sports,bank_card,98.0,4,11,4
ce740cde-06ae-4eff-856f-e39e03c88ff9,200.31,3,Tablets,bank_card,220.0,5,10,7
ce78e504-5061-4cbf-a4fd-89c72b6f0a00,107.72,1,Books,bank_card,55.0,7,10,0
ce88d810-fb61-435e-baa2-13d02c34c91c,598.29,2,Software,sbp,4.0,1,8,0
ce9f5349-14d7-4f91-9a13-03bef028c9de,167.14,2,Furniture,bank_transfer,110.0,5,10,1
cea73cc8-822f-4ddb-9885-91a5070cde7d,10.24,1,Toys,cash_on_delivery,25.0,9,10,0
ceb1fbbb-2782-4e0f-8835-124a75560e2f,127.75,1,Food,bank_card,43.0,12,10,2
ceb66456-d6f2-4e82-b941-174f28e255b6,1008.27,3,Pet Supplies,bank_card,232.0,4,10,3
cec270d0-8480-4bbd-b282-ec05df15d631,1906.67,4,Software,bank_card,231.0,3,9,4
cec66bfb-1837-4071-b089-3f0280bad967,602.69,3,Food,sber_pay,72.0,11,10,0
cecc7d9a-3cba-436e-8ade-e691870e4a5f,72.63,3,Beauty,sbp,7.0,2,10,0
ceda3f45-61e0-4b61-87ed-23619d7a3828,491.22,1,Jewelry,yandex_pay,106.0,3,10,2
cedfa9cb-ea5a-4850-83ff-95dd563ca6bc,5955.59,4,Office,bank_transfer,217.0,1,8,4
ceeef18a-0799-4ad8-8ec7-f5d07bda0d5c,692.88,2,Music,bank_card,207.0,3,9,4
cef272ea-c271-430c-9908-6e5eb0fef453,54.66,3,Furniture,sbp,70.0,5,10,1
cf01e06c-95bc-48da-9baa-6f71edb5e733,120.42,1,Automotive,tinkoff_pay,50.0,4,10,4
cf11dba1-8f4e-4371-b9ab-e608dea6b7c5,596.41,1,Toys,sbp,20.0,5,10,0
cf130516-bafc-46aa-9d32-eeb6522c45a8,46.58,1,Gaming,sber_pay,249.0,1,6,5
cf1cc4a8-11a8-4592-a21e-ae143ec306ad,3563.9,3,Gaming,mir_pay,178.0,2,10,3
cf3a04a3-9b9a-40dd-a682-7832c5f1940b,506.24,2,Software,yandex_pay,40.0,4,10,2
cf44b2f0-8fe0-4cd0-9daa-d2746336f485,134.2,1,Clothing,bank_card,68.0,1,7,1
cf50a1aa-2fac-4705-88ed-91185744495e,95.26,2,Laptops,bank_card,132.0,5,11,2
cf53704f-fb8e-4bc5-bfab-21e0ea792ae1,639.4,1,Other,sbp,83.0,4,10,0
cf56af4d-67ef-48d5-891a-8f0bf4352e2d,199.85,1,Toys,yandex_pay,4.0,9,10,0
cf67eee3-edb6-4d80-bd16-c5cca40af7b9,60.36,3,Accessories,sbp,195.0,7,10,1
cf6cf27e-b601-48de-83f5-a388cdb18d55,1018.84,2,Kitchen,bank_card,4.0,4,10,0
cf8e67dc-10f9-41a2-97b4-e6cd43bb21ca,67.26,1,Food,mir_pay,23.0,3,10,0
cf8f90b3-da91-4cdc-b56a-afdc9522a1b1,667.47,4,Other,bank_card,89.0,11,10,1
cf987a5c-6da4-49ba-8af5-29a95057e838,36.26,1,Accessories,sber_pay,151.0,6,10,4
cf9a27dd-a850-49a2-a9fc-92710cd71114,82.11,3,Office,sbp,135.0,1,7,0
cfabb2da-3537-4aa3-9d3d-19f3d03b1f35,960.68,1,Office,sber_pay,28.0,4,10,1
cfb3f704-b664-4550-9936-cb876b683949,83.71,1,Other,sber_pay,22.0,20,11,0
cfb50e23-d14d-44e4-99d6-0020ebf0030e,120.1,1,Headphones,tinkoff_pay,62.0,7,11,1
cfb99508-3b7c-4837-b2fe-dd1836f4a6c8,136.32,1,Health,bank_card,179.0,3,10,2
cfbdefda-5f32-42c1-a780-0d680b612486,238.59,2,Electronics,bank_card,26.0,21,10,0
cfca381e-1c22-463c-9ac0-f87bae4ab982,68.41,1,Tablets,sbp,122.0,6,10,0
d00d16c6-ce4a-403c-ac1d-7b6b9a534adb,103.12,1,Smartphones,bank_card,59.0,2,9,0
d0188e9a-5d7b-44cc-8c04-d8770e56bf65,56.23,1,Office,yandex_pay,7.0,2,10,0
d01ec433-1f4e-4f5a-a64f-edf9195e86e4,64.1,1,Gaming,bank_card,41.0,3,10,0
d0242ec5-0b6e-441d-915e-16dc459cc67c,197.01,2,Accessories,sbp,33.0,13,10,1
d025d92f-70d2-4f1f-9722-324f60bbeaf8,1935.77,1,Health,bank_card,109.0,5,10,0
d026b3b7-3039-4d0d-9934-97668d8e6e12,72.98,1,Travel,yandex_pay,6.0,4,10,0
d029f41b-8941-4ef9-8fce-1cf78868b658,52.81,1,Accessories,bank_card,272.0,5,10,4
d031c545-2ed7-48ee-91ea-92ea6b7692f5,506.33,2,Electronics,bank_card,12.0,16,10,0
d03dac62-6319-48db-a67d-ff69d9f878fb,434.72,2,Health,sbp,22.0,3,10,0
d04d299d-a47b-43d6-a52d-45d6bf0bfbb0,11.6,1,Photography,sbp,293.0,4,10,5
d04e4115-9eec-475c-b626-e1b7101b8a73,104.41,1,Shoes,sber_pay,52.0,13,10,0
d0681a59-1ab7-43c5-943b-7d092aaf3a4f,289.5,2,Laptops,sbp,84.0,4,10,1
d07229d5-0435-476f-9008-6382ead83380,166.38,3,Beverages,sber_pay,10.0,9,10,0
d07da4e3-f61d-46d8-a480-cae967f3c333,50.54,2,Automotive,tinkoff_pay,91.0,2,10,2
d07e1b81-2650-4abe-a25b-b4c613bbec4e,193.82,2,Food,bank_transfer,2.0,6,10,0
d0856013-5f6e-40de-a862-2a879ee23768,34.4,1,Smartphones,bank_card,274.0,2,10,1
d0a36cab-b00a-472f-bdef-6720126e323a,229.32,3,Automotive,sber_pay,234.0,2,10,2
d0b9ef79-a45c-4359-aeb2-0621aeff6d32,384.77,1,Health,bank_transfer,25.0,10,10,0
d0d7a205-8c3c-4100-8096-47d825b98977,152.04,1,Toys,sber_pay,341.0,1,9,4
d0d95007-fe30-4992-9485-75999d014c91,97.97,1,Sports,bank_card,95.0,3,10,2
d0e5e5d7-275b-446d-a1a2-74467330d35c,372.87,3,Home,sbp,121.0,4,10,1
d0e74b18-34e0-411b-bc65-57f505d09ffd,453.13,1,Kitchen,bank_transfer,18.0,3,10,0
d0e878ac-e215-4627-8729-beb7f73cc64d,74.33,1,Music,tinkoff_pay,0.0,1,6,0
d102f9f0-6145-4e68-ba94-cca71d11a670,84.83,1,Headphones,sber_pay,137.0,8,10,2
d1042c36-5179-4d26-835d-eb010562789c,615.5,1,Pet Supplies,bank_card,94.0,3,9,3
d10e6d68-7a03-4718-ad58-5ec0680fd68c,61.65,2,Photography,bank_card,86.0,4,10,1
d11379e3-f65d-4208-8488-d9f777ab48d2,89.34,1,Office,bank_card,76.0,7,10,1
d11941b0-73b6-4d7c-84de-ad91b8278295,126.55,1,Kitchen,sber_pay,74.0,3,10,1
d11c14d1-cbd2-464f-aad6-1b5fde205433,48.27,1,Tablets,yandex_pay,235.0,5,10,3
d1204eaf-2667-402f-a115-79e79010ef53,169.27,1,Furniture,bank_card,27.0,9,10,0
d1276bf3-8407-4a19-8773-a45140c3ec35,120.56,1,Beauty,bank_card,6.0,20,10,0
d144ce6f-470d-49a8-8d92-3bbd00b6414a,34.42,1,Shoes,bank_card,86.0,2,10,1
d1533954-4b8f-4d0f-b02f-84d8bef7cf21,82.5,1,Smartphones,sbp,67.0,3,10,0
d1564a1d-995f-448f-bda7-30c457824567,180.44,2,Travel,yandex_pay,231.0,3,9,4
d157d69c-e0f2-4d86-804b-ba48fe7aab50,26.22,1,Other,sbp,105.0,4,10,3
d1585093-e6d5-4f91-94ed-55dcc6f0950b,1229.54,1,Accessories,sbp,1.0,6,10,0
d15b7c7f-bd94-47ed-a940-8b613c788c9c,639.35,1,Clothing,bank_card,157.0,3,10,3
d16233f4-98c5-4f61-a399-e212550ed825,189.13,1,Gaming,sber_pay,267.0,1,8,4
d169ea26-8da5-48f6-acc0-4bcf0975cfd6,145.5,2,Travel,bank_card,24.0,10,10,0
d1727e6d-7e6a-4128-845e-4e2a6ac754b7,9.79,1,Music,bank_card,41.0,15,10,1
d173e7c7-473a-4e7a-83fe-df486ffca3e6,1439.7,1,Home,sbp,60.0,3,10,1
d17c97e2-bab1-4c22-9b70-0dbfb9a13bfd,340.62,1,Jewelry,sbp,50.0,15,10,1
d1808b0d-b4a0-431b-a67e-223e6c1f9ef3,138.25,1,Kitchen,sbp,122.0,4,10,1
d187ec9d-f251-4574-b03c-e60d50c20cb4,339.57,2,Tablets,sbp,86.0,5,10,0
d18cc139-4fb7-4d1a-9eec-028cc21799d7,10.94,1,Toys,bank_card,71.0,6,10,2
d18fb47e-4795-45b3-aec6-7e51bccb607d,1573.37,1,Sports,sbp,129.0,4,10,1
d192c1de-ec9a-4f09-9fa8-85bfc2b392cf,145.39,1,Photography,sbp,56.0,9,10,2
d19e8133-62d3-4888-b525-772950b9241f,148.12,2,Kitchen,yandex_pay,64.0,4,11,0
d1a656d3-9bb8-4522-a637-3c207c7aedc8,611.76,4,Headphones,bank_card,16.0,1,9,0
d1a968b2-20b1-4edd-ba13-56d2d88949a2,276.78,1,Software,bank_card,11.0,2,10,0
d1c6cbf9-4624-4fec-abff-f64121e27f6d,414.34,2,Laptops,bank_card,43.0,14,11,0
d1c6cef4-96d3-4f3b-bd39-d262e1eba718,66.32,1,Food,sbp,70.0,10,10,2
d1ca4e43-884e-4bb0-a2c7-92d93feac159,672.68,2,Beverages,sber_pay,163.0,4,10,2
d1db60cd-aa9d-4292-b7f1-46d339399801,218.49,3,Home,bank_card,1.0,3,10,0
d1db9c8c-c3d5-470a-8f23-8f26a3171263,30.09,1,Gaming,bank_card,97.0,7,10,2
d1e06ae3-9343-41f3-ab3f-eb49d3931a9b,167.92,2,Shoes,bank_transfer,8.0,1,6,0
d1e155cb-38a9-4a59-a0ee-441fe065f420,260.0,2,Other,bank_card,14.0,4,10,0
d1e4c65a-0859-4939-bf78-21424294ffe3,119.79,3,Beverages,sber_pay,140.0,7,11,6
d1ee5dcb-aa14-4a05-9dfd-6c1e5eacde01,94.15,1,Sports,sber_pay,113.0,4,10,2
d1efad36-c65c-4a43-aae7-eae42774d5cb,54.66,1,Tablets,sber_pay,2.0,2,10,0
d1fa10ee-f5f8-49ed-98c5-e339a1d04b41,48.28,1,Headphones,bank_card,155.0,3,10,3
d20fb07b-930b-415c-a660-f33283a9d68f,77.76,1,Kitchen,sbp,50.0,6,10,1
d21d3a9b-04f1-48b4-91eb-502403dfae01,137.96,2,Toys,bank_card,9.0,2,10,0
d222dcec-108f-41e3-9cb0-b2e3d4fafd2b,26.5,1,Shoes,bank_card,213.0,6,10,2
d22e63a4-81db-4e7b-a57d-f9b3710b1222,140.5,2,Outdoor,sbp,5.0,1,8,0
d23c0631-f648-43d3-bfb3-58ce09347d76,282.89,1,Health,sbp,13.0,3,9,0
d23d56b2-5668-4057-8f61-11d908281351,345.77,1,Automotive,bank_card,74.0,6,10,0
d25642c9-a070-4db3-9201-142174dfaea7,1509.45,3,Software,bank_card,68.0,2,10,1
d258504d-b285-4bcb-a22a-03b62d0fff00,57.58,1,Tablets,mir_pay,29.0,4,10,0
d25c1a0c-4def-4fdb-8a94-cdf5f8e287a7,424.95,2,Travel,mir_pay,87.0,2,10,2
d25c5103-0703-4c16-96b1-a81918bbf16a,63.03,1,Accessories,sber_pay,54.0,4,10,1
d25ca0bf-6be1-4e64-bee4-c807ba5b740a,160.81,1,Automotive,bank_card,141.0,3,10,4
d27863d9-7219-4c24-847f-4489f274f9cd,88.44,1,Shoes,bank_card,110.0,3,11,4
d27b54d6-0dc3-4ed0-9959-c350d03497a9,93.9,2,Shoes,bank_card,147.0,1,8,3
d281abc3-4215-4ad7-9e57-dc144adfa69b,32.46,1,Garden,bank_card,39.0,1,7,1
d286d652-9b13-40b3-97ff-ad32a688068c,1398.78,3,Jewelry,sbp,24.0,18,10,0
d28a9ccd-8564-4bfc-addd-fdd1c8919ba3,120.38,1,Books,bank_card,128.0,5,10,2
d28cb154-43d6-4c69-8c0a-695660974f80,184.85,1,Health,sbp,179.0,4,10,4
d292a8a9-51fc-4bc3-a0dc-e360a9ff631f,160.0,1,Jewelry,sbp,176.0,5,10,3
d2979333-a182-4b5f-ba7d-80b830349f66,105.3,1,Sports,yandex_pay,6.0,7,10,0
d2a36be8-73cf-4bb8-bb61-cfebeac7f443,324.68,4,Kitchen,sbp,7.0,6,10,0
d2baf57b-2c1a-4143-9f70-a428540c5a86,224.99,1,Smartphones,bank_card,252.0,2,10,0
d2cf76c8-aa3d-40c6-a3c8-9f9aa0221708,1426.6,3,Other,bank_card,62.0,2,10,1
d2d7a47a-2462-444b-a356-c37a649a8f75,62.85,1,Food,sber_pay,300.0,2,11,2
d2d7ce99-277b-4cef-93ea-b36e2a0f7dba,656.09,1,Garden,cash_on_delivery,138.0,6,10,4
d2d9187d-12d6-42c4-89d1-39c5db4b1625,175.61,1,Health,sbp,29.0,17,10,1
d2e2f92a-014d-4405-a867-6b8a52d37de2,27.98,1,Headphones,bank_card,9.0,10,10,0
d2f0ed69-986b-4090-a88c-3b9a6f199383,63.91,1,Beverages,yandex_pay,66.0,4,10,0
d2f757db-a9a9-4704-a08c-dee35c9f8345,109.95,1,Music,mir_pay,6.0,4,10,0
d2f8cfbc-79b8-431a-8420-13e6ba264da1,357.48,1,Beverages,bank_card,258.0,1,8,5
d300a023-a3fe-46ec-bb66-d41641a23d5f,265.2,3,Sports,bank_card,75.0,2,10,1
d3044391-5fbb-41b0-b5b4-937466a2e66c,261.69,1,Automotive,cash_on_delivery,126.0,2,9,1
d308985c-1b7e-4901-8434-1af501495533,126.87,1,Photography,yandex_pay,41.0,5,10,2
d312ee75-a15a-4ffd-9e3c-f02661e43b54,63.37,1,Shoes,bank_card,130.0,3,10,3
d313b556-7dd2-49dd-901a-180b284f8557,126.91,1,Beauty,sbp,14.0,7,10,1
d319b518-9d95-4a21-bc90-22361f14dbb8,763.6,1,Home,tinkoff_pay,222.0,3,10,3
d32447cc-d43a-4cad-a9ea-d1118ff9cb55,1002.19,1,Toys,mir_pay,134.0,3,10,3
d335fb53-0239-4c58-a3ac-b2c71a360f9a,1598.07,3,Photography,bank_card,237.0,4,10,1
d3391a9f-333d-4374-aa37-cd4cb09fc764,224.07,1,Food,sbp,10.0,4,10,0
d33ad1a4-b376-4929-a48b-bb83d3d01a10,510.56,4,Photography,bank_card,23.0,21,10,0
d34076c6-3df2-4b35-a11b-e0ee7d27a617,140.16,1,Shoes,sber_pay,14.0,16,11,0
d3412763-1a5b-4913-9e60-ae7c8d1dd02c,69.85,1,Home,bank_card,87.0,2,10,1
d3499727-8666-4e88-bf8e-8d5a94ba4149,59.41,1,Music,bank_card,53.0,3,10,0
d34b8f9d-2e9f-42cc-8c44-fec1e1a7c8e2,166.45,1,Clothing,bank_card,53.0,3,10,1
d34cc94d-cf03-42a7-9b6f-f953440db94c,188.57,1,Toys,bank_card,176.0,2,10,2
d34d2aad-f91a-4f21-8ab8-8c6c208732bf,153.44,1,Sports,bank_card,255.0,3,10,2
d3611757-9485-4118-915d-e4b6804d9fb4,62.62,1,Beverages,sbp,204.0,5,10,1
d36f5761-b369-4633-8238-1303b2f4513b,61.73,1,Smartphones,bank_card,242.0,3,10,1
d3753683-4640-46b9-87be-1996133da9f0,338.84,2,Other,sber_pay,28.0,17,10,0
d37c6fba-1e75-4eb4-810b-d953ff0c15d4,38.36,1,Automotive,bank_card,2.0,7,10,0
d37cf3f0-9a80-4ea7-93c3-16a99bdd363f,436.49,1,Gaming,bank_card,31.0,19,11,1
d37f84fc-dd42-412d-8664-bf173a017bb0,162.87,1,Photography,bank_transfer,106.0,1,9,1
d382a44c-d983-4e12-b34d-da362729b2b5,559.33,4,Clothing,bank_card,236.0,2,10,3
d3889f8a-2c08-413f-bd15-fa9c7c03d580,346.29,1,Health,bank_card,326.0,3,10,2
d3927990-6f50-4eb8-b328-19cd4f0dd390,55.61,1,Software,sbp,0.0,1,8,0
d3952665-79cd-43c9-8cf9-1ad798bb32ee,112.27,1,Music,bank_card,225.0,6,10,2
d3b22893-8bbe-4223-b22c-7b9b9be9ad3e,86.8,1,Office,bank_card,49.0,8,10,1
d3b2636b-93d7-4b60-9dec-5443414d6fd4,207.57,2,Kitchen,sbp,182.0,2,10,3
d3beb515-0cd5-4de2-b7c0-53c3fd347027,105.88,1,Photography,mir_pay,1.0,2,10,0
d3bffe13-9e08-4086-9ced-c799a787082d,39.22,1,Gaming,sbp,2.0,5,10,0
d3c7c792-b975-40cd-91f5-27d9eac20f36,122.22,2,Shoes,sber_pay,37.0,3,9,1
d3cc593a-659d-4bc1-8927-f470712dac33,191.5,1,Laptops,yandex_pay,23.0,2,11,1
d3cdd7b0-8267-458e-bf46-3a2b4f59badb,661.53,1,Furniture,sber_pay,254.0,2,10,4
d3d1b71e-2993-4d2e-b3a7-455010f20b3a,119.83,2,Beauty,bank_card,18.0,4,10,0
d3d5701e-cb16-4136-9ff4-458fafea26e9,30.96,4,Furniture,bank_card,85.0,6,10,2
d3d7e81a-b4e4-4241-a1ca-1a53d1a90cf6,52.62,1,Office,sber_pay,0.0,9,10,0
d3e0d47d-4310-48cb-888f-2217e6fdb672,795.26,3,Smartphones,tinkoff_pay,2.0,8,10,0
d3ede136-46e4-4dfe-bc56-7979fb5c2fce,59.36,1,Headphones,yandex_pay,134.0,3,10,2
d407f5ae-b2fe-421d-a6e3-d06f8b17c995,58.8,1,Food,bank_card,117.0,7,10,1
d40df3eb-0233-4058-b08b-c74dbe1ef671,49.66,1,Smartphones,bank_card,288.0,1,8,1
d41d99bb-1b6d-44a9-9b33-b6b4ef192139,216.11,1,Office,sbp,94.0,4,10,2
d429002d-01a3-4ae0-a981-26f07e5a6954,258.77,1,Office,sbp,203.0,6,10,1
d43b2a75-ea90-47f4-a91a-dc008a8026e0,158.2,2,Kitchen,tinkoff_pay,99.0,1,9,2
d4483163-7543-4e14-ade4-2152270a8082,276.4,4,Sports,yandex_pay,102.0,2,10,0
d44f3dd0-7d56-4cc2-972a-35ffa263a89e,194.69,1,Gaming,sber_pay,44.0,11,10,1
d453a7a7-beac-4734-baf7-e927ea82949f,11.75,1,Food,bank_card,66.0,4,11,0
d456efb3-f7f3-4823-a321-939e49724b16,50.47,1,Shoes,bank_card,211.0,2,10,5
d45cd631-7170-4058-ba70-ef8026bb32d0,28.55,1,Software,yandex_pay,109.0,5,10,2
d45d2b6e-f0d2-4bf2-b5db-932e114fdb40,109.5,1,Automotive,bank_card,21.0,3,10,0
d463379c-469d-4511-81be-8abbcf5f60a4,42.73,1,Kitchen,yandex_pay,22.0,4,10,0
d466a1df-e998-4e56-aa5d-4e05bd4947e3,349.99,1,Jewelry,sber_pay,88.0,2,10,0
d46d0252-2bc1-471a-a04a-57b407912641,267.2,1,Shoes,bank_card,221.0,1,7,3
d4922dc1-0cf0-4750-9ca7-1a02a0bc16b0,167.5,1,Laptops,bank_card,42.0,3,10,0
d4985935-6ffe-40ec-af41-787185a2f8e2,2043.32,1,Health,mir_pay,1.0,10,10,0
d4a07b56-91de-4e77-a58f-54e21521bbb9,1431.73,1,Home,tinkoff_pay,102.0,1,9,3
d4a51122-9cfa-4294-9127-35a93cf4e7ac,151.66,2,Garden,mir_pay,0.0,2,10,0
d4b420fe-9f2c-41b0-8b11-6095390b397d,66.74,1,Outdoor,bank_card,9.0,5,10,0
d4b8348c-6c46-4e0a-b495-56b22cfd6a5e,251.88,2,Travel,bank_card,15.0,4,10,1
d4c47dd1-2550-4def-bc65-5adea5da595c,92.41,1,Jewelry,bank_card,2.0,1,8,0
d4c5b75c-ca93-4df3-9f82-8218d52e2bfc,363.09,3,Health,bank_card,30.0,19,11,0
d4cbf826-4da5-4517-a62d-0714e4ae9974,611.71,1,Outdoor,bank_card,252.0,3,10,3
d4d147c3-3a8e-4ade-be30-9bab81953108,83.45,2,Office,bank_card,33.0,4,10,2
d4e356a2-1b5a-478f-83ce-20d6c1c5ccd3,151.88,1,Outdoor,bank_card,151.0,2,9,1
d4e487fc-7b97-43de-8947-379a1ae10de0,40.31,1,Jewelry,bank_card,48.0,6,10,3
d4eaba8b-ea2a-4b8d-8a20-ee81e9715367,517.83,1,Pet Supplies,cash_on_delivery,64.0,8,10,0
d4f85fbd-defd-45aa-bca2-0088448a0cfd,81.06,1,Outdoor,mir_pay,53.0,10,10,0
d4fade1f-53d6-44b5-b23c-1bea2d4d03cb,120.76,2,Garden,bank_card,9.0,19,11,0
d506d99a-3eac-4912-8d0a-a72d6e26abac,224.07,1,Food,bank_card,7.0,7,11,0
d5183702-2bba-4b14-b52b-637448c54867,123.0,1,Tablets,cash_on_delivery,71.0,3,10,1
d5321cad-8ff6-4aff-8509-23c1372eb7d5,31.44,1,Pet Supplies,bank_card,78.0,9,10,0
d5345678-9f92-46f2-aae8-7b351339664f,49.72,1,Garden,sber_pay,20.0,3,10,1
d536fcdb-774c-41f0-9e96-45a8e15e9d83,635.76,2,Clothing,yandex_pay,78.0,2,10,2
d54dbba4-8e35-4985-b2ff-d357654e794f,113.04,1,Toys,mir_pay,141.0,4,10,3
d552f277-9086-4ef0-805f-97eef525cd5b,135.1,1,Headphones,cash_on_delivery,31.0,11,11,0
d5545594-4207-423b-80fc-67ff3db043cb,432.22,2,Office,bank_card,2.0,3,9,0
d563dffb-b070-4c8f-9d92-d2c9630cdce9,549.25,2,Jewelry,bank_card,166.0,2,10,2
d567af9b-9dc8-46a8-a8be-1214c923c950,117.16,1,Clothing,mir_pay,15.0,21,11,0
d56f53a2-1e70-4a8b-83f4-b0efe8417f59,147.08,1,Shoes,bank_card,0.0,1,7,0
d56fc14d-3066-40ba-bbd2-fb67ae1bc2db,412.48,2,Accessories,sbp,55.0,1,8,1
d572b75d-7aae-478d-872c-fc6567f01e49,2158.82,2,Travel,sbp,42.0,3,10,0
d57bbc3d-63fa-4bb5-acbd-263be81f8b5e,30.0,1,Furniture,sbp,3.0,8,10,0
d59046d4-def9-48e7-897a-7e4f395eada8,295.86,1,Office,bank_card,136.0,4,10,2
d5a38acb-bf05-496d-ab4e-5bdc9329b1e1,2066.0,2,Toys,sber_pay,37.0,6,10,1
d5a39221-e992-4fe1-a62f-60a73517f095,149.69,1,Jewelry,bank_card,82.0,9,11,2
d5a92b1c-e724-45dc-821e-f9399bd79583,3713.34,4,Headphones,sbp,0.0,1,9,0
d5ab96e3-4429-40c3-9a04-27f700fb2b38,1261.12,2,Accessories,bank_card,65.0,3,8,1
d5b61ddc-8b16-4734-919f-a92acccd44fb,284.98,1,Photography,sbp,1.0,8,10,0
d5bc8a7e-b96c-488b-8e19-d1fe552d79eb,306.89,1,Outdoor,tinkoff_pay,172.0,4,11,2
d5d8e71a-f5d5-45e8-8cf6-98a2d315387e,96.44,1,Other,sber_pay,50.0,10,10,0
d5d9d87f-5da4-41ac-a6c9-f0ebcb379525,224.48,1,Travel,bank_card,45.0,4,10,0
d5ecefe7-0d25-43f3-b33e-aa5de047a652,44.46,1,Home,sber_pay,1.0,5,10,0
d5f392fe-4437-4536-b55b-a2035236b689,359.98,1,Sports,bank_card,212.0,4,10,5
d602c008-502b-4e68-b349-360fbc4019ba,32.72,3,Automotive,bank_transfer,3.0,7,10,0
d61216eb-c015-41bb-8118-8991e4cf4346,55.36,1,Toys,yandex_pay,196.0,2,10,3
d6185646-217a-487d-a6c2-e996afd19d98,1508.08,4,Software,sbp,225.0,6,10,2
d61b2ff1-50fa-4bd5-a2fd-4995b02144f1,45.7,1,Headphones,sber_pay,26.0,4,10,0
d6248e56-e17e-4306-a16c-69d8aa4f5cf4,165.01,1,Office,bank_card,56.0,6,10,3
d62af9d5-1f18-469b-8cae-a47b3be94de5,574.48,2,Music,sbp,193.0,7,10,2
d62da684-2cf0-4166-85ec-87ec5a0e976a,683.36,2,Travel,mir_pay,17.0,3,9,0
d6369f5f-ce73-4640-b170-cd8fdf884622,368.31,1,Books,bank_transfer,11.0,5,10,0
d646d372-4b11-4e58-9097-0efabc95718d,81.54,3,Beverages,bank_card,2.0,1,8,0
d64c0690-574e-45e0-9361-234939c008f7,1017.33,3,Garden,sber_pay,188.0,3,10,5
d668672c-c20f-46c5-af7c-9ee2a470a270,149.36,2,Accessories,bank_card,169.0,6,10,1
d66cbc10-8972-410e-a290-a3ef8366283a,161.93,1,Music,bank_card,99.0,4,11,1
d671fb1e-5c87-4e7a-a076-f9985f1f8396,476.0,2,Books,bank_card,104.0,3,11,1
d6722d0d-3327-4947-9c92-8f2be3e94d9f,191.87,1,Books,sbp,28.0,1,9,0
d675ed64-a184-431f-a5b1-d29915473213,692.59,2,Health,bank_card,237.0,1,8,1
d67e259c-5293-4ebd-ac85-d52ca6ceab53,501.12,3,Beauty,bank_card,1.0,4,10,0
d67f68b6-e285-49d4-95b7-7500696f32ed,612.5,1,Headphones,bank_card,10.0,6,10,0
d686eed8-6e00-4a19-8564-1419104de67e,187.18,1,Pet Supplies,bank_card,26.0,16,11,0
d6930980-9840-47af-b83c-73c0c36aa2b9,142.56,1,Accessories,mir_pay,55.0,5,10,2
d69bd43c-59f5-45d7-b70d-fed62df74e2a,12.56,1,Toys,sbp,24.0,5,9,0
d69d747a-7a0c-4ba7-a999-0cb0bc270d00,112.5,1,Home,bank_card,10.0,4,10,0
d6a509d9-7c1e-4a10-9a98-86b2db50a04e,149.16,3,Garden,bank_card,13.0,2,9,0
d6b5fab0-a8f8-4b3c-9cee-fa1b3b97de0f,114.47,1,Smartphones,sbp,120.0,3,10,1
d6c79e1e-785b-4662-a3f4-244185245a0d,82.3,1,Toys,bank_card,87.0,6,10,3
d6d123ab-3ec1-41f7-8f62-49584a745ea8,103.05,3,Headphones,bank_card,98.0,3,11,3
d6dd1382-5158-46af-8c43-8f0de4774004,16.81,1,Outdoor,sber_pay,13.0,3,9,0
d6f2cbcd-24c9-4916-8066-71ff134edd35,53.69,1,Laptops,bank_card,34.0,6,10,1
d6fab791-e614-4600-ac39-c34d4eed4c7e,12.56,1,Toys,mir_pay,151.0,5,10,3
d7069430-2438-4761-ae2e-234fe7159cee,34.4,1,Smartphones,bank_card,39.0,9,10,0
d70ed2dd-3fc5-4e8f-8e45-5d8565a93fac,63.52,1,Headphones,bank_transfer,1.0,2,11,0
d711cbee-4e08-4fb3-b8fd-d4ff0dfbab4a,104.02,1,Automotive,bank_card,26.0,25,11,0
d732438f-9e5e-4c03-97ff-fb70a2b6b1ca,281.07,1,Office,cash_on_delivery,191.0,3,10,1
d73fca7a-b924-4b70-aec3-696aea409195,99.52,1,Accessories,sbp,10.0,14,10,0
d7402fd2-8827-4d50-9be9-c26ae4d093c3,214.88,2,Accessories,bank_card,136.0,4,10,0
d741ec54-f970-49e0-8070-0ca470e57616,1480.57,1,Laptops,sbp,0.0,1,7,0
d7494ec6-ea16-4950-aa26-86c81b4066fc,786.22,1,Software,sbp,106.0,2,9,1
d7499982-7a62-45b4-81be-d81fb06a06da,127.52,1,Beverages,bank_card,10.0,6,10,0
d74e3373-af2d-4d23-8893-ba3bd7a6824f,242.57,1,Books,cash_on_delivery,107.0,4,10,3
d75019c7-9831-474d-95fb-5dd32797ba37,35.74,1,Health,sbp,5.0,18,10,0
d7608955-6684-40b9-a067-6cf77d493d5c,642.32,2,Accessories,sbp,145.0,2,10,2
d7731b54-5d02-4dd0-bdf4-e963e8648470,133.1,1,Food,cash_on_delivery,195.0,2,10,1
d7762e4c-0e5e-48c6-9685-2811f2a56c66,28.23,1,Accessories,sber_pay,174.0,4,10,3
d77baabd-cc4f-4fe5-b83a-774c56fb1754,2027.22,2,Smartphones,yandex_pay,153.0,4,10,3
d78d6988-9173-4e35-8ddb-1abba58f5917,531.9,2,Laptops,sbp,74.0,7,10,0
d797d363-fa65-405d-9798-0453719d81e3,242.57,1,Books,sbp,41.0,1,8,0
d7a0f1d2-ccbd-4448-b88c-bd6bc21ec57a,70.67,1,Other,mir_pay,175.0,5,10,0
d7a70f90-7c4d-48c1-b605-168105c72177,469.76,2,Travel,sbp,8.0,13,10,0
d7a9f709-adb4-4b6f-a431-253e2dfcbc9d,227.84,1,Garden,bank_card,55.0,6,10,0
d7acc6c1-4843-4a0b-9ae7-5afbfb5e3418,68.44,2,Kitchen,bank_card,40.0,5,10,0
d7ae5873-ebbd-4938-98da-f67f1baef6f5,90.32,1,Pet Supplies,sbp,244.0,1,6,3
d7b5470f-5751-4242-ac19-32080bdcabb7,94.75,1,Books,sbp,152.0,5,10,2
d7c223ed-4cfc-4dc7-b75d-3b0a27576258,337.05,2,Laptops,sbp,122.0,5,10,0
d7cbe289-d883-4ec1-9073-f56a02b3ed4c,89.16,1,Tablets,bank_card,41.0,15,10,1
d7d37ac1-f5b0-4de3-be55-aa3d469214d2,141.39,1,Beauty,bank_card,12.0,1,7,0
d7e37880-2776-479b-ac93-e925a7c0657f,247.82,1,Sports,sbp,14.0,18,10,0
d7e57c62-3ef3-4bd1-a0a9-2ca5f8f8d098,197.84,1,Shoes,sbp,257.0,6,10,2
d7e714ca-8005-4b3f-8d6c-ba7e86ab1486,226.86,4,Electronics,bank_card,3.0,2,9,0
d7f78c43-5eb6-4c46-9b7d-8ee58fb79d31,206.37,1,Jewelry,bank_card,43.0,6,10,1
d809a9c7-6ed9-43cb-bd77-59cdc497cb5e,157.81,2,Furniture,bank_card,31.0,17,10,0
d81f5508-72a5-4210-8ee0-2215d3656444,140.0,1,Tablets,bank_card,41.0,2,9,1
d81fb191-844e-45bd-927c-51e71f31d7cc,40.61,1,Toys,sbp,118.0,7,10,1
d822d4a5-7f21-4b44-ad17-45f50e441012,42.23,1,Sports,bank_card,292.0,3,10,1
d8255e8a-1534-4785-95d1-d9d2b8f65c82,142.45,1,Outdoor,bank_card,224.0,3,10,4
d83eb333-9224-4d80-a458-fd58f650a9c2,568.34,1,Laptops,sber_pay,26.0,9,10,0
d841854c-caf5-496b-8316-568e2ba689db,27.34,1,Pet Supplies,bank_card,179.0,2,10,3
d844c45a-fc18-4c75-b4b6-e75e98aa1986,375.48,1,Shoes,sbp,25.0,12,10,0
d8479647-4125-42e3-ba0f-41238bb225a4,31.76,1,Gaming,sber_pay,145.0,5,10,4
d847a9eb-c417-4944-b08e-389b30a7de62,90.96,2,Health,bank_card,78.0,3,10,0
d84a8637-25be-4b22-bf6b-9d88b79b4f65,76.25,1,Office,bank_card,9.0,13,10,0
d865f52a-60c2-4aac-af8a-4118ebeb4790,126.7,1,Laptops,sber_pay,30.0,4,11,0
d8664e4a-606b-40c3-a503-9134f58da814,403.18,2,Office,sbp,148.0,3,10,3
d867b840-0bc3-4f13-8268-1d25453e54f3,129.54,4,Beauty,sbp,193.0,2,9,3
d869a0fc-2bf3-4200-a0e8-287b639f5d5b,66.45,1,Beauty,sber_pay,12.0,19,10,0
d87dd29b-2692-4573-98cf-4266ad899cc3,853.99,2,Electronics,sbp,38.0,3,10,2
d87ec4b4-f128-43d6-9320-76bc8d2b4a77,83.05,1,Travel,bank_card,148.0,1,8,2
d8806c97-5fb1-48fe-957d-d02b9d7c251a,69.58,1,Beverages,sbp,26.0,4,10,0
d88de54c-2346-44fa-9d6f-5b91ce8715a0,207.56,1,Smartphones,bank_card,48.0,12,10,0
d89b947a-cccc-42fd-a93a-b544dae4003e,86.6,1,Food,sbp,21.0,1,8,0
d89b9ef5-c96d-472c-ab58-096d16025835,22.26,1,Electronics,mir_pay,122.0,2,9,6
d8cd2c47-256a-4529-9847-b7ed44548d6e,142.98,1,Automotive,bank_card,54.0,3,10,1
d8cfe438-ea4e-44d2-b28b-df18b575d897,190.61,1,Laptops,bank_card,23.0,15,10,0
d8d3eca8-d614-48a2-bdf2-c57a74758817,176.88,1,Laptops,bank_card,159.0,3,10,2
d8d67b2e-b00a-4902-90b3-508510e50db8,53.69,1,Laptops,bank_card,193.0,1,8,2
d8d72616-ed89-4cc6-8615-faea8ace3cd3,86.63,1,Toys,tinkoff_pay,218.0,5,10,1
d8d7c319-3055-4050-aa08-5caa10d7749b,20.54,2,Photography,tinkoff_pay,169.0,4,10,0
d8e2e8b0-1894-4c17-aeec-fd358797359b,154.71,1,Music,bank_card,14.0,4,10,0
d8ee53fa-0fe2-4e32-b1fb-1140099a2723,557.78,2,Outdoor,sbp,191.0,4,10,2
d8fbe271-498d-4e49-90e4-82c74194635b,507.88,2,Tablets,sbp,40.0,5,10,1
d8fd0ddb-1d07-487e-b876-9bf71783e195,167.08,1,Clothing,mir_pay,89.0,3,10,1
d8fda679-8b8d-45a6-974d-15408a099c87,149.36,2,Accessories,bank_card,12.0,1,7,1
d91a776a-2317-4f54-85a6-301672836a33,40.68,1,Beauty,sbp,69.0,16,10,1
d91eb80f-734f-482a-bdb2-a9b0f80a0423,88.59,1,Health,mir_pay,22.0,7,10,0
d924c553-1626-4866-8d68-1aa49abcd2ed,144.21,1,Outdoor,yandex_pay,155.0,3,10,2
d92732b5-6c9d-4fd0-a9ba-047b33ddf6f7,373.57,1,Music,bank_card,26.0,1,7,0
d932545b-5704-478c-a6b2-7c7429e09937,382.24,1,Other,sber_pay,103.0,4,10,0
d950171e-8a7b-4560-af22-d4f5f998a598,1515.63,2,Travel,sbp,57.0,9,11,0
d958061a-3b35-4fe2-9120-acc8c1909d1b,19.09,1,Gaming,tinkoff_pay,55.0,4,10,0
d97cd318-7ab6-4780-8deb-00ea580a607c,174.58,2,Software,bank_card,77.0,6,10,1
d97fd70f-94be-4a75-b29f-ac5aba6b4c47,1386.48,4,Beauty,bank_card,78.0,1,8,3
d9805bb4-40a5-46f9-a7eb-6094d70af609,228.36,1,Other,sber_pay,43.0,14,10,0
d9805f39-cc58-4278-9f07-aacc4042db4e,145.55,1,Laptops,bank_card,35.0,5,10,1
d982cba0-d883-4280-b2e0-9fe15352a877,617.4,3,Accessories,bank_card,10.0,6,10,0
d9856453-27c9-45b1-8c7b-f88fae898506,122.72,1,Beverages,bank_card,20.0,2,9,1
d99381c6-2df8-4971-bc73-021b375e567f,2233.26,2,Home,sber_pay,24.0,12,10,0
d998f5a9-0ec3-43ef-bf01-9533623e779b,340.33,1,Beauty,bank_card,48.0,2,8,1
d9a26410-713e-43db-b4db-36119631e665,5.82,1,Sports,cash_on_delivery,43.0,11,10,0
d9a42b39-dd1c-4396-8023-6459f102c503,133.87,1,Jewelry,sbp,0.0,7,10,0
d9a58f72-05ed-4e71-915a-bfcc18254505,49.09,1,Automotive,sbp,45.0,7,10,1
d9ad9d92-53db-4a77-9ec7-66ad49b57ff9,89.7,1,Gaming,bank_card,248.0,3,10,0
d9bf9405-488f-4319-8efe-4c982d03ce26,38.42,1,Home,sber_pay,162.0,1,9,0
d9c795d9-6601-4989-a8f7-83c1b4240050,87.54,1,Office,sbp,17.0,3,10,0
d9ca7cc2-eb89-4914-b93b-3577812fd0ea,139.33,1,Headphones,cash_on_delivery,220.0,7,10,4
d9cb757e-d260-4f16-8860-89f0a0711eb6,377.65,1,Gaming,bank_card,121.0,5,10,2
d9d178c1-c5d5-45a9-97c1-eb3b28fb4807,425.31,1,Music,bank_card,73.0,4,10,1
d9d41b81-6dfd-4e36-bb5d-a7052ef4e64b,285.1,2,Outdoor,bank_transfer,86.0,2,10,1
d9d8c88d-e967-4922-93c2-6a12dd1e8ce0,98.55,1,Toys,bank_card,5.0,1,7,0
d9f3f6c8-e499-4787-8b8d-dea59189ed5c,73.88,2,Health,mir_pay,107.0,3,10,1
d9f55d0d-4e32-418d-bc61-ff303c152e3c,87.26,2,Gaming,yandex_pay,130.0,1,9,1
d9f622dc-7478-4380-a1f0-ef753936fda6,177.36,3,Books,yandex_pay,205.0,4,10,2
d9faff18-a394-4eb6-a17e-ba87721bbff4,60.82,1,Accessories,sbp,149.0,10,10,3
d9fc0c83-344d-49e2-be93-7664a71a931a,261.07,1,Food,sbp,182.0,2,8,2
da068ec0-b1ca-4fae-b7f4-5994ca39f17c,370.46,1,Sports,sbp,251.0,5,10,1
da08dc47-8be3-4680-ae87-ce55599fa473,168.29,1,Gaming,bank_card,109.0,6,10,0
da13cfcc-7e9d-47e3-a094-48a17966de83,92.57,1,Outdoor,tinkoff_pay,278.0,4,10,5
da18207d-c246-449a-8e3c-8936440c03e2,745.3,2,Beauty,bank_card,15.0,16,10,0
da198a4d-332b-4978-ae8b-cc81b8e57521,61.88,1,Pet Supplies,bank_card,291.0,3,10,0
da1a91cb-6c18-4fab-b78e-063453bb2d31,412.77,1,Home,bank_card,22.0,3,10,0
da218cbc-e295-45e6-9a85-43d3a8b2cae5,49.82,2,Food,sbp,38.0,3,10,0
da22f897-c3c5-441c-86a6-f9050f49af04,16.3,1,Toys,bank_transfer,1.0,1,9,0
da285db4-c5d5-4c12-8804-2b0efa8cd350,720.68,4,Accessories,sber_pay,46.0,8,10,0
da290536-4bd6-459b-ab3f-5dbb99f376c8,70.25,1,Outdoor,bank_card,57.0,2,10,2
da2d974c-832a-4bdf-9ed8-fe25791c36bd,45.23,1,Health,bank_card,150.0,4,10,1
da5211ca-eb55-4ad5-a894-49c6173d6058,95.11,1,Toys,bank_card,101.0,5,10,1
da5f6c23-424b-4c0f-b428-825bb4112bfe,83.92,1,Pet Supplies,cash_on_delivery,57.0,3,10,0
da7efaad-d28a-4608-8a7b-aab79c9787d8,126.12,2,Headphones,sbp,172.0,4,11,2
da85e556-5d44-4a6e-99b0-5d3622bde519,505.89,2,Software,sbp,114.0,4,10,0
da8ecb0e-acea-48a5-b002-ba8050be4193,813.42,1,Furniture,yandex_pay,205.0,3,10,2
da97f88e-066c-48a3-a893-e3a0a8016fe2,79.62,1,Accessories,sber_pay,25.0,16,11,1
da99c4cb-65dd-4d8b-8b6b-200b6f3dbd21,108.97,1,Automotive,bank_card,96.0,7,10,3
da9fe7af-43af-4a8c-96e7-00fd169e7600,162.16,1,Beauty,sbp,60.0,7,10,0
daa0aabb-3874-4f4e-8fb0-3ee92f073c8a,264.46,1,Gaming,sber_pay,151.0,4,10,3
dab5948c-eca2-4262-b6b5-b94ab2ef0e43,194.69,1,Music,bank_card,83.0,3,10,1
dabca03f-7b8c-4e9f-9c29-70725f25cd31,536.91,1,Toys,bank_card,289.0,5,10,4
dac3663e-0dde-4675-89d2-e13e821b6297,84.42,1,Headphones,sbp,29.0,3,11,1
dad3fe0f-6e84-4dad-b1c9-abdb043364a7,153.75,1,Office,bank_card,2.0,1,7,0
dae1d2a2-130b-46e9-a9f5-82a9cab01818,201.8,2,Garden,bank_card,211.0,1,8,3
daf99e18-258a-42e8-b6e7-b25d943fd202,131.32,1,Kitchen,sber_pay,142.0,7,10,5
db00fbeb-a61e-4656-8568-0b505f9c0990,360.34,2,Accessories,sbp,21.0,2,10,0
db08ee14-d99b-4b4b-a656-5f052cecbe47,113.57,1,Gaming,cash_on_delivery,39.0,14,10,2
db12d3f2-e1fd-4fa0-bea6-58cf120a9696,313.92,1,Jewelry,mir_pay,38.0,8,10,1
db1825e8-1206-4df8-9c39-ab8a3d2838d9,137.69,1,Gaming,sber_pay,95.0,2,10,2
db1f7501-4f6c-4adb-896a-b60b35e28f4a,266.26,1,Software,sbp,81.0,7,10,3
db23674a-dc49-4e52-a1d9-5aeca03bbbf5,101.46,1,Gaming,mir_pay,39.0,2,10,0
db2b3878-e2b8-4434-8a7e-6c4264f00e49,42.79,1,Home,mir_pay,19.0,5,10,0
db478a60-8cf3-48a4-923c-3542bdf8ea66,265.55,3,Pet Supplies,bank_card,312.0,3,10,2
db560c1c-6d52-42b1-b1c3-2ec360a14133,282.72,1,Smartphones,sber_pay,25.0,6,10,0
db64d59b-6cd6-45ad-a576-13a97ed51a17,26.08,1,Electronics,sbp,176.0,6,10,2
db734a27-cae5-4f8d-a4e3-8fd0ceaf830d,950.97,1,Software,bank_card,34.0,9,11,0
db7d2719-ea36-4301-8635-d33515f9f62e,1004.43,1,Jewelry,cash_on_delivery,98.0,3,10,3
db837e9b-6b3e-42b2-ba54-b2bd7f1367be,87.89,1,Health,bank_card,167.0,4,10,2
db8d1953-2ec9-41de-b0a8-6912cd247df7,1017.51,3,Photography,sber_pay,92.0,6,10,2
db925902-4ecd-4d51-ab9d-af7eca976138,550.52,2,Pet Supplies,tinkoff_pay,1.0,1,8,0
db9d6d28-be83-4868-be23-fe32d12ab527,216.13,1,Kitchen,yandex_pay,98.0,4,10,0
dbad53ce-ebb7-4dc9-a070-d13ced944a7a,1136.9,1,Outdoor,sbp,78.0,4,10,1
dbb071cc-9e1c-4741-839e-1b411ce489dc,152.11,1,Beverages,bank_card,152.0,3,11,2
dbbf153e-d401-45d3-9a22-2d4e19e52226,1377.39,1,Food,tinkoff_pay,165.0,3,9,3
dbc38746-973d-4982-9d78-1e7bb1bb83d2,162.18,2,Shoes,bank_card,134.0,3,9,0
dbcff79d-2baf-4fff-a49c-2d010758c193,91.37,1,Jewelry,sber_pay,61.0,17,10,1
dbd015d8-2870-4727-8736-a6f1bbede02a,38.03,1,Other,bank_card,76.0,1,8,2
dbd0628e-9b29-4527-8220-fba5c0dc83f3,459.39,1,Jewelry,sbp,110.0,3,10,5
dbd29910-4795-4a30-a8b7-92a159653512,116.75,1,Furniture,bank_card,159.0,2,10,4
dbd84b19-4e49-4264-ab14-3343ab57d3c0,347.0,2,Toys,bank_card,288.0,8,10,1
dbf720ef-9d78-4592-b7e1-34cf46037bf9,153.21,1,Laptops,bank_card,218.0,7,10,4
dbf8a06a-5c3f-467c-a3c8-7a3764923dfe,160.03,1,Outdoor,bank_card,7.0,9,10,0
dbfb9863-9845-4446-a76d-7b3d412236e3,282.54,1,Furniture,bank_card,15.0,4,10,0
dc0d5d46-73a3-4d31-bd31-98f482f9e624,69.72,2,Sports,sber_pay,9.0,19,11,0
dc100ba6-d915-4d6e-8526-ad79e29383c1,167.72,1,Laptops,sber_pay,138.0,4,10,1
dc126a5e-4381-44b6-af05-f528418120af,367.46,1,Toys,bank_card,63.0,4,10,1
dc141037-c82a-455d-a2a3-8b68d154c613,79.57,1,Books,cash_on_delivery,129.0,2,9,0
dc19b413-c821-4da9-afbb-ae42b3d2b85a,3379.32,3,Health,bank_transfer,234.0,2,10,3
dc2295b5-3fc2-4c09-ad90-714aad2b6e52,487.11,1,Garden,bank_card,137.0,4,10,1
dc2449ed-2581-4d95-995c-d4a31e030431,26.03,1,Electronics,sber_pay,115.0,4,9,1
dc2b27d4-19c1-4d3d-bdb7-5ccb8b78a56d,31.96,1,Smartphones,bank_card,44.0,3,10,2
dc2fbe08-c367-407d-818f-47554efb0c75,917.2,1,Health,sbp,148.0,1,7,3
dc3b5119-0c9b-469c-9877-a2265036d8e7,632.3,3,Headphones,bank_card,104.0,7,10,1
dc4829f4-d8d3-4e05-ab21-5fc616b381f2,37.76,2,Headphones,bank_card,90.0,5,10,1
dc5a9fb8-dee8-4784-aab0-757737f79422,78.59,1,Furniture,bank_card,10.0,5,10,0
dc5c135b-d714-4861-a6e3-05034dd1d7bb,1814.86,1,Garden,mir_pay,37.0,7,10,0
dc691010-fbff-4aa5-a665-4bba76c4f847,2648.37,3,Gaming,sbp,0.0,1,7,0
dc6ec97c-2c07-4b21-86dd-7a735abc5a5a,270.26,1,Sports,sbp,0.0,8,10,0
dc6ede22-afa1-4ba4-81c0-7648fdde807d,155.32,1,Electronics,sbp,79.0,3,10,1
dc74865d-80d0-4c1f-af27-577fe6196fed,188.27,1,Headphones,bank_card,201.0,4,10,3
dc7c7618-f280-44a6-ac05-e4d2d2707bf9,14.48,1,Jewelry,bank_card,2.0,5,9,0
dc8c309b-f18b-4ab3-ba44-667432f40c9e,803.79,1,Home,sbp,26.0,10,10,0
dc8d9439-7dd3-4d25-a59e-b4f3b0677338,1477.1,2,Pet Supplies,bank_card,64.0,6,10,0
dca155d8-bb6d-4d63-932e-6c62a63973ae,81.99,1,Kitchen,sber_pay,6.0,16,10,0
dcac8241-5542-4084-9636-e0d867f3abec,25.89,1,Beverages,tinkoff_pay,119.0,5,10,1
dcb9a37a-e489-4f93-9bfd-11d03c5ba2f8,315.58,2,Headphones,bank_transfer,159.0,3,10,1
dcbfcd83-2997-4a72-a6f2-f145a18d90ca,216.11,1,Office,sbp,47.0,16,10,1
dcca3e59-8ff8-44b1-912c-5848c67a624b,534.57,1,Other,bank_card,78.0,5,10,1
dcd6a2cc-7e12-4d4e-b631-8f8db09c002a,44.32,1,Sports,sber_pay,8.0,4,10,0
dcd8e73e-1314-41fe-a290-46662aabacc3,38.51,1,Outdoor,bank_card,83.0,3,10,2
dcdfa196-bc06-45a5-a9bd-30555085c42d,328.18,1,Smartphones,bank_card,212.0,3,10,4
dcf36222-8cbd-4d34-a3d6-e8a0a9b08fbb,20.44,1,Smartphones,bank_card,58.0,5,10,1
dd10995d-0192-48cd-85ba-88b6424be985,45.49,1,Outdoor,mir_pay,106.0,4,10,1
dd1bc9d0-1183-4335-8530-a8763f86b06a,384.21,1,Jewelry,tinkoff_pay,254.0,3,10,4
dd1d4551-ab37-4eda-9e8b-8ff3c8096218,1773.36,3,Headphones,sber_pay,76.0,8,10,1
dd1defa8-7117-427b-b3b7-c070176d104a,66.31,1,Toys,bank_card,50.0,13,10,1
dd23bf6a-58fd-4d70-8570-e8817a6ec52b,123.49,1,Office,yandex_pay,43.0,6,10,0
dd258730-7260-4536-9a69-53013e7fe8e6,268.86,2,Furniture,bank_card,176.0,2,10,3
dd2da47e-4853-435f-8074-9b80363c93d5,30.14,1,Office,sbp,89.0,7,11,1
dd42fb97-f1fd-4812-a67b-ed1760cfef48,8.49,1,Garden,sber_pay,228.0,4,10,3
dd464004-f646-46b6-a466-c95ca7254a94,27.98,1,Headphones,bank_card,96.0,3,10,2
dd4df950-b136-4d19-9e4d-9c47f2dc17dd,8.95,1,Pet Supplies,tinkoff_pay,259.0,1,9,0
dd5d2d11-51d3-45dd-ae01-08f508394f18,170.62,1,Outdoor,bank_card,40.0,16,11,1
dd6db23a-5c7c-4a4e-8e95-3f6946e8b88a,174.4,1,Software,sbp,57.0,8,10,2
dd735ff4-7435-4c76-a244-f4c805fb7774,280.81,1,Furniture,bank_card,20.0,22,10,0
dd876768-130c-4103-ba93-ad7d00b52ce3,58.76,1,Music,mir_pay,14.0,13,10,0
ddac4344-8365-4fab-a4df-645c9be13bf4,475.16,1,Home,mir_pay,57.0,2,9,0
ddae506c-622d-42d1-8703-f209160c63f2,154.49,1,Smartphones,bank_card,77.0,4,10,2
ddc1a61c-24f1-44af-b743-24828d7ff386,50.14,2,Garden,mir_pay,142.0,1,8,5
ddc3f726-083f-4316-8c02-2839cca86f8e,99.66,2,Photography,bank_card,12.0,23,10,0
ddd4615e-4c1d-4da8-9b1a-c0622388ef71,117.38,1,Electronics,bank_card,8.0,3,9,0
ddd6766f-f4b3-40c5-8d52-365e04a72e32,292.81,1,Travel,bank_card,24.0,2,9,0
dddaf792-df57-47a8-9254-6a53e921f545,142.55,1,Outdoor,mir_pay,13.0,3,10,1
dde4e6fa-ed85-4e7b-90f0-dde1e9470a33,338.54,2,Automotive,sbp,43.0,3,10,1
dde8160e-569a-41a0-a64a-e829ad21f9cf,1855.29,1,Accessories,bank_card,254.0,3,10,3
de2f4a85-05a4-4d41-ad52-2c4c7857e907,15.92,1,Software,bank_card,150.0,4,10,2
de59ad30-0728-47a6-a309-bf66bdacab26,509.38,1,Headphones,bank_card,7.0,2,10,0
de627075-a84b-4cc6-99db-3448506a289f,82.3,2,Toys,sber_pay,65.0,11,10,0
de64af9d-016a-4191-8365-0e99db51a938,126.86,2,Tablets,bank_card,113.0,3,10,3
de734acd-8c77-4398-aed8-04aeca0fe5a7,87.89,1,Health,bank_card,12.0,3,10,0
de74b4f2-962d-46e1-9376-94f5e55bbba1,36.85,1,Smartphones,mir_pay,11.0,13,11,0
de86bec5-6873-4c4a-9ab0-8409bd5984f9,136.82,2,Tablets,yandex_pay,2.0,2,10,0
de8c428e-7200-45ca-95c2-fbbfc2125bae,532.43,1,Food,mir_pay,28.0,1,7,0
de940e1d-c117-4355-a522-df88aa3a9b73,442.87,1,Tablets,tinkoff_pay,19.0,7,10,0
de9d3992-068c-4fc7-801d-fa9e711366f8,54.66,1,Furniture,bank_card,5.0,16,10,0
dea5a4a5-b3a2-472a-9c44-c96d74b9419a,59.08,1,Pet Supplies,bank_card,51.0,17,10,1
deae1ade-899b-45aa-9f3e-1f49fce12b72,237.02,1,Smartphones,bank_card,285.0,4,10,2
deae761f-de8f-4d68-b309-8c3459e855ce,274.72,1,Music,bank_card,30.0,12,10,0
deb56396-0ff2-4349-af5e-3712f8ce8fd6,605.26,1,Outdoor,bank_card,36.0,5,10,1
dec37c50-aa5b-4521-a85e-a425b03bb410,209.54,1,Beverages,bank_card,140.0,1,8,3
dec97b0a-8b3a-4faa-844e-701bb1d1de42,45.82,1,Laptops,bank_transfer,65.0,8,11,2
decf4baa-f242-4738-b8ed-c57bca0e5249,75.42,3,Kitchen,sber_pay,59.0,4,10,2
ded5b989-4e14-4e44-87a2-6f48daabb64a,286.39,1,Photography,bank_card,254.0,1,8,2
dedf2bf4-4b89-4676-8fb4-144f62965547,386.66,1,Books,sber_pay,84.0,3,10,2
dee35a92-7646-4966-a5ae-facbb2ab457b,62.88,1,Software,bank_transfer,54.0,12,10,0
dee77e09-bfdc-4a78-a63d-d284ebb639eb,9.85,1,Toys,bank_card,9.0,20,10,0
def07a68-c908-4853-b10f-37245a078203,266.19,3,Toys,bank_card,171.0,6,10,3
def843e3-3a01-4f0a-a92e-851ead89827b,194.5,1,Office,bank_card,56.0,2,10,0
df013796-8e89-458d-9196-7757736cb8c5,20.98,1,Headphones,bank_card,8.0,9,10,0
df0cdd33-358c-4ea6-850d-bad463e5a771,303.08,1,Other,bank_card,225.0,3,10,4
df2adeb2-eb1e-4271-b36c-05b348307eb8,297.98,1,Office,sbp,28.0,2,10,1
df2cb721-218c-4183-a1b2-f488037b818a,298.56,3,Accessories,cash_on_delivery,159.0,6,10,6
df308ac1-f8fb-444b-b608-508fe01434b9,145.26,3,Shoes,bank_card,13.0,5,10,0
df458ef4-b2d7-46ad-b3a2-47e772a69ae4,60.61,1,Tablets,sbp,22.0,5,10,0
df5ebf98-47e3-47b6-a34c-c3983110bfc1,537.97,1,Accessories,sbp,114.0,2,10,1
df66cbe5-076d-4203-a1de-e2b7cae419c5,209.54,1,Beverages,sbp,279.0,4,10,2
df721aed-794b-4189-aa99-a0561e8ad8c3,80.28,2,Travel,bank_card,234.0,4,10,4
df77612a-a58b-4fc1-84a2-a6c36f9b3d1a,82.3,1,Beauty,bank_card,42.0,16,11,0
df7e2601-79d7-45a8-8f17-c315a415563e,118.2,1,Music,bank_card,2.0,2,10,0
dfa1e8d1-51b6-4444-b02a-7b167b2a4350,36.99,2,Beauty,bank_card,20.0,12,10,1
dfac5b03-c6d0-4402-979d-18c0116963e5,55.44,1,Home,bank_card,14.0,2,10,0
dfbb0694-a326-4f44-88d4-4bb2937a86b7,448.38,3,Laptops,mir_pay,112.0,3,10,2
dfc7d714-af95-4ef0-9f57-f65fa580b47d,20.98,1,Headphones,bank_card,77.0,4,10,3
dfd3d0c5-f080-486c-bfa4-51600ae76c48,1016.77,1,Furniture,sbp,35.0,14,11,0
dfd5f91c-9d83-4665-b722-2841f8117696,355.03,1,Laptops,bank_card,71.0,6,10,0
dfe78f19-1d01-407d-b484-f05f963ceeeb,2068.93,3,Clothing,bank_card,73.0,13,10,0
dff36a86-d318-44e1-b70a-312738828588,106.87,1,Travel,sbp,33.0,8,10,1
dff4169e-dc3f-4561-8183-eb23a141b087,49.95,1,Music,sbp,20.0,2,9,1
e004b7ec-e8db-4c88-ac6e-66b6609ebaf7,42.38,1,Accessories,bank_card,3.0,1,7,0
e008ef32-6794-4cbe-ad87-155928d21a43,189.37,1,Beauty,bank_card,121.0,2,10,0
e00ea93d-a420-4972-9270-6ad60272feab,88.14,2,Clothing,bank_card,2.0,3,10,0
e0109cc5-98ce-4d6f-a48b-17ef2a3cbb01,118.66,1,Food,bank_card,164.0,2,9,0
e01159df-66c4-4681-a884-18d0a8353bd4,187.04,2,Kitchen,sbp,145.0,1,9,0
e0122f70-acc2-4bca-8162-985a06f27674,55.46,1,Beverages,yandex_pay,2.0,3,10,0
e013e405-6112-4f32-87d5-a7a8cb46f1ec,54.66,1,Furniture,cash_on_delivery,26.0,1,9,1
e02444e6-1467-460a-863b-f9e70d6c2fd6,443.83,3,Shoes,bank_card,83.0,3,10,1
e03787f4-8be5-4c38-90de-4a303dc5ce2e,303.72,1,Tablets,yandex_pay,48.0,4,10,1
e043b7d9-e4a1-4246-9a9c-869b34e8cb04,64.75,1,Pet Supplies,yandex_pay,34.0,10,10,2
e0536993-045f-4db0-bd54-733484e966b9,57.96,2,Electronics,bank_card,203.0,7,10,1
e05bd1dc-a8e5-48c7-9405-cebf1da8cb60,824.67,3,Shoes,bank_card,38.0,9,10,1
e06ab0c2-a04b-4c5b-9bc9-7fd2c8bc5316,1177.81,2,Laptops,sbp,4.0,3,10,0
e071d87e-f711-4e47-94a9-f25f4e9f2d0e,41.02,2,Software,bank_card,79.0,3,10,1
e07901dc-8eea-4fd5-bc40-68b99b37e96f,101.6,2,Software,sbp,0.0,7,11,0
e088db18-3f9e-46d3-8bd9-96ba4c18240d,206.06,4,Laptops,bank_card,125.0,2,8,1
e08be824-90cd-459d-a868-8094130af22d,30.17,1,Headphones,cash_on_delivery,100.0,5,11,1
e08d0a6f-4b83-49fd-bc22-444c4587ad65,91.74,1,Tablets,sbp,25.0,1,9,0
e08ebced-f846-4cc4-8ff8-91c632c7c9c0,355.5,1,Health,bank_card,51.0,6,10,0
e0a0d001-746e-490e-b32c-862fef660155,82.8,1,Beverages,sber_pay,4.0,4,10,0
e0a127e1-6cd6-476a-95fc-46e5a8d62959,1536.92,1,Accessories,bank_card,84.0,6,10,1
e0a7b432-db1f-4cf0-855c-902958322d92,134.68,1,Gaming,bank_transfer,299.0,4,10,2
e0b4b60d-a9da-404f-ada4-0b1e0698f269,118.27,1,Electronics,sbp,50.0,4,9,0
e0c86c14-5f9a-4693-9602-d342842a68bd,42.73,1,Kitchen,sbp,37.0,4,10,0
e0e55294-08ee-4f68-bd40-13580fc378b9,35.8,1,Tablets,tinkoff_pay,2.0,9,10,0
e0eaa982-c794-4dfa-b6f8-1dbceaedbe33,354.49,2,Outdoor,bank_card,56.0,1,8,0
e0ecf3b3-02c5-452f-b744-210fae3fd259,11.28,1,Beverages,mir_pay,20.0,5,10,1
e0f3c25d-2132-46b8-95cc-6fcf350f2651,76.83,1,Health,mir_pay,131.0,3,10,3
e0fa101d-f085-48d9-9eed-6e19dc57ab72,141.72,1,Clothing,sbp,19.0,22,10,0
e0fc5001-1d9f-42c7-ba85-8eeadd08ef25,540.4,4,Headphones,sber_pay,68.0,1,7,0
e1039407-e22a-4cc8-8a14-fe82e847b02d,639.81,4,Beauty,bank_card,148.0,8,10,3
e114165e-b307-4375-a8cc-54ec3ed36d2d,370.46,1,Sports,mir_pay,200.0,4,8,1
e118bb94-0762-43f7-a41f-7c027a2f024d,51.7,1,Photography,sbp,20.0,13,10,0
e1235b58-500e-4a53-a3bf-33f8f8ca92bc,112.2,1,Furniture,cash_on_delivery,219.0,1,7,1
e12c0175-d7e1-48e7-9ba1-0d63aa53bbc6,995.72,2,Books,bank_card,204.0,4,10,1
e1392538-146e-4197-9cec-469141adfa97,151.72,1,Office,sbp,9.0,2,10,0
e13d8db1-9ff4-475e-862f-1ba2afd81c52,67.16,1,Beverages,bank_card,98.0,4,10,1
e1455b2b-62f7-4cad-b725-0e81b7f2858d,462.9,1,Outdoor,bank_card,15.0,2,10,0
e1493834-bd67-4c2e-ad8e-e4a26b726d2b,101.33,1,Software,sbp,69.0,2,10,1
e150b22a-90ab-4fff-9667-8a42450b4686,5736.87,3,Office,mir_pay,94.0,10,10,1
e15a87d2-675a-4219-850b-cd6c74ab1705,4319.09,3,Home,sbp,262.0,7,10,2
e165d530-90f9-4b17-bb8e-013a03be3c36,29.78,1,Pet Supplies,bank_card,72.0,2,9,0
e16814b1-5f45-416a-9926-90d6d54c1878,355.29,1,Automotive,bank_card,94.0,6,10,3
e16c2806-8ddb-44d3-9f4a-e3f382f08918,35.89,1,Photography,sbp,198.0,2,10,3
e189412b-6b79-4376-bc59-2f1b48322031,63.36,3,Sports,mir_pay,26.0,4,10,0
e19b79cc-f820-4a39-9909-a31fdc8e495d,240.06,1,Accessories,sber_pay,27.0,16,10,0
e19e69dd-a6a0-4e17-9bf9-e7f153232098,404.98,2,Outdoor,sber_pay,155.0,3,10,1
e1a2529a-d3f7-49b6-bb4e-5d9d05b2ce68,38.82,1,Health,bank_card,12.0,9,10,0
e1a81db8-5ab1-411d-a10e-515921dc6098,72.68,1,Furniture,sbp,76.0,2,10,2
e1ab0937-d6a0-44e4-9061-de7137971021,125.19,1,Sports,sber_pay,271.0,4,10,2
e1ac1dce-058f-4a3e-8dc5-5da24ee9015e,472.71,1,Beauty,bank_card,46.0,9,10,1
e1add26b-31b6-48fa-a8c3-6b0b44cde594,64.94,1,Gaming,sber_pay,168.0,1,8,4
e1b8eb3b-c363-4757-9540-8fb49358cf92,53.3,1,Outdoor,bank_card,55.0,13,10,1
e1c4ac50-e35b-4b15-897f-b489aef94b19,12.37,1,Food,bank_card,44.0,11,10,1
e1c5cbdf-0d0d-40fe-b6c1-1b1a5b1d2eae,23.2,2,Photography,sbp,167.0,6,10,2
e1d51926-6ef7-4262-85b6-1d4d640eeda4,185.14,1,Toys,cash_on_delivery,46.0,6,10,0
e1da8971-ef4e-4dac-8851-64a5c0fe912e,316.56,1,Gaming,bank_card,83.0,7,10,1
e1f8a806-1222-4591-b872-a0092cee9e29,111.55,1,Food,sbp,92.0,2,10,1
e1fc5c8e-22bf-4bd3-a7fb-9d9e82fb5358,22.57,1,Headphones,sber_pay,54.0,10,11,2
e202944d-01c5-43d8-9dc4-95f8a1c85b4c,60.52,1,Food,bank_card,265.0,2,11,2
e210d196-7413-4532-bd1c-11a14c89eee7,267.07,1,Laptops,tinkoff_pay,72.0,12,10,2
e215fa0e-fea2-4250-a959-17a60a5d74d8,103.13,1,Sports,bank_card,49.0,19,10,0
e2167eec-35a4-4154-86fd-c0188867561a,181.32,1,Software,bank_card,5.0,19,10,0
e232c644-71b7-455a-8b1a-4ea79f36e883,9.9,3,Food,bank_card,69.0,8,10,0
e23a883b-fbac-4fd0-8431-f2fb4947bb51,138.13,1,Beauty,bank_card,63.0,2,10,1
e2478166-dc1a-4bae-88bb-23022169b150,300.9,2,Smartphones,cash_on_delivery,181.0,7,10,1
e250e11a-4f0e-4c74-aff1-dd6f340a8c30,263.36,1,Beverages,sbp,61.0,5,10,1
e2517c0b-71e8-42a8-aea5-094276510223,311.86,2,Toys,sbp,38.0,15,11,1
e260ed2e-2bbe-4a06-b3a5-551429bca2bc,442.92,3,Headphones,sbp,6.0,8,10,0
e2630500-f4a9-4e60-8bf7-febca4a7cb4e,189.42,2,Smartphones,sbp,127.0,8,10,2
e268cc36-29d1-4f51-b9e4-1ca87aacbb88,227.84,1,Garden,sbp,83.0,10,10,1
e26c75bf-9b91-43cc-8cc6-9d7e16d5db17,358.6,2,Photography,bank_card,105.0,2,10,1
e27535a0-bccc-4453-990c-4f0a010e6aa1,119.75,1,Shoes,sbp,111.0,5,10,1
e27c744b-994f-4632-8a45-2ec1e5b9702d,256.29,1,Home,tinkoff_pay,199.0,9,10,2
e2815423-50ae-44b4-8a74-04acc7796746,251.88,2,Travel,bank_card,72.0,2,9,2
e29004ae-2443-4c75-b365-aa242689f1b1,97.75,1,Furniture,bank_card,45.0,6,10,2
e29651a3-2c34-4d75-83e2-1da7b3b0a953,88.7,1,Health,bank_card,4.0,2,10,0
e296532c-c914-45af-a1c2-f48e702ecbf8,113.94,1,Travel,mir_pay,29.0,13,11,0
e2a7480e-6780-41d5-b2e5-2df51650c8b5,195.6,1,Software,bank_card,154.0,4,10,1
e2ad214b-e5a8-46ed-9275-d30bf06e2f0b,66.45,1,Beauty,bank_transfer,99.0,2,10,1
e2b2f2b1-5c06-4eaa-90f5-2f835c1f1439,53.15,1,Health,bank_card,213.0,4,10,2
e2b3ee9d-4a5f-443c-8260-7b645888ec81,120.78,1,Jewelry,bank_card,40.0,3,10,1
e2b4f88e-5a80-47ba-a872-8fa31275f5a9,45.84,1,Food,sbp,176.0,4,10,1
e2b8a186-979f-4ba0-8b64-d5ac65163bd1,143.74,1,Toys,bank_card,186.0,6,10,1
e2bf13b7-f3c1-4b85-8c64-346fd1700f28,130.61,1,Other,sber_pay,23.0,3,10,1
e2dc5476-b531-4919-8218-8af3f12aee4d,1376.37,1,Kitchen,sber_pay,24.0,1,8,0
e2dc8b5a-5139-42c8-a933-365f2193c3e4,105.88,1,Photography,sbp,82.0,3,10,2
e2e072c4-2195-4625-8dd4-1296feab2420,834.65,1,Toys,sbp,160.0,3,10,2
e2e1104d-0e08-4635-97b2-901fc2e41a6a,374.86,1,Office,bank_card,5.0,24,10,0
e2e252fb-a821-444a-827e-e2b60808ef87,224.48,1,Travel,bank_card,201.0,4,10,3
e2e3e3e5-15e1-4328-8be0-b47c210cd01d,508.26,1,Office,bank_card,192.0,5,10,2
e2e3f532-dcba-4b78-b117-0d5fd64b32b8,526.03,2,Pet Supplies,bank_card,309.0,6,10,3
e2ee5b7e-70d3-42ca-9b65-c8243e01550d,61.43,2,Books,bank_card,40.0,6,10,0
e307c4f0-5f3e-4cdd-9a23-420552262aec,605.26,1,Outdoor,bank_card,21.0,1,7,0
e307f575-81e1-4232-9b47-3b98e71ddcc2,93.5,1,Outdoor,sbp,12.0,8,10,0
e30ab1eb-da95-4fa0-864d-4f10959290f6,322.51,3,Electronics,tinkoff_pay,67.0,6,10,0
e30bf586-e8ae-4519-8425-16c625b63ca6,25.32,2,Tablets,bank_card,5.0,20,10,0
e3221634-0e50-4bc8-88e4-b0c6f41d1da4,34.26,1,Smartphones,bank_card,151.0,5,10,3
e3277770-32f1-4183-a673-8c6996dfe257,150.82,1,Music,bank_card,186.0,3,10,2
e3309352-ed41-44d3-98db-32ecf71806d4,600.17,1,Shoes,sber_pay,30.0,23,10,0
e33dc15c-ebc5-4619-8fca-4a0eb3f73e5a,699.0,3,Laptops,bank_card,127.0,4,10,1
e34b120c-e494-459a-8861-1add4fe20be4,62.85,1,Food,bank_card,255.0,1,9,1
e37aa243-4940-4225-9b5f-f0cf9759af95,210.84,1,Shoes,sbp,117.0,3,10,1
e383187b-b303-40a2-afd4-cf8cbe3494bd,626.61,3,Toys,bank_card,305.0,3,10,4
e3841462-95e4-483b-bfb8-6135e7a89dc4,249.95,1,Gaming,cash_on_delivery,77.0,7,10,1
e39cb219-c223-4fb5-bd09-fd3b2c6770b4,876.42,2,Home,bank_card,13.0,7,10,0
e3a2b29e-7e5e-487a-94f0-ba3dcfde8be3,79.1,1,Kitchen,bank_card,0.0,5,10,0
e3b3309f-cfe2-4c25-bbf1-04e4747acaca,156.09,1,Other,bank_card,81.0,10,10,0
e3c55219-2a26-40d0-a76e-544b2e9b10fa,685.08,3,Other,bank_card,22.0,1,8,0
e3cf1a01-92db-49df-b01a-6f4d87d16f8f,106.25,1,Beverages,bank_card,10.0,6,10,0
e3d1f6cf-3774-41a2-bff3-e5873c724ec1,517.83,1,Pet Supplies,cash_on_delivery,140.0,6,10,0
e3d21e10-1e29-4d63-87f1-32f8374749c7,443.09,1,Tablets,bank_card,94.0,2,10,0
e409c585-eca1-46fa-884e-21851555a5f2,81.47,1,Headphones,bank_transfer,104.0,15,11,2
e40ad6dd-a0bb-4889-8c3d-155c8ae0c895,381.91,1,Automotive,sber_pay,3.0,14,10,0
e40c2118-e404-466a-80d0-8e1afb79ee48,181.03,3,Headphones,bank_card,69.0,2,10,1
e41049fc-8b68-4cbb-8dfc-8fc1cefb8d28,882.9,1,Electronics,mir_pay,57.0,3,10,1
e41e952e-7ff2-47fe-b2ea-f7f9cad365b1,146.78,1,Gaming,mir_pay,93.0,3,10,2
e435bbb4-2f0c-487f-8f52-061c55a64af3,36.48,1,Tablets,bank_card,97.0,2,10,3
e43b888f-2651-4768-9917-46ada1ee3d7b,26.5,1,Shoes,sbp,105.0,7,11,0
e43fc0cf-95f6-4e54-8681-45f160f54202,25.93,1,Smartphones,bank_card,231.0,3,10,3
e448dce9-7385-4a31-bd06-9d02835ecc44,107.39,1,Toys,bank_card,107.0,7,10,3
e450e47c-7a80-4fb1-be47-7ff85065b091,244.3,1,Pet Supplies,sbp,20.0,9,10,0
e4589401-5d1b-442a-bd3a-2895a15cee99,255.05,1,Garden,bank_card,293.0,5,11,3
e462a35f-dc63-45fe-92f0-8217e6a2baaf,552.62,1,Music,bank_card,144.0,3,10,3
e466a68e-b768-4197-b5c3-6599897aa4b1,64.16,1,Beverages,sber_pay,33.0,1,7,2
e46affde-3449-4c42-b228-85677e345dd1,672.12,3,Kitchen,sbp,27.0,13,10,0
e4813f8a-97ff-41b9-b56f-e663cab2d308,34.43,1,Shoes,mir_pay,25.0,15,10,0
e48a53c2-4772-4d2c-ab79-6f02bdf0077a,182.1,2,Books,bank_card,68.0,1,7,1
e48c5770-a256-4089-8407-cd8d295a32d2,89.62,1,Electronics,bank_card,45.0,10,10,0
e48ff1ef-f8ab-4b08-ba07-6ee82f24c5dd,29.92,1,Outdoor,bank_card,40.0,7,10,1
e495a2d2-9404-4c1e-9f31-daf811450f04,255.28,2,Photography,yandex_pay,67.0,7,10,0
e4973656-3f68-4a51-846e-2d46d4f19e14,5.4,1,Office,yandex_pay,72.0,3,10,1
e4979357-f9b0-4df8-9e7e-41bcc286186c,276.2,1,Outdoor,tinkoff_pay,64.0,2,10,3
e4b3c38f-93fe-4387-bc79-18f9656893e8,84.26,1,Toys,bank_card,231.0,3,10,3
e4bb650f-bc33-492e-9e38-44c318009bd9,12.66,1,Tablets,cash_on_delivery,40.0,8,10,0
e4cbd041-e67c-4505-8bac-0b304cf3ffd5,400.11,3,Laptops,sber_pay,128.0,4,10,4
e4cd60a7-7478-42f0-978f-d8c90f44195d,143.05,1,Sports,bank_card,24.0,10,10,0
e4d18639-5535-44eb-900c-f32f8610d5e1,263.36,1,Beverages,yandex_pay,13.0,12,10,0
e4e0ee9c-6c04-4010-afd6-829f44df16cd,298.66,2,Office,sbp,52.0,7,10,1
e4fcf097-671d-400e-ba9a-265058232e9e,95.55,1,Automotive,bank_card,72.0,6,10,3
e50bb5f4-2bc4-4206-921b-f6d233d08275,41.39,1,Smartphones,sbp,9.0,2,10,1
e50db528-a8fc-49b3-b626-e5280dc09630,284.83,1,Furniture,sber_pay,26.0,15,11,0
e515bd26-1840-4965-9dbf-1a699a7d2673,27.4,1,Electronics,sber_pay,109.0,8,10,0
e5171343-f14b-4aee-bc40-6077069ee3b5,45.84,1,Food,sbp,126.0,3,10,3
e51c5b5e-4313-49aa-9658-03bfd9ce87b4,268.88,2,Other,bank_card,87.0,10,10,2
e5206417-7d29-4d32-89d9-7e8ab1cf4241,646.16,2,Software,mir_pay,19.0,9,10,0
e52461a7-5adc-4df3-b17a-9f309cf5e08f,108.57,1,Software,bank_card,124.0,4,10,3
e527756d-f21f-4ae9-a738-d8bb4b3e5802,397.88,2,Travel,bank_card,19.0,12,11,0
e5347864-a938-46b1-be8c-6d94aa2b3303,56.83,1,Toys,bank_card,118.0,4,11,2
e53f6c39-d007-4c04-853d-be199d41978d,51.6,1,Headphones,yandex_pay,223.0,5,10,2
e5495a03-8570-4b42-83b4-274e6d099b8d,169.19,1,Toys,bank_card,143.0,4,10,4
e54cc778-cc3e-41a9-971c-aca40a82389c,532.52,2,Software,mir_pay,18.0,2,10,0
e54dfa66-aaae-4f85-bd8f-0fb43224f771,469.32,1,Health,sbp,38.0,11,10,0
e5593194-6b42-49c0-8637-310ace29a626,898.94,2,Electronics,sber_pay,139.0,5,10,2
e573e654-10cf-49f4-b8fc-1065de9c08c3,32.06,1,Furniture,sber_pay,115.0,4,10,1
e5749a3d-852a-4fa3-8d33-7b9fda12c14c,68.06,1,Health,sbp,37.0,3,10,2
e57e4bad-9c51-4d9e-8586-f5d068426905,128.72,1,Home,bank_card,47.0,15,10,1
e58f64a4-f4a7-4586-9788-7ead6077ee52,220.61,1,Furniture,bank_card,51.0,3,10,3
e591239d-c11c-47f4-9dc6-3991ddc41d94,1313.25,1,Accessories,tinkoff_pay,0.0,2,10,0
e59dd56a-0b43-4426-b3d0-754e7f72ff62,499.0,2,Smartphones,sbp,34.0,2,10,0
e5a8cb45-8105-4c7c-814d-986c2307e71b,118.44,1,Tablets,bank_transfer,123.0,4,10,2
e5ad9d99-fd76-450e-b06f-e1222518d295,165.64,1,Clothing,bank_card,168.0,2,9,4
e5b83400-a74c-456b-9ca2-fc00546aa5ba,321.63,2,Clothing,bank_card,108.0,5,10,2
e5baa331-cf0e-45c6-b8a7-e9e3dbadf4a1,40.34,2,Kitchen,bank_card,102.0,3,10,1
e5ccbe7b-3e8d-4286-aacc-a3c6b7e6b7a4,318.48,2,Pet Supplies,sbp,16.0,4,9,0
e5d10c7c-cb28-4948-9baf-ee2aff51b983,188.47,1,Laptops,bank_card,128.0,6,10,2
e5d2b6d8-5871-424d-babf-c2732be4c48b,168.98,1,Food,bank_card,33.0,13,10,1
e5d3a518-6eff-4658-a458-6aa8e0073e2f,123.79,1,Food,bank_card,18.0,9,10,0
e5d9e47e-7595-4b3b-a312-158e805ac23e,178.26,2,Furniture,sber_pay,97.0,6,10,2
e5e70771-cfa8-4d79-9893-18cf493b17b4,278.32,1,Travel,bank_card,33.0,21,10,0
e5f19dee-f637-47da-a4e3-25c702b75789,125.22,1,Garden,sbp,153.0,1,6,5
e60a68d7-662a-4908-9845-12c167afac46,206.2,1,Home,bank_card,129.0,5,10,3
e60c23d4-4c33-4681-b392-706e5ca37e82,354.62,1,Office,sber_pay,86.0,10,10,1
e6159074-1389-48c1-9c79-2228f783ed91,502.15,1,Beauty,tinkoff_pay,189.0,3,11,3
e6335905-f497-46cf-844d-69658758a6df,331.84,2,Office,tinkoff_pay,144.0,3,10,2
e634b47d-20d2-4289-bfea-6c27423ea2af,581.54,2,Software,bank_card,0.0,5,10,0
e63c0864-cc4c-44e7-a519-4460c5a3971b,140.01,2,Food,sber_pay,30.0,2,10,1
e63cf39e-1271-4706-adaf-0dbdaaa87f7a,66.45,1,Beauty,bank_card,106.0,3,10,1
e6495e22-68f2-4103-9635-3f4c496eaab9,447.99,3,Home,sbp,328.0,2,8,0
e649d692-2345-4c10-b46b-921b36b13622,223.18,1,Furniture,tinkoff_pay,163.0,3,10,2
e67bd459-fbef-47cf-977f-3ae859337192,1620.46,3,Shoes,bank_card,100.0,4,10,2
e67efdd3-7405-455f-80fe-a75503e53ae1,347.38,2,Office,sbp,77.0,9,10,0
e687bb65-43ef-4b78-b199-f39b0f955699,52.73,1,Software,bank_card,297.0,2,9,1
e6881a65-7017-45ba-9819-de403c4ff991,17.58,2,Shoes,yandex_pay,92.0,3,10,1
e68f3750-15a0-499e-b0c0-f9c98e0592b1,831.74,4,Beauty,bank_card,42.0,3,9,1
e69c8053-f06e-47aa-8cfb-27aed2ac6ea8,51.76,1,Beverages,yandex_pay,3.0,11,10,0
e6a04301-ac2e-4326-9808-e92fe5705189,194.69,1,Gaming,sber_pay,68.0,8,10,2
e6a5348a-b857-4b93-b0d7-86a03dc97814,90.81,1,Pet Supplies,bank_card,42.0,12,10,0
e6bb3cc5-8f66-4bbb-a031-e0b199755ea0,36.03,1,Pet Supplies,sbp,98.0,6,10,1
e6bece62-d5ec-46d4-b262-bd9465f2de77,34.37,1,Beauty,bank_card,110.0,2,8,2
e6bf461f-3d82-484c-8b4a-40be703b63a4,116.18,1,Software,tinkoff_pay,32.0,12,11,1
e6c3f8f7-b7fc-40ce-b5c1-f3a2cbf438f7,73.13,1,Furniture,bank_card,186.0,3,10,2
e6c70dc8-f071-43dd-92d5-b1d055c3981f,56.02,2,Toys,bank_card,203.0,3,10,4
e6ca1831-a0bd-423a-93b2-f26957054106,118.59,1,Toys,sbp,164.0,5,10,4
e6ccd71f-476c-4288-b65e-6a01ce4a675f,9.85,1,Tablets,bank_card,15.0,2,10,0
e6ebe8d1-5261-4942-9b18-2214a622b873,316.32,1,Smartphones,bank_card,17.0,1,8,1
e6f36461-5cb8-4aa4-9021-467413c88f9f,130.93,1,Pet Supplies,bank_card,55.0,6,11,0
e6f8fea3-fd65-4720-b690-2fe307387f45,90.22,1,Travel,bank_card,55.0,13,10,1
e6f943fa-daab-4149-afab-adfbfd27eef9,758.6,4,Laptops,bank_card,32.0,14,10,0
e6fc332a-a5fd-413a-8d2a-dc350b172206,183.94,2,Other,bank_card,137.0,1,8,0
e700a120-32d2-44de-bf05-ed59da27ca75,156.24,3,Headphones,yandex_pay,108.0,3,10,2
e7046249-d49e-423b-a9b7-8f821bfdb145,96.45,1,Travel,bank_card,46.0,2,9,0
e7096d10-ee2c-4a31-a7f6-9ef0b6f4c4a5,422.05,2,Sports,sber_pay,8.0,15,10,0
e7160839-edd3-4737-b8c8-42a63919099f,366.54,1,Health,bank_card,89.0,6,10,0
e72854df-a2d4-47eb-a33d-bd9c18d7881e,538.83,1,Other,bank_card,49.0,3,9,0
e7295dc6-b983-44e5-94b7-5bf224c5cfb6,20.32,1,Automotive,bank_card,72.0,3,10,0
e72ccc03-4f09-42af-ae33-63ef3400b4bd,956.94,2,Tablets,mir_pay,86.0,4,10,0
e72e8ca5-7ca1-424e-a139-c161a901c4cc,22.88,1,Outdoor,bank_card,24.0,9,10,0
e73b6008-a8d6-4357-a269-84ee1b2742f8,45.74,1,Clothing,bank_card,83.0,6,10,1
e741d60d-ab45-41a8-b173-a88783ea913d,491.94,1,Pet Supplies,bank_card,1.0,10,10,0
e74c8a21-b9c9-4357-8594-48b12bba9126,151.33,1,Accessories,bank_card,85.0,3,10,1
e758b0bf-553b-4e59-95f8-cf21890c6d20,300.66,1,Furniture,bank_card,258.0,5,10,3
e75bacf0-53ab-4782-b6ed-9e76c32b7d5e,52.08,1,Headphones,yandex_pay,9.0,1,8,0
e75d580d-e8a6-4260-a3fb-c3b42d980bcb,287.93,3,Food,bank_card,73.0,7,10,1
e763ce5f-d022-4bde-8c97-025842551430,243.7,3,Outdoor,sber_pay,173.0,6,10,1
e7692084-4fa1-4dbc-864b-ab060349b671,593.03,2,Garden,bank_card,29.0,2,9,1
e76b3395-7d76-4f0b-944c-b95e81109ae8,339.11,1,Garden,bank_card,60.0,3,10,1
e772a2df-8a52-415a-b660-eb9908960071,452.2,1,Home,sbp,56.0,3,9,0
e77881a7-391d-4bdb-ac13-b5f050f4f87e,168.24,1,Office,mir_pay,35.0,3,10,0
e77cea7e-5ac8-462d-9af8-d78a35241d15,101.8,1,Pet Supplies,bank_card,25.0,14,11,0
e78cdf00-004d-4e6f-8ee7-038320fddbc9,128.35,1,Headphones,sber_pay,29.0,7,10,1
e78f9df9-afd3-416e-bb28-cc2c7e89301f,174.05,1,Electronics,sbp,33.0,6,10,0
e795e2d3-df47-4809-89b6-31b7cb0098aa,77.41,1,Software,bank_transfer,279.0,4,10,2
e79e7760-9f83-48fa-bb4b-b33f54ca8e35,104.0,1,Books,sbp,40.0,1,8,1
e7b1f7bf-eb93-4938-a191-c917b1cbe0fa,389.38,2,Music,sbp,45.0,3,10,1
e7c997ab-8e1e-4a39-82ca-fffe0b01d49f,85.04,1,Photography,sbp,50.0,3,10,1
e7ca2a1c-dcbf-40da-b846-670eea7e1316,285.08,1,Accessories,sbp,101.0,2,10,2
e7d49163-db5c-4540-a39e-cb067742fd2c,62.26,1,Toys,bank_card,234.0,2,10,3
e7e3ef8d-6cb3-4bd0-9209-9a4c7731c560,366.97,1,Outdoor,bank_card,66.0,15,10,2
e7fa0c15-f426-4372-8029-15833caba200,338.74,1,Health,sbp,256.0,2,10,4
e7fa1c77-0c7e-4751-9f02-7c494e422054,54.54,1,Automotive,yandex_pay,59.0,2,9,1
e7feeb1c-7915-46fe-98b9-c05e8583601d,274.09,1,Software,sbp,305.0,3,10,4
e8006b87-cb8f-4996-b349-037ff36480a1,42.79,1,Home,bank_card,62.0,4,10,2
e8071136-f769-41fe-818b-06639f03bed8,84.16,1,Health,mir_pay,269.0,3,10,3
e808735b-c613-4851-a2f5-1d2686ed8731,159.95,1,Beauty,cash_on_delivery,81.0,4,10,2
e80a50da-fbdb-4160-af5f-ee3a55b93bd1,47.94,1,Clothing,bank_card,1.0,4,10,0
e816e403-b7ba-4d42-aa2e-8cf9c0241f04,128.74,1,Sports,bank_card,58.0,3,10,1
e81f6cd2-8c2d-4172-a46d-ff727d2ea6a2,67.4,1,Other,bank_card,160.0,7,10,3
e81fe0cc-49d8-4360-a57d-40667e146af3,128.26,1,Health,sber_pay,9.0,5,10,0
e8251de7-aa58-4b91-a5fd-3b933cbe0091,51.38,1,Garden,bank_card,10.0,1,8,0
e82ac875-8ff9-43a5-b07c-498984fb9cb1,183.94,1,Pet Supplies,sbp,51.0,4,10,1
e834f79b-fa79-4204-97c9-f71ca469afb5,112.3,1,Software,bank_card,20.0,4,10,1
e843bae1-20c9-4d4e-8d8b-abb9777afdbe,55.06,2,Electronics,sbp,80.0,10,10,0
e84e461e-5992-4884-9167-d47083ee6922,33.02,1,Gaming,bank_card,10.0,2,9,0
e853423f-821e-405f-a10a-02db1b2015c7,422.54,2,Garden,sbp,196.0,6,10,3
e85b8a71-143d-4559-8bac-a89f9d6b85a0,38.95,1,Office,tinkoff_pay,32.0,7,10,0
e85e93a0-3072-4285-865a-84514aa1e414,65.66,1,Office,sber_pay,215.0,1,8,5
e86e93be-7949-45fe-96a5-2e17df305191,66.99,1,Photography,bank_card,32.0,3,10,2
e8734b8f-7ba6-4c19-a45e-48693f73dc7c,374.72,1,Automotive,yandex_pay,150.0,3,10,1
e8739025-c47c-4bb0-b8bf-570bad27f1e9,183.31,2,Headphones,yandex_pay,321.0,2,10,5
e879281e-f374-416f-842c-6aa9260e7e7b,128.74,1,Sports,bank_card,50.0,2,10,2
e87d7841-543c-46f4-bb1d-fd62560e787e,176.62,2,Pet Supplies,bank_card,1.0,1,8,0
e87de65d-6b28-415d-88aa-177be9119911,549.78,2,Shoes,cash_on_delivery,258.0,1,8,1
e8802506-7677-462b-91a6-1eca914da92e,122.07,1,Gaming,sber_pay,85.0,4,10,0
e8863068-a480-40cf-95b1-a1f75797330a,32.22,1,Tablets,sber_pay,18.0,6,10,0
e889fc4b-51ae-451e-8063-a9cb589fed66,148.84,2,Shoes,bank_card,318.0,4,10,3
e890cfb9-caf2-4fb6-81f0-380d3b8ec535,25.17,1,Shoes,yandex_pay,263.0,3,10,4
e895ced1-f180-46d6-983b-f386a3eb3d66,30.0,1,Furniture,sbp,6.0,20,10,0
e8969b2e-d91e-4694-85a3-7337e90f4a9a,161.38,1,Office,sbp,15.0,3,10,1
e89bd935-f648-4eec-b1f8-61c6ddbf4aa3,126.25,1,Accessories,bank_card,9.0,1,9,0
e89c5e1d-5f05-4304-8be8-bb7c3c618897,46.82,1,Automotive,sbp,17.0,2,8,0
e89d82a7-9e70-4b81-812a-975ff369ef35,4638.22,2,Accessories,bank_card,253.0,2,10,0
e89f675c-fead-4ee8-99a2-272fd608dfbb,167.62,1,Pet Supplies,bank_card,262.0,2,10,2
e8ac631b-9b49-4330-b5ae-ab6d88562016,22.57,1,Headphones,bank_card,321.0,4,10,4
e8adc738-5c2a-4e8e-b093-399acb9dd0e0,7.21,1,Music,bank_card,142.0,8,11,3
e8bf6741-46b4-4cde-9d6f-7d7aabfa34fb,31.37,1,Sports,sber_pay,246.0,4,10,2
e8c0b761-5df3-4c11-a6d0-4a6727d585e1,25.08,1,Office,mir_pay,87.0,2,10,2
e8cd6785-1703-4a7d-aeb7-5592a0d4fc71,87.06,3,Photography,yandex_pay,150.0,3,10,2
e8d51953-b9a2-42f4-b17b-e02e7a30f400,281.66,2,Toys,bank_card,41.0,5,11,0
e8d609fb-88dc-45e0-9335-8b0032da6940,37.49,1,Garden,sbp,161.0,4,10,5
e8dd5c88-c011-4a5a-84b4-c6b32da29dfe,350.52,4,Toys,sbp,70.0,5,10,1
e8ec5ec7-de6e-4ce8-ac12-b8e14d907c9c,93.27,2,Automotive,sbp,89.0,2,10,1
e8f0cb0d-1043-4bae-8380-02792e246e60,110.56,4,Photography,bank_card,63.0,5,10,1
e903db78-2118-4a62-8b67-a111b9fa28bd,134.43,1,Furniture,sber_pay,18.0,7,10,0
e906b181-69f9-4bd9-85f0-d23e7dbad8fb,28.83,1,Music,sber_pay,55.0,2,9,1
e9071dde-41e9-43a6-a553-ff4823ae2d45,25.82,1,Gaming,tinkoff_pay,105.0,3,10,0
e90ae0e0-2d7e-4a88-8221-738cf1ad2c72,48.26,1,Software,bank_card,3.0,2,10,0
e912eacb-dbe2-4b33-8784-c29194b98829,68.31,1,Beverages,bank_card,23.0,2,10,1
e91418ff-ce73-4f60-9e99-2e22a20a0c37,686.88,2,Office,sber_pay,45.0,10,10,0
e914a78a-dd8e-4d4c-8c32-ce2193cf2e6a,37.0,1,Office,sbp,58.0,5,11,1
e91db854-c1be-425a-8e9f-55c2c66a249b,87.79,1,Headphones,bank_card,54.0,3,10,0
e92aa21e-29cc-4255-997c-81023628dbf7,271.84,1,Electronics,cash_on_delivery,38.0,8,11,0
e93378f6-d73f-4c55-924b-f731691d960c,54.56,1,Books,mir_pay,32.0,1,9,0
e950ef79-dc07-4e01-8570-9f72f3e2430a,401.05,1,Photography,bank_card,100.0,3,10,1
e9636eb2-d0be-44f4-82c3-c3a38b5c5e2f,135.14,2,Software,bank_card,18.0,2,9,0
e965e636-e57e-4bcd-a6a9-0a1e5cdcd70b,134.5,1,Headphones,bank_card,31.0,4,10,1
e96ead6b-0793-48aa-8934-441192c81bca,83.89,1,Kitchen,sber_pay,123.0,4,10,1
e9731ecd-b2e6-4767-968d-51e20d04f89d,82.88,1,Tablets,yandex_pay,276.0,1,9,2
e973b97d-dcc3-49c6-8d80-75d30709aa8e,378.28,1,Sports,sber_pay,270.0,3,10,2
e976ecdf-e1c0-43db-85d9-9bf2e819ec27,241.56,2,Jewelry,sbp,50.0,5,10,0
e97ee559-11e8-44ba-ab89-e84987d79c1e,193.34,1,Furniture,sber_pay,17.0,23,10,0
e9862933-a53a-4f7a-844c-ce52ff87d7c4,161.37,1,Shoes,sbp,79.0,5,10,1
e988d9c6-082d-406f-8b9b-40bd081f6f7c,69.93,1,Health,sber_pay,96.0,3,10,1
e98c97a8-f536-4ce5-be68-00125d5b799c,161.6,2,Health,sbp,113.0,2,10,1
e98d2474-705d-4e33-abcd-22d0d47d5f9b,28.73,1,Beverages,bank_card,9.0,7,10,0
e994d295-e745-47ab-8fc8-adbb87f56a43,227.12,1,Outdoor,sber_pay,202.0,3,11,2
e9953f01-c621-40b4-94d2-c08124dc2887,221.59,1,Shoes,bank_transfer,7.0,13,10,0
e9987acf-a54d-4619-95c8-69d54f5a7e3f,49.58,1,Smartphones,mir_pay,212.0,4,10,7
e99d213e-9050-4f1f-94db-78c0010aadac,59.7,1,Electronics,tinkoff_pay,113.0,4,10,1
e9a2c97f-6a08-4abf-bdd1-ca0f6c197d6e,271.54,1,Health,bank_card,15.0,4,10,0
e9abdc07-eda6-416d-94fe-2a1da5be394d,116.67,1,Smartphones,bank_card,6.0,9,10,0
e9ad15d5-3f55-4531-9cea-3bd0fbd76f7d,63.37,1,Shoes,bank_card,111.0,5,10,1
e9b8768c-5360-4d3b-92d1-1f0e438afe63,26.68,1,Toys,mir_pay,187.0,7,10,1
e9bec608-7915-4fb2-9e18-2d1466bc804d,156.63,1,Office,bank_card,10.0,18,10,0
e9bec724-64d8-46ff-93c4-0e34260dac01,291.35,1,Software,bank_transfer,151.0,7,10,1
e9bf97a1-4296-459b-8919-7f9fa2d1327c,154.87,1,Sports,sber_pay,112.0,4,10,2
e9caba7a-cec5-4ee6-84dc-f809351f2960,91.57,1,Sports,sber_pay,35.0,3,10,0
e9ced4d8-84b1-4e61-a090-1c226c62df3f,356.18,2,Toys,sber_pay,5.0,21,10,0
e9d16c20-b3a6-4830-8be6-9a8f11cf179b,1536.92,1,Accessories,bank_card,17.0,1,8,0
e9d40828-cfc9-40cc-900c-23674dde2a54,132.49,1,Electronics,bank_card,161.0,6,10,3
e9e0e15f-317c-4dec-b392-290b4283791e,132.65,1,Smartphones,sbp,35.0,5,10,0
e9ed3128-e1c7-4516-8494-191b4228e01b,224.54,2,Music,bank_card,42.0,5,10,0
e9f2a576-aeff-47ce-a14e-f0885c4d7c9a,27.02,1,Beauty,bank_card,29.0,4,10,0
e9f45033-5ed8-4ba7-89b8-58a1cc456ef4,255.1,1,Toys,sbp,41.0,8,10,0
ea008871-a933-454b-8a64-a79af473ce3f,13.52,1,Furniture,bank_card,5.0,4,10,0
ea057fa6-e17e-47e2-b3d6-b2a186645408,50.16,2,Office,sbp,57.0,3,10,2
ea1cc924-93e2-42a3-b2e4-db81bcba7854,17.52,1,Beauty,bank_card,85.0,6,11,1
ea3bc2ac-2782-493c-8d3b-502bc74111de,105.27,1,Smartphones,bank_card,83.0,3,10,1
ea3e45a5-795c-4311-9dd7-6b876a0a0611,105.7,1,Health,bank_card,12.0,1,8,0
ea483994-77ac-440a-adab-27c4f4c2d535,12.42,1,Health,mir_pay,16.0,1,8,0
ea4f04cd-1a5a-4718-85f8-bd74914612d0,141.41,1,Travel,sbp,97.0,7,10,2
ea53be7b-a1d0-4a54-826b-7ecf15cf83f6,235.83,1,Kitchen,bank_card,85.0,2,10,0
ea54c3a8-2add-4016-b845-263d95a353f8,26.39,1,Garden,bank_transfer,13.0,2,10,0
ea58c31a-6b01-469b-975a-3b18cce14341,639.4,1,Other,bank_card,37.0,6,10,0
ea6062a9-5e1c-4c86-8aba-8c16ca88a227,41.72,1,Office,mir_pay,2.0,1,8,0
ea63f315-4b71-4397-9091-0d2df10b5c9f,2005.34,1,Outdoor,bank_card,9.0,3,10,0
ea6a2253-1d8d-4f31-80c1-033a36a8b286,160.33,1,Clothing,cash_on_delivery,52.0,10,10,0
ea7166db-3c4f-4f18-b2b5-50b9f1bd124e,256.75,1,Sports,sber_pay,34.0,13,11,0
ea821477-eae0-4462-8380-8e55f4c23278,297.41,1,Furniture,sber_pay,67.0,3,10,3
ea881d7c-6d20-49b1-b81a-72ff213e7dd2,685.37,3,Electronics,sbp,117.0,3,10,1
ea94c7f3-0984-4f19-8a4c-c982e816aea3,61.63,1,Music,sbp,96.0,2,8,2
eaa9d9c0-609c-4eeb-9bfd-a131a9c6ecab,372.48,1,Office,yandex_pay,302.0,1,8,1
eaac0e99-4fd4-45c9-8e21-2279edef1d5b,7.92,1,Toys,bank_card,62.0,10,10,0
eaaf0f4b-a432-4008-9dce-36e0c65e96ca,29.45,1,Headphones,bank_card,52.0,5,10,0
eabc88a6-b182-4970-a457-80f1b5176611,541.93,3,Accessories,bank_card,137.0,6,10,0
eabd1b14-0c47-43a1-aeb5-d6e91a9574c8,71.7,1,Shoes,sbp,65.0,1,7,2
ead77f59-59d3-4bae-858d-d6d8c93b9286,175.22,1,Music,bank_card,9.0,2,9,0
eafa98c2-853b-4882-866b-97a4cb44be9a,40.22,2,Music,bank_card,177.0,3,10,2
eb07967c-edaa-4919-8fca-04d1d8cdd3e7,714.34,1,Office,sbp,6.0,4,10,0
eb0e3d16-b41a-43a2-a285-7ddbc0ca6211,530.77,1,Sports,bank_card,130.0,2,10,1
eb1b8b3b-9590-4214-82c7-8197fbaa31ea,103.3,1,Books,bank_card,159.0,2,10,3
eb20dbc3-bc0c-4eb7-8a7e-5d88ab369add,35.98,1,Sports,bank_card,76.0,1,8,2
eb2e605f-5148-4490-8382-797a9fd192dd,108.82,1,Laptops,sbp,167.0,3,10,1
eb3ac2ea-bbcd-4e71-9968-6daa17c39e6a,141.6,2,Food,bank_card,28.0,5,11,0
eb4e4204-9e2e-4bbf-96fb-4057d26e187c,234.61,2,Smartphones,bank_card,13.0,7,10,0
eb55c068-8ad3-4f08-a3e6-ce975aad7f91,49.9,1,Pet Supplies,sber_pay,50.0,23,10,0
eb58f756-3b19-40de-9e98-846bb04fc16b,125.94,1,Travel,sber_pay,14.0,17,10,0
eb5f3823-3771-43eb-b8c4-630450dc3b9a,70.7,1,Beverages,mir_pay,26.0,28,10,0
eb6a4e7f-8cb7-4b43-9f3c-f4244c44f2b0,124.98,2,Kitchen,bank_card,7.0,28,11,0
eb7a1107-14bb-4fdf-a9e6-6bd24bdef0ae,175.32,1,Headphones,bank_card,34.0,14,10,0
eb7e653f-9e4f-4b43-ac2c-2faf75635005,33.24,1,Outdoor,sber_pay,16.0,12,10,0
eb869f7f-8aca-4189-a944-43b419f59710,539.43,3,Beauty,yandex_pay,76.0,1,9,1
eb8825af-268f-4ae9-9161-7c70d64dba41,44.69,3,Smartphones,yandex_pay,240.0,2,10,3
eb893190-4a1f-4a1c-9461-dc0ff1ec278a,414.88,1,Shoes,bank_card,13.0,4,11,0
eb8e94fc-2eb0-4e4c-9363-c564a9bca5e5,34.09,1,Beauty,bank_card,74.0,4,10,5
eba17eba-23f1-4eb1-b145-5a8c42ea0ceb,351.78,1,Furniture,sbp,151.0,6,10,4
eba6eb5f-7fa9-46a1-8f16-a306c7fdcb42,134.68,1,Gaming,sber_pay,58.0,9,10,1
ebadda64-2a64-4f20-b405-ee5c630c5716,86.8,1,Jewelry,sber_pay,18.0,18,11,0
ebaf06e8-bfbf-4655-9e29-b51f74968a22,18.59,1,Food,sbp,31.0,19,10,0
ebb32bf9-f22c-43f0-8a65-dfb18b971b61,112.95,1,Smartphones,sbp,188.0,7,10,2
ebc05de9-fec9-4216-bb49-e506d231452c,97.4,1,Garden,bank_card,102.0,8,10,2
ebd009cb-3c2b-4bd7-a42c-3a81192d0a53,78.18,1,Gaming,bank_card,55.0,2,9,1
ebd31cf9-ead6-4631-a647-7beadd5f5a78,451.07,1,Clothing,mir_pay,3.0,1,8,1
ebd91329-8e92-4a94-ba1f-0a2e54fce58d,118.28,1,Other,bank_card,80.0,8,10,0
ebe08c36-4c58-4ecf-b0a8-792f0ec7f1dc,336.96,1,Accessories,bank_card,24.0,10,10,0
ebead35d-aecd-4e22-8a96-fafdbc7a4289,28.59,1,Furniture,yandex_pay,15.0,2,10,0
ebeb2758-65f1-47fa-ba8c-bf441fa90d58,48.16,2,Outdoor,mir_pay,219.0,6,10,0
ebf47884-eb72-46d8-b04e-917a29ee627b,438.2,2,Sports,bank_transfer,1.0,2,10,0
ebfe1b92-5d55-4841-99f3-605da60e7849,44.07,1,Clothing,yandex_pay,83.0,6,10,4
ec013c7c-d26b-49de-affa-4b8ad4f9a138,86.6,1,Food,bank_card,63.0,7,11,1
ec02ce61-94fd-4b46-a7c9-87bf9082ad46,15.88,2,Travel,mir_pay,40.0,9,10,0
ec12801a-d58f-4e50-be39-0e38fd767913,1176.32,2,Gaming,yandex_pay,230.0,4,10,3
ec198725-30ce-4413-9989-84855c3d9e1a,118.93,1,Sports,bank_card,117.0,3,10,3
ec2201da-1b86-41af-b735-7654acdc6783,654.06,3,Jewelry,bank_card,164.0,2,10,1
ec2617c3-d056-4365-b82a-8ada5c5aa970,287.52,1,Office,bank_card,6.0,1,8,1
ec2f6805-65ef-4e7f-af02-a70b74c38abe,162.04,1,Books,sbp,129.0,4,10,2
ec310916-f1df-44b4-bc06-18055cf863d4,351.78,1,Furniture,sbp,2.0,1,8,0
ec334096-9961-4f39-a93e-b2a4cc34d745,70.31,1,Software,mir_pay,5.0,7,10,0
ec6418da-d3d3-4cf7-a086-dfe16430f8df,100.92,3,Smartphones,sbp,115.0,7,10,4
ec707e40-62ff-4ebe-a4f9-2848c240c941,209.26,1,Kitchen,bank_card,15.0,5,11,0
ec78579b-3d8d-4517-b16b-4c7a55c523c2,667.94,1,Kitchen,bank_transfer,28.0,18,10,0
ec87e3b4-47e3-4e2a-bb8e-0fa9a2ca8978,135.1,2,Health,tinkoff_pay,83.0,3,10,2
eca1acbc-d79b-450e-85cd-295ddbf100d0,281.12,2,Home,bank_card,108.0,1,9,2
eca26d9a-0f7f-44d7-b5b1-a750000ea9b8,73.65,1,Furniture,bank_card,125.0,3,10,1
eca87967-76d3-4b20-a412-ca41f5ce1164,92.25,1,Health,bank_card,87.0,2,10,1
ecaac4f5-15bb-4945-be1c-6c323e6d276a,947.16,2,Beauty,bank_card,63.0,3,11,0
ecb11cc9-fba7-4f6e-b098-0987e418a638,58.04,1,Other,sbp,220.0,5,10,1
ecb26655-260d-4a35-9df6-dcef9e370075,354.62,1,Office,mir_pay,218.0,2,9,3
ecb28a1d-234c-4da5-a034-b5b2a825f8b4,1102.72,3,Electronics,bank_card,161.0,3,10,4
ecc09e5c-5add-4be7-baa6-0e8d9db474b2,764.31,1,Furniture,bank_card,233.0,4,10,4
ecda0b63-9094-4548-94dc-59ceda98c6ff,140.46,2,Office,sbp,152.0,5,10,3
ecdc6c5d-7553-44c9-a331-0f18587e8bae,131.24,1,Shoes,yandex_pay,193.0,4,11,3
ecdde6af-c02d-47c5-90fc-1d9419f95550,40.92,1,Photography,bank_card,6.0,1,7,0
ece29585-361d-4cb9-a242-a464deb4797c,72.77,1,Gaming,sbp,60.0,5,10,0
ecf5e110-1170-4264-bd78-ca979ecd68cc,175.22,1,Gaming,bank_card,12.0,3,10,0
ecfc691d-5d4d-45c9-9ea9-a77ed16a9397,143.73,3,Toys,sbp,74.0,1,8,1
ecfdc758-2f6f-4fb0-a5c9-42c14e8227a3,32.22,1,Tablets,yandex_pay,79.0,5,10,3
ecffc2da-1021-4095-a97f-13acd45cb6f5,103.23,1,Automotive,sbp,149.0,7,10,3
ed15fb84-8fc0-4cce-a297-7cde9ce6c900,88.35,3,Outdoor,bank_card,19.0,5,10,0
ed17af83-4e22-40a5-af6d-3400a7bd07c8,541.41,3,Jewelry,sber_pay,83.0,2,10,1
ed2c7540-8a43-4c43-8b85-87adcfd13120,36.92,1,Jewelry,tinkoff_pay,19.0,21,10,0
ed34c20e-aba8-42ee-8255-858ad636a5d6,30.03,1,Tablets,bank_card,120.0,6,10,3
ed46dda4-5b38-41d0-8462-d514542718b7,173.44,2,Smartphones,bank_card,79.0,7,10,2
ed50c12a-0667-4c79-ab31-4813c54151ef,2518.77,2,Clothing,bank_card,0.0,1,6,0
ed682cb5-3110-4fc8-8ecb-929536071ee4,110.1,3,Garden,mir_pay,20.0,5,10,0
ed6f4a09-340d-4bea-b142-cc36e5915f74,140.13,2,Pet Supplies,yandex_pay,123.0,3,10,1
ed7789fc-24b8-4df1-83e9-b6accb8aea74,293.84,2,Health,mir_pay,87.0,9,10,2
ed7a1307-4962-4de3-86a8-d9363df83cc4,52.44,2,Food,sbp,10.0,1,8,0
ed7cd082-c1d5-422a-9299-11c305d7df93,300.33,1,Pet Supplies,sbp,59.0,5,10,1
ed8f3fcf-f055-4d47-a2af-554ef5019f6c,166.55,1,Headphones,sber_pay,236.0,2,10,5
ed96d869-2aa4-4861-a2cd-b45e5263be0e,82.98,1,Clothing,bank_card,60.0,12,11,2
ed9c08ec-31fc-4700-888f-bcf26101516f,134.71,1,Sports,bank_card,116.0,2,10,2
ed9c8e15-986f-49ac-bb16-a671f0583a39,98.55,1,Toys,bank_card,334.0,2,10,4
ed9e92d2-8d26-4155-b29d-e2f470dfd944,80.62,2,Laptops,bank_card,15.0,3,10,0
ed9f4368-e2fc-4855-a851-6214d7f97b36,129.26,1,Kitchen,bank_transfer,28.0,3,9,1
eda3eb2c-5a6c-4cfc-9b87-68d6d42fb42d,98.37,1,Clothing,bank_card,35.0,18,10,0
eda640c9-a2ff-4bcb-8ca6-d5ebc144a859,38.68,2,Furniture,cash_on_delivery,20.0,2,9,0
eda7b64f-44b2-4bb3-92bc-2f2fb8d76bac,229.41,2,Office,bank_card,33.0,2,9,0
edafd039-2d93-40f3-99b0-ac4c53f98d10,19.01,1,Sports,tinkoff_pay,148.0,3,10,2
edb0865d-a530-4845-838b-a233c99b4359,167.24,1,Accessories,sber_pay,44.0,2,10,1
edb32f83-84a9-4715-803d-24c3b8fa2afa,661.27,1,Software,mir_pay,47.0,5,10,0
edb36711-1a8f-49b3-bc7a-6de02c4b4cd5,303.26,1,Accessories,sber_pay,1.0,1,9,0
edbc2a40-0948-482c-82b1-292a6d91fb5c,36.48,1,Tablets,sber_pay,4.0,23,10,0
edc5d38e-c48a-4550-87b1-864b381e9adf,81.54,3,Beverages,bank_card,13.0,6,10,0
edcae4a1-a8f4-4cf0-801c-0ebd488f1c0f,96.44,1,Other,bank_card,161.0,3,10,3
edd4dd27-af3a-4f02-88ff-f282a83808ff,137.85,1,Food,tinkoff_pay,67.0,3,10,3
eddfd706-f0e5-4a05-973d-837b83f93018,143.49,1,Health,bank_card,82.0,1,7,1
eddff90d-52b6-425c-8482-64dd8538ca2c,221.86,1,Headphones,bank_card,25.0,2,10,1
edf266ad-92bc-4e1c-adba-c9f921cd0ebc,65.35,1,Toys,tinkoff_pay,25.0,3,10,1
edf40ed5-e869-4606-83dd-cc16c0d70308,188.48,2,Gaming,cash_on_delivery,191.0,3,9,0
edf515eb-b7fc-4fd4-b259-1ffa4c0a0eda,283.89,1,Jewelry,bank_card,111.0,4,10,0
edf798a0-a168-4537-aa44-443200d32c6a,129.72,3,Sports,sbp,118.0,5,10,1
ee100f85-980a-4aa2-9890-e805b428d0e7,27.18,1,Beverages,sber_pay,0.0,1,9,0
ee11e400-39be-40b6-81e6-7a4f4cf6cfbd,164.86,1,Garden,sbp,255.0,4,10,2
ee15486f-2d2c-47dc-bd80-3b82810d36e0,2772.86,2,Garden,bank_card,134.0,2,10,2
ee491032-6c6a-467e-b65c-346b96cf67a3,145.59,3,Health,sbp,186.0,4,10,3
ee62c5e4-26f4-4180-b096-407186a5465b,1138.56,1,Headphones,sber_pay,48.0,9,11,1
ee649896-a02b-4f99-8628-d73bdea5bab1,476.2,2,Garden,bank_card,76.0,2,9,1
ee65990b-6374-4c22-86b9-05238b416036,236.62,1,Clothing,bank_card,61.0,3,11,0
ee77b7ae-2699-4bb3-8929-a769e67130af,717.36,2,Outdoor,sbp,20.0,14,10,0
ee7ef712-743c-4351-bfd9-f3dbef160cee,90.03,1,Furniture,mir_pay,38.0,2,10,1
ee7f6e7d-015b-437a-b7e3-a133bb57477d,54.57,1,Laptops,sbp,129.0,2,10,1
ee814e16-0530-448b-9fab-984e776c2542,720.68,2,Toys,bank_card,97.0,8,10,2
ee93960e-603a-4cd0-9a0c-8f5809c78b91,186.8,1,Smartphones,mir_pay,7.0,5,9,0
ee95c141-7c0d-41e5-9673-d335fcdad239,127.2,1,Outdoor,bank_card,142.0,2,10,2
ee98546c-ecb4-4747-b7f3-225454f507c1,3050.31,3,Furniture,sber_pay,68.0,7,10,1
ee9c2a9d-e56d-480a-aca0-213deaba2ca4,92.19,1,Pet Supplies,mir_pay,156.0,1,7,1
ee9d50f0-eccc-4656-9858-4ab724b4c3b1,126.14,2,Beauty,sbp,16.0,9,10,0
eea8e202-9eff-47c4-bfe4-21223ac67779,631.55,1,Shoes,bank_card,88.0,7,10,2
eeaac7ae-b39f-4c4e-9718-19d24235192a,137.85,1,Food,sbp,45.0,2,10,1
eeb5ccab-2cf1-4da0-85f3-1edc77ac63b1,43.57,1,Smartphones,sbp,152.0,7,10,1
eecb454b-216d-4c03-9a7f-cd3704177175,810.02,2,Photography,bank_card,6.0,16,10,0
eece1326-d096-45cd-bf10-4ead481da6ca,94.73,1,Beverages,bank_card,75.0,3,10,2
eed0ab83-9b29-44e3-9c27-80ae7c11eb07,35.88,3,Photography,sber_pay,184.0,2,10,1
eed4282b-5d34-4d53-926c-54804aa62ba4,17.8,1,Software,yandex_pay,45.0,3,10,2
eed88ca0-6dbe-43e2-9573-eeb84147189d,286.39,1,Food,bank_card,9.0,4,10,0
eee2cec3-bb72-4f14-8ad7-94022f4d9970,150.12,2,Automotive,bank_card,184.0,3,10,3
eefcb209-2a2a-4885-944d-2ee6924e8599,196.95,1,Tablets,sbp,23.0,2,10,0
ef04eeeb-333c-44e1-a52d-748aabec91b2,391.11,1,Garden,sber_pay,192.0,5,10,3
ef0a890f-e466-4a5a-acbc-f4423a06edde,75.55,1,Health,sbp,14.0,19,10,0
ef14f6fb-f80f-4aa7-8746-d351eee7dde9,27.2,1,Clothing,sbp,54.0,3,10,0
ef1e5316-8794-492a-8403-851370df4258,689.98,1,Jewelry,bank_card,52.0,8,10,1
ef2493bf-8d53-4382-8b6f-39b745f1c62d,1079.41,1,Travel,tinkoff_pay,109.0,4,10,4
ef2bfecf-757e-4201-b5a5-08a921e3cd9c,69.1,1,Sports,cash_on_delivery,65.0,3,10,2
ef3f4e24-7517-47a5-b12f-e2264b252e13,60.61,1,Tablets,cash_on_delivery,126.0,1,7,2
ef469e3a-e766-44f2-9501-e936b7a2ba1e,1460.07,1,Accessories,bank_card,108.0,3,10,1
ef49aa76-770f-458f-b6e6-3601769d8419,143.61,1,Outdoor,bank_card,157.0,1,7,1
ef4b9da6-6ef1-4cb3-a9ad-18994a12afb4,106.85,3,Garden,bank_card,163.0,4,10,2
ef50b833-1adb-4a73-986f-cd6ed6311b72,82.69,2,Accessories,sbp,8.0,1,6,0
ef546494-1091-4851-ae35-9ef24bb50696,34.4,1,Smartphones,sbp,116.0,5,10,0
ef5a7d63-cf14-44a8-8661-b73a253b7300,189.82,1,Home,bank_card,6.0,3,10,0
ef7218ac-0d99-42ea-a9c6-a92cd34732c5,157.63,2,Smartphones,bank_card,167.0,3,10,1
ef7c343a-7271-477c-b0a1-b5535e189b5d,199.85,1,Toys,cash_on_delivery,30.0,4,10,1
ef8537d0-f712-41a0-8aa9-85087e98456d,18.89,1,Beverages,bank_card,153.0,1,8,3
ef85d7b0-c754-45e7-966d-6adbde491002,40.31,1,Laptops,sbp,31.0,14,11,0
ef8804f6-3119-4dba-b0e0-fca9f8548ffc,374.86,1,Office,bank_card,39.0,6,10,0
ef892459-6f0f-4b24-b4e7-0dd7c9791891,31.2,1,Travel,yandex_pay,0.0,10,10,0
ef8a606c-6b3a-46df-be61-2dd7dbd36965,43.57,1,Smartphones,bank_card,31.0,4,10,1
ef90e616-92ae-4cde-899e-053b4f52f406,16.3,1,Toys,sber_pay,28.0,8,10,0
ef9bf03d-1734-4d0a-b6cf-41ca7cec26e1,120.76,2,Garden,bank_card,114.0,2,9,0
efaa818e-c91d-4bfc-8619-462b20ee9af0,479.19,1,Food,sbp,3.0,9,10,0
efba624a-8de8-4789-b3ed-cd29f2e9b947,67.26,1,Food,bank_card,9.0,1,7,1
efbb6328-a241-462b-9875-c379b7181cdc,55.44,1,Home,bank_card,3.0,1,9,0
efc331ce-bc3a-42ff-8366-927bffc2a876,289.35,3,Travel,sbp,43.0,8,10,0
efc87f9c-842e-45e1-9017-995bff169bc1,158.65,1,Gaming,cash_on_delivery,16.0,15,10,0
efcc1091-c6f2-4777-8f9b-3add978a3e84,836.56,4,Gaming,bank_card,60.0,1,8,0
efcee6f5-3107-472d-be90-75ae5a883201,466.26,1,Jewelry,sber_pay,167.0,2,9,0
efe6462e-2212-49f2-aa52-f5c1ff639df6,1351.26,3,Jewelry,mir_pay,130.0,2,10,1
efeb425c-8827-451b-954e-ce36e86d782f,727.35,1,Headphones,tinkoff_pay,15.0,19,10,0
eff5857f-c387-40a6-9a20-f5e6d6f5fdb3,130.69,1,Office,mir_pay,107.0,5,10,2
f00ca433-b35f-4ecf-a56a-d70087f0e58c,62.03,1,Headphones,mir_pay,143.0,7,10,2
f010f002-ec95-4366-80c4-6dbd49c0a89b,237.92,2,Laptops,bank_card,120.0,2,10,1
f01156eb-e4a3-49dc-a59c-323c6bd36001,18.3,1,Laptops,bank_card,21.0,10,10,0
f018e37c-6cd2-408e-bef1-0d7d0da19855,68.83,1,Toys,sbp,0.0,2,9,0
f01c0b79-0326-4dc1-8989-d5d72b8c675d,804.22,2,Garden,bank_card,45.0,4,10,1
f0200739-ee6a-4767-b207-c13ade212e8e,56.76,1,Beauty,sbp,131.0,4,10,6
f0266ee0-fabc-4802-8862-d4c1ab01e6cd,145.94,1,Beauty,sber_pay,69.0,5,10,0
f02aef7f-7412-4608-8301-d9a46adf5631,28.98,1,Photography,cash_on_delivery,159.0,2,10,6
f02b9df1-1afc-4648-8761-0c8c0a76d29b,302.48,1,Pet Supplies,bank_card,5.0,6,10,0
f037a02e-b780-4fe3-a8b6-171aaafd297d,167.79,1,Headphones,sber_pay,147.0,5,10,0
f03b882c-a60a-40d1-b60e-db0b37654215,60.52,1,Food,mir_pay,0.0,9,10,0
f03ce004-5541-4a7a-98cd-f15e88405bc7,133.84,1,Electronics,sber_pay,71.0,10,10,1
f04f8de9-0707-4276-9861-f3a142386d56,322.89,3,Tablets,sber_pay,63.0,13,10,1
f051bb27-d459-450f-960f-598927622b40,159.21,1,Toys,bank_card,6.0,8,10,0
f079c80f-e493-4e7b-a07a-48e2c64a056f,987.41,3,Sports,bank_card,68.0,18,10,2
f07a7079-316b-49a1-83b0-2daae840e27e,1250.49,1,Gaming,bank_card,50.0,5,10,0
f091ae0e-8ae1-44d5-8a32-200c59168fbd,35.98,1,Sports,tinkoff_pay,64.0,3,10,1
f0925014-e2cb-45b2-932f-6478852bb1ff,135.83,1,Automotive,bank_card,82.0,2,10,2
f093d972-4c2f-498b-bd6e-857539e8d4c6,99.21,1,Gaming,bank_card,146.0,9,10,5
f0a69acd-d275-44a5-b99a-ac92ce9d7daf,442.22,2,Jewelry,bank_card,78.0,5,10,0
f0ad5216-aad1-4df9-8823-dcd46759ddb9,47.91,1,Toys,bank_card,42.0,15,10,1
f0c3ae31-1d90-4268-9ad4-d4336389acaa,379.5,2,Furniture,bank_card,205.0,3,10,4
f0e0ea0d-ae5f-4587-9ba1-84cde942c607,47.57,1,Kitchen,yandex_pay,97.0,7,11,0
f0e70ef1-a25f-4106-a02c-ccf3f82fab92,28.72,1,Beverages,bank_card,271.0,5,10,4
f0ea9894-3abe-4392-be04-3e4c5a08facd,788.35,2,Kitchen,sbp,1.0,3,10,0
f0ff36bc-04cd-4777-9499-79dd30cdef00,304.11,3,Pet Supplies,bank_card,228.0,3,10,3
f1181d28-b466-4226-ae4b-41921c6b6c36,237.06,3,Books,bank_card,74.0,3,10,0
f120839b-f930-4856-bc25-8e3710267128,1118.83,3,Tablets,sber_pay,117.0,2,10,3
f1318765-cb5e-4f10-b8c7-abdc066215a2,50.13,1,Music,bank_card,6.0,17,10,0
f14cfd99-e8ff-4a6f-b1f5-7e5146c45c07,346.46,1,Sports,bank_card,79.0,4,10,1
f150d6f2-edc9-40ff-a8d3-e697a72701bd,31.02,1,Furniture,bank_card,4.0,2,10,0
f1645ada-a64e-4af1-a1d1-4bb268f43a3c,357.5,2,Books,bank_card,49.0,5,10,1
f16511de-9692-447b-97e5-8a3fa801e650,193.1,1,Laptops,sber_pay,22.0,13,10,1
f16efcc3-51f2-487f-b803-4fe8e4a9b61a,52.81,1,Accessories,sbp,112.0,6,10,2
f174d7f1-cd8e-44f7-b8d6-43ac7d16b7c6,568.34,1,Laptops,bank_card,57.0,2,10,0
f17d0317-1b1a-4a3c-a7e3-90e583f18b00,387.69,1,Books,sbp,1.0,4,10,0
f19fb5cd-b43a-45b3-84c6-4e77ec3dee39,597.74,1,Accessories,cash_on_delivery,252.0,1,8,3
f1a15a15-6caf-42f6-9552-d16954770d43,109.95,1,Music,sbp,21.0,4,10,0
f1b05997-6f1c-4e26-966c-abc46a365c9f,249.05,1,Office,bank_card,13.0,21,10,0
f1bb1c90-be84-4e03-8399-7498800cf442,212.2,1,Office,sbp,58.0,3,10,0
f1d31a32-f94c-4585-aee0-d0db7176e5a1,565.56,4,Beauty,sber_pay,67.0,9,10,1
f1edb50e-4da7-4b6f-90bc-6e6b10efa91b,25.82,1,Gaming,bank_card,96.0,4,10,1
f1f10c5a-a366-4adb-beac-860f10b1d4ea,93.43,1,Pet Supplies,bank_card,65.0,2,10,1
f1f5f432-813f-47e2-8e51-56c7b40c25e9,345.8,1,Health,cash_on_delivery,17.0,6,10,0
f1ff0291-1373-4a45-8a3f-22c6207b1a43,88.34,1,Laptops,bank_card,23.0,13,10,0
f200607e-51ce-43a5-9383-434d9facb357,111.17,1,Photography,bank_card,148.0,4,10,1
f2081459-c164-4a99-9622-ece785ffe572,50.82,1,Beauty,tinkoff_pay,85.0,3,10,0
f2091ae8-81fd-4f5c-b058-765c44f91041,31.77,2,Food,sbp,44.0,3,10,1
f20b0d35-de78-4934-9dae-bb3abfd9f722,69.27,3,Beauty,yandex_pay,17.0,15,10,0
f20e75cd-1343-43b3-a9bf-c635fb1db8e4,45.7,1,Headphones,bank_card,10.0,9,11,0
f21523e7-36b8-4078-bc8f-e591a17f19b6,62.88,1,Software,sber_pay,120.0,4,10,2
f2154b95-3fd0-4726-ad7c-cbe909dee1b1,203.86,2,Tablets,tinkoff_pay,155.0,4,10,2
f2159346-7586-49fa-aa06-cf5a2746f8ec,28.34,1,Health,bank_card,20.0,15,10,0
f215fe8c-ae5d-4b98-86a4-360a64a315c3,432.95,3,Jewelry,sber_pay,122.0,2,9,3
f21b223e-b6d3-4cf7-af14-140e21036a53,41.94,1,Home,bank_card,73.0,4,10,2
f21f57c0-65a7-4769-9749-144a78cc94e4,149.73,1,Sports,bank_card,72.0,8,11,0
f23ad96e-e507-4148-90b7-5b09c47cf735,136.98,1,Other,sbp,20.0,4,10,1
f244e505-67cf-4acb-809b-d43824fcf42b,683.52,3,Garden,sbp,76.0,11,10,2
f2489046-0013-4f09-a624-0bfd13f63d9f,100.54,1,Shoes,bank_card,26.0,24,11,0
f248ab3d-1cee-421b-90e3-a220db08d1f9,442.36,1,Books,sber_pay,98.0,2,9,0
f26bb026-115d-4b3b-aac9-badd85de9b62,38.92,1,Sports,bank_card,16.0,26,10,0
f26d271c-07d8-481d-a461-65c7e6dd5d86,1372.42,1,Accessories,bank_card,84.0,2,10,4
f271a15e-3b00-4bf2-b0f6-4c9e814d1f29,95.53,1,Travel,bank_card,82.0,6,10,1
f285b2b9-ee7e-49df-9867-15fdf2d216ea,68.74,2,Beauty,mir_pay,3.0,1,9,0
f28b3d8f-26c2-4170-88fa-83e6885f82c8,175.56,1,Kitchen,bank_card,36.0,12,11,1
f295ef1a-22a6-4a0d-94a9-9fc7d45e4b29,59.92,1,Music,bank_card,24.0,10,10,1
f2a294a3-d6d0-41c8-9b73-354e26ba4e80,50.06,1,Beauty,yandex_pay,239.0,3,10,2
f2a6d19d-cf1e-4368-b8c5-a6937874f301,342.66,3,Beauty,bank_card,48.0,9,10,1
f2ac360c-d2c8-4282-b85d-8e8fbc1642f2,33.28,1,Shoes,tinkoff_pay,31.0,8,10,1
f2c3c18e-a666-4b75-aed9-b305df1b27b6,374.72,1,Automotive,sber_pay,28.0,4,10,0
f2d1a252-4694-4a70-a16b-dec0b19325e9,70.32,1,Headphones,mir_pay,159.0,6,11,0
f2da11f3-c57b-46fc-aab4-f56300be2625,507.45,1,Outdoor,bank_card,43.0,7,10,0
f2dd8f97-db89-426e-b3bb-8315384a39c8,321.55,2,Travel,bank_card,29.0,4,10,0
f2e047b9-4731-411a-8ae1-666c4c20f25a,1050.38,1,Outdoor,mir_pay,8.0,3,10,0
f2e0fd70-5caa-4112-a532-227b79de2f0a,362.64,2,Music,bank_card,37.0,10,10,1
f2e1bd16-6bda-44c9-b1ea-c1c397365f0b,59.84,2,Tablets,sbp,213.0,4,10,2
f2e281ef-9566-42e7-b7a2-b68df7944abd,191.5,1,Laptops,sber_pay,26.0,2,7,0
f2ee2523-3ad6-48ab-b76f-49d4382d9c3b,19.49,1,Accessories,mir_pay,13.0,13,10,0
f3071fe2-8248-4b94-bba3-b1e676635a45,25.97,1,Pet Supplies,bank_card,24.0,3,10,0
f3090350-76cd-453d-85d3-1f8f5c9a7143,24.07,1,Clothing,sber_pay,138.0,4,10,3
f3183327-5561-4236-8f15-04f039c22339,686.75,1,Kitchen,bank_card,206.0,1,7,5
f31a6a26-36f2-4332-81f7-fcd1632a2398,190.61,1,Laptops,bank_card,90.0,5,10,1
f31b9fe6-e488-4c39-b336-4df81c202135,53.78,1,Automotive,bank_card,88.0,3,9,1
f31cdc57-3455-4094-831b-364108b763a3,71.63,2,Accessories,mir_pay,38.0,4,10,0
f31e54c8-782b-4cfb-a530-e2d08f293c9a,475.56,2,Office,sbp,36.0,3,10,1
f320277b-03ae-4c1b-bc0c-5456e319a2bb,54.48,1,Office,bank_card,287.0,5,10,3
f323aab5-b60d-4f76-bd62-beb6a338a390,153.36,3,Clothing,sber_pay,62.0,4,10,2
f32ca8a1-1ef7-453a-b4c0-a0d756650de6,94.71,1,Smartphones,bank_card,5.0,13,10,0
f332c17f-973d-4f3b-90c9-eafb3c1cd646,25.14,1,Kitchen,tinkoff_pay,149.0,5,10,2
f342652e-351b-4e2f-8956-5bdc961efdc2,41.66,1,Headphones,tinkoff_pay,303.0,3,10,4
f3435e82-6a64-42ac-8d9d-6885b7492703,178.0,2,Kitchen,bank_card,14.0,6,10,0
f3437ffb-da73-4147-8a40-e871ef244469,145.8,1,Tablets,bank_card,141.0,4,10,1
f34ac954-585f-436e-9856-f4c4ae8de6b0,34.06,1,Books,bank_card,18.0,2,10,0
f34c1bd3-c764-4ee9-b722-8cb52beb7536,163.49,1,Electronics,bank_card,72.0,1,9,2
f351c8e8-a4f6-4e87-941d-507771488986,81.6,2,Headphones,sbp,55.0,8,10,0
f35c3561-5821-4cb8-a96b-0ce8cde52c52,222.0,3,Home,tinkoff_pay,0.0,3,9,0
f35f2fec-2751-4830-a44e-8e03fbcf29f7,365.54,3,Health,yandex_pay,204.0,2,10,2
f363e226-8efe-48b5-b55a-3e944a54ede7,337.37,1,Office,yandex_pay,22.0,10,10,0
f371b42b-2cb1-4c40-86ee-5ff81cc1ae39,47.57,1,Kitchen,sbp,23.0,1,8,0
f37e8f38-8f22-4399-be4e-b04d53873a5d,83.57,1,Furniture,bank_card,103.0,4,10,2
f37eaa84-6e3e-44ef-b020-f7bd84aadcfd,228.68,4,Clothing,sbp,6.0,2,10,0
f37ed7f4-24e9-4ea6-8c81-51ac243e3f3c,346.84,1,Tablets,bank_card,129.0,6,10,4
f3a3cb00-4c6a-4c66-8eb5-9cff33a30c8a,90.22,1,Travel,mir_pay,60.0,7,10,0
f3a6435f-b232-4d9c-a3cd-7ea55c66df2a,1306.66,2,Outdoor,sbp,16.0,8,10,0
f3af274b-3dd7-4a47-bb51-9fecb5def5f6,475.72,1,Beauty,bank_card,75.0,2,10,1
f3c0fcdd-9283-4fb3-b32b-e1ffa0d5f842,25.93,1,Office,yandex_pay,133.0,1,9,0
f3c5cef7-a5d4-43f2-a264-377155b03c53,187.83,1,Smartphones,bank_card,64.0,8,10,0
f3d06322-020f-49fe-ad21-dc7d19cbd1bf,182.74,2,Office,sbp,144.0,3,10,2
f3d24e9a-aa67-4798-9711-18c60dda087e,305.48,2,Home,yandex_pay,292.0,4,10,3
f3e516ec-b290-4c41-b908-a51b15cf53a5,179.06,2,Gaming,sbp,166.0,2,10,2
f3e55c1e-7e87-47d7-ac9b-8778e78ea5ba,1377.39,1,Food,sbp,263.0,5,10,3
f3ea5e59-1020-44d8-a80f-d4349df6ea10,261.23,1,Health,sber_pay,2.0,10,10,0
f3ec0c5f-0ae2-4d85-abc3-7abfd46122df,261.69,1,Automotive,tinkoff_pay,85.0,5,10,4
f3fe223c-bc15-41ab-95bc-c755736ad969,172.25,1,Music,yandex_pay,16.0,2,10,0
f400fe8a-d4d3-4814-a5de-04c09866af3c,91.66,1,Gaming,yandex_pay,15.0,3,10,1
f4068360-36b8-498a-b83f-6f1155de5182,449.68,1,Smartphones,bank_transfer,53.0,8,10,1
f40bb2ef-107f-4a30-8b9e-93a2afc58d6b,199.06,1,Beverages,tinkoff_pay,143.0,5,11,3
f40c33be-8a2a-4b4f-be05-99830855e42f,21.23,1,Kitchen,sbp,11.0,1,9,0
f4159ec8-079f-48b4-a0cb-1c831be3043e,19.26,1,Laptops,bank_card,204.0,2,10,2
f41782ce-6b3a-409d-99e6-8ab9c8daed92,55.58,1,Home,mir_pay,36.0,4,10,1
f41ae5e6-671f-40e0-a551-1607686159b4,511.77,3,Toys,bank_card,3.0,8,10,0
f41fa6c8-94ee-466b-823f-6b0aa6ad2821,59.2,1,Kitchen,sber_pay,14.0,5,10,0
f4274da2-2675-4cd3-aa00-5cf96293fbf6,427.0,1,Electronics,sbp,9.0,13,10,0
f4315508-0601-4660-b920-fcfe5d3c21f0,96.99,1,Office,mir_pay,95.0,6,10,1
f434c3f0-cbe3-4933-ab4d-3ac9c9a22512,161.81,1,Toys,sbp,2.0,1,7,0
f43573c2-2b80-46a6-aead-94cfcc334c3f,173.89,1,Health,bank_card,72.0,1,8,2
f43d7ad2-759c-48c9-94c4-de4f8449196e,75.18,3,Other,bank_card,134.0,2,11,3
f43d7d51-166f-484a-bfed-840bc2033175,361.08,2,Clothing,bank_card,14.0,4,10,0
f44f2922-4f9c-4bdd-acfb-6a581121ee76,69.65,1,Home,bank_card,18.0,7,10,0
f45cfd92-d6dd-4c1f-a4b6-c1e16cf7f34c,123.29,1,Other,sbp,56.0,4,10,1
f4602cc4-56a7-4766-940b-043bfdf0d405,100.48,1,Tablets,sber_pay,48.0,3,10,2
f46c6e15-177a-484f-8683-b9221cacb0e2,299.16,2,Jewelry,bank_card,48.0,9,10,0
f46ebe8a-1d15-458e-aa80-35a95dced7f8,34.27,1,Music,bank_card,43.0,15,10,0
f4728b1c-c7b2-49ac-b407-1157504ab1a1,367.57,1,Electronics,mir_pay,209.0,3,10,1
f484e62d-cc10-4681-8786-52425a2934be,313.1,1,Travel,bank_card,281.0,1,7,1
f4948c47-4828-41cd-a0a4-6b80db99f172,14.77,1,Automotive,sber_pay,10.0,1,9,1
f4aaa6b5-a79e-4ab1-b26f-96416a0c3d6d,194.27,1,Sports,bank_card,47.0,4,10,0
f4aaa998-8a63-4d73-b577-af217412fd39,1102.4,1,Headphones,bank_card,15.0,7,11,0
f4c41327-81f3-48ac-929a-0302c6df4906,3659.19,1,Beauty,bank_card,40.0,9,10,0
f4ca892e-b5eb-428e-93cf-42a5aa6098bc,71.37,3,Health,bank_card,269.0,3,10,2
f4d6564a-8266-4aa0-8c2c-abdff204a011,555.98,2,Beverages,bank_card,260.0,1,8,2
f4d6f9e4-e3d2-4478-8773-a6a62723db5a,502.06,2,Music,bank_card,116.0,2,10,0
f4d916b8-dfaa-42fd-91c0-29ba0c663022,305.76,4,Automotive,bank_card,78.0,10,10,1
f4dc71f4-e9f7-44cb-aa47-dccc562c221a,52.32,1,Other,tinkoff_pay,151.0,4,10,2
f4de9d36-2cfa-496e-b128-f5741b680d72,186.2,2,Shoes,sbp,10.0,11,11,0
f4e0dab5-d2d4-43fd-a110-a1831c85c669,136.63,2,Beverages,bank_card,147.0,2,10,0
f4f5e007-27dc-4590-8d52-94bfcb7e28a9,576.44,2,Shoes,bank_card,123.0,3,10,1
f5134473-e15f-4a07-ac7e-fa05314a110f,474.62,1,Accessories,bank_card,38.0,16,11,0
f518f3d0-79d0-49bc-9302-ca13833f8c1e,349.02,2,Beverages,cash_on_delivery,43.0,2,10,1
f522bc5c-4d67-4f9c-aa42-62a074ea2216,54.14,1,Gaming,sbp,9.0,20,10,0
f5234c75-5738-45ae-a71b-b854151d4d39,109.25,1,Kitchen,sber_pay,52.0,8,11,2
f5316fe8-4293-4bf4-aa32-349b687fefd7,47.3,3,Sports,bank_card,232.0,1,9,4
f53ca7b2-2717-406b-b57f-e138aa9b1811,182.19,3,Tablets,bank_card,114.0,2,10,4
f5413e61-1b62-4dc7-ba15-c5f6e22b07d8,244.22,2,Automotive,sber_pay,80.0,5,11,0
f5564fe1-a691-4e27-8599-dd79d64adad5,297.41,1,Furniture,bank_card,194.0,2,10,2
f55935f2-ed67-469c-b3cb-9fe939aec978,55.67,2,Furniture,sber_pay,75.0,3,9,4
f55bfdf7-0c8b-461b-a14a-a973c4d8b354,27.34,2,Furniture,sbp,119.0,4,10,1
f561cf4a-bd03-4dfd-ac6d-8f9252b391ba,337.0,1,Books,bank_card,22.0,8,10,1
f5696450-9dcb-4879-bd3e-2f8afc8274bd,938.64,2,Health,sbp,13.0,9,11,0
f572e16b-9522-438a-a334-85cdfc4096ed,524.81,1,Home,sbp,10.0,4,10,0
f57b592e-edaf-43d1-a79e-fc882261a602,231.41,1,Other,bank_card,57.0,2,10,0
f57eecf6-8cb8-483e-8af5-3142c565f325,188.0,1,Tablets,mir_pay,110.0,3,10,0
f583c839-14c9-40f0-b179-3c66c494756e,52.76,2,Other,sbp,1.0,4,10,0
f59c5814-ecb9-49be-b234-f037d6a83806,223.68,2,Beverages,tinkoff_pay,55.0,8,10,1
f5a4ff81-ce7e-4c4b-a8d3-1ba1d5b7a43f,239.73,3,Office,mir_pay,272.0,3,10,2
f5a55a98-7c51-4b31-bd6a-188835c0a9b1,138.44,2,Home,yandex_pay,147.0,2,9,0
f5a69046-f45e-424c-82a7-f4e2f9f70cff,6.27,2,Food,sbp,178.0,2,9,2
f5a9e709-25ff-479e-8517-757cede01449,137.0,1,Outdoor,bank_card,88.0,7,10,2
f5b3e2ac-cabd-422c-bfde-75934c6c3065,90.8,1,Pet Supplies,bank_card,154.0,4,10,3
f5b75747-8c75-4617-a907-be480ddd0be4,161.83,1,Beauty,bank_card,56.0,4,10,2
f5b8596e-ed86-4657-afeb-d71c32251193,34.43,1,Shoes,mir_pay,4.0,18,10,0
f5c07570-e71d-4c8c-bc85-ed486a2eb7b8,22.59,1,Sports,bank_card,152.0,3,10,2
f5c08873-957f-411b-8c09-e36592e2c70f,88.31,1,Kitchen,sbp,35.0,5,10,0
f5c199b9-4521-48aa-aa3f-160c71315923,184.05,1,Sports,cash_on_delivery,3.0,4,10,0
f5c6280f-b11a-4f9e-9c08-10bebb27d128,696.92,2,Garden,bank_card,141.0,4,10,4
f5d514e6-64c2-4fcb-9790-c8c18c00c4d4,16.02,1,Software,sbp,4.0,2,10,0
f5d687dd-4576-4787-a8ec-b2b8cc73a909,57.19,1,Electronics,mir_pay,38.0,2,10,0
f5e59bd4-1927-4ba1-8a13-eba6af0c4e1d,186.19,1,Laptops,bank_card,10.0,4,10,0
f5f654aa-f43e-4dd3-abd6-e03b9c54ba71,623.29,1,Garden,bank_card,105.0,4,10,0
f5f6ac12-72b7-4b5e-93cb-cb0967986ff2,487.11,1,Garden,sber_pay,159.0,8,10,0
f5f8bda1-e51d-4bc4-a627-249f4a013e5d,38.82,1,Kitchen,sbp,97.0,7,10,2
f5fca111-2ad6-42f3-bda9-cc04bb1ae8a2,636.06,3,Furniture,bank_card,2.0,19,11,0
f61d0702-f325-42a6-a7ca-dc2f077e2838,19.88,1,Beverages,tinkoff_pay,206.0,7,10,4
f627f2d9-efec-473c-b03d-acde149e8c88,6.83,1,Music,bank_card,108.0,4,10,2
f632cbb3-b2e4-496b-afd2-e2be8dad5a56,92.62,1,Automotive,bank_card,0.0,1,6,0
f63c68d2-fbac-446e-82d1-24991d6f081e,75.21,1,Furniture,bank_card,185.0,2,9,2
f63df94b-1e80-4248-a31f-fbd15ed075c4,8.81,1,Music,sbp,176.0,5,10,1
f649628f-db8b-4273-b9c7-765b3dbcfc80,187.25,1,Laptops,bank_card,65.0,6,10,2
f65ff3bd-8cfa-4a06-9519-f972ae446ec9,190.39,1,Headphones,sbp,121.0,6,10,0
f662dc8f-5de6-4fb1-9339-4dc68c195d07,511.89,1,Other,bank_card,142.0,3,10,2
f6881a2a-7dfb-46df-ada9-f97ff4dfcb4e,52.1,1,Jewelry,bank_transfer,4.0,2,10,0
f6cbccb0-9c5e-495a-af5d-e97ffdeccf1f,442.49,1,Garden,bank_card,130.0,4,10,2
f6cda63c-a83e-4821-8e3b-e5c7d5c9d706,469.69,1,Furniture,sbp,41.0,21,10,0
f6d4ddd7-76b0-40df-baa8-e7a17a90807d,780.52,1,Software,bank_card,65.0,2,10,1
f6da6120-db1f-4480-a8fa-f05fa24626f3,32.46,1,Garden,bank_card,304.0,2,10,3
f6ea18b7-265d-4261-8575-fcc3d5e3678c,64.91,1,Food,bank_card,108.0,9,10,1
f6f0851f-6955-4cc3-bc4b-cc4a6464e4b4,7.57,1,Gaming,yandex_pay,25.0,4,10,0
f722dd74-f038-47d4-8cfc-64d807a8c60e,171.21,1,Software,sbp,80.0,2,8,1
f7264e39-515e-42f8-a2a2-f23619c6c76c,306.89,1,Outdoor,sbp,15.0,2,10,0
f729da03-2531-450d-ad64-2063822169ed,33.88,1,Photography,tinkoff_pay,54.0,4,10,0
f72db74d-afdd-4d6b-bdea-0ee5d4858673,108.67,1,Office,sbp,72.0,11,10,0
f72ef2ab-e1b3-4b95-a774-0590572879c8,1555.49,2,Jewelry,bank_card,10.0,3,10,0
f73ccef2-cc6b-4aee-b1dd-73f22f50ac73,34.4,1,Smartphones,bank_card,79.0,3,10,0
f73d08dc-19b7-4773-8632-3c7b183f940e,2040.36,4,Other,sbp,62.0,14,11,2
f74484ea-cca6-4fae-8086-22386cf3b3e0,189.98,1,Beauty,bank_card,185.0,2,9,2
f7682cad-4a54-4a29-a3e9-e958cbd08aab,40.63,2,Headphones,sber_pay,132.0,2,10,2
f769094c-3cb2-41fa-b56d-eccf2a325bb2,450.84,2,Sports,bank_card,209.0,5,10,4
f79aec2d-ca5e-40f5-a3df-f59d8abb4cf2,101.8,1,Pet Supplies,sbp,231.0,4,10,1
f7a149de-d1fc-42bb-8fe8-81528b5ee16c,356.84,2,Software,mir_pay,33.0,16,10,0
f7b5636d-7ed3-4fc1-9a92-ffa0b8147349,69.24,1,Electronics,bank_card,129.0,8,11,3
f7ba5f13-7aa9-4ffd-9cc5-3b3ba361f7ef,71.84,2,Electronics,yandex_pay,86.0,1,9,0
f7be7b7b-817a-405a-9139-13f71f17a983,167.08,1,Clothing,bank_card,318.0,2,10,2
f7bf213a-e85a-4b83-8db0-62986418ef4c,151.18,1,Photography,bank_card,45.0,25,10,0
f7c2a8a0-195d-4f57-84cd-994ff3d16fe7,249.54,3,Books,bank_card,214.0,1,9,2
f7c2d28e-7ebf-4a3d-bbb6-6635100e13bb,189.42,2,Smartphones,mir_pay,237.0,4,10,1
f7c97fec-823b-4dd8-9a76-c3261b151d35,239.07,3,Headphones,bank_card,2.0,13,11,0
f7d0be73-b5b5-4873-8fa8-5c6b70a46988,261.6,1,Software,yandex_pay,26.0,5,10,0
f7eb839d-dd36-4481-978d-b5d6f673a7c9,71.29,1,Beverages,bank_card,2.0,6,10,0
f7f43abd-a9a4-4a36-ab7a-98af65f4a2d5,87.4,2,Beauty,bank_card,6.0,14,10,0
f7f5186d-49c7-4e10-906d-6e2f490bfff3,104.94,1,Travel,bank_card,14.0,5,10,2
f7f7b76a-5319-48d3-a7f0-5276d6be3108,202.36,2,Jewelry,sber_pay,90.0,5,10,2
f8035d40-eea3-46e5-b35f-fe7faacb90d6,51.64,2,Beverages,sber_pay,28.0,5,10,1
f81017ec-1830-43d9-886e-33e006eaa4da,96.79,1,Accessories,sbp,92.0,6,10,1
f827d0fd-234e-455e-9d44-298f81b4e4e8,100.62,1,Automotive,sbp,17.0,11,11,0
f8293c45-ae22-4b8e-872d-174fc593271c,242.45,1,Headphones,bank_card,26.0,2,10,0
f82958b3-6a4e-4f8c-a377-585adeecb853,146.92,1,Health,sbp,99.0,4,11,1
f84b4eba-f1b6-46be-9d03-8421eb8742cd,671.66,2,Music,mir_pay,99.0,6,10,1
f85e6db1-f296-4d45-b8d9-bd4812f0a4e4,138.44,2,Home,bank_card,6.0,4,10,1
f85f51af-3536-4438-a13f-3161c13de6c5,170.53,1,Automotive,bank_card,102.0,4,10,1
f863999d-dbbd-4364-a6b9-b5742b0fdc71,31.54,1,Photography,bank_card,61.0,9,10,3
f869cf5c-5748-453b-a6f7-a8665a8e11a9,995.18,2,Beauty,bank_card,48.0,1,9,0
f86acebd-c291-4b69-adef-2d5805283d38,164.13,1,Electronics,sber_pay,157.0,4,10,1
f86c5f2c-4550-4741-9fdd-3d58fbf30349,154.51,1,Gaming,bank_card,152.0,5,9,2
f86c637e-ac16-4a27-9267-fab747cff4b8,187.95,1,Software,sbp,46.0,1,7,0
f870f7fa-2f19-4a0f-a43d-2e8cd781c62e,123.79,1,Food,sber_pay,12.0,4,10,1
f8809f19-202a-4507-bfbc-0ed653f777d0,71.71,1,Automotive,sbp,33.0,5,10,0
f881137f-aeb4-45af-b4e2-56bdcde80b25,56.75,1,Headphones,bank_card,32.0,6,10,0
f88e16fc-3e95-47bc-970e-f3919880a0e5,57.26,1,Automotive,yandex_pay,11.0,25,10,0
f89046c2-f226-4ef0-962f-70dc539fa0b1,79.53,2,Pet Supplies,sber_pay,222.0,1,8,1
f895e929-0551-4643-8db8-445516fa0d69,51.6,1,Headphones,sber_pay,79.0,4,10,1
f8ad8a84-69e8-47c5-9cea-77f91b702047,408.41,1,Food,bank_card,1.0,11,10,0
f8c0bee6-cfb2-48cc-b16c-52a2a80f20a0,34.37,1,Beauty,sber_pay,130.0,1,9,3
f8ce6740-26cd-405b-af4c-09e73b55e0d6,251.88,2,Travel,mir_pay,226.0,3,10,2
f8d87d3e-6620-446e-9ba4-8277b6726c08,427.0,1,Electronics,bank_card,181.0,1,8,0
f8d9748b-4936-4481-9662-07a5c5c8ac48,1117.5,2,Gaming,bank_card,11.0,4,10,0
f8f23434-2bbb-485d-96e1-0528aaec8f99,28.98,1,Electronics,bank_transfer,49.0,3,10,1
f8f59324-e905-457f-8d60-8e92ec90542e,64.99,3,Clothing,bank_card,53.0,8,10,2
f902472a-608c-425c-b3c1-638b196a62be,393.02,1,Laptops,sbp,19.0,3,10,0
f904f9e4-185b-49df-a8f6-74628f2a86fe,270.61,3,Toys,bank_card,3.0,9,10,0
f90e5e26-d906-48c1-b639-aaf7d9210922,71.71,1,Automotive,sbp,98.0,4,10,1
f916318c-f9a8-472a-a1cf-07796676abaf,142.88,1,Photography,bank_card,6.0,14,10,0
f917460a-03da-4eb3-a0a6-5d1d30a2c746,33.58,1,Smartphones,bank_card,21.0,16,10,0
f934dd36-259d-4e1e-ab46-5c53d40386cc,29.72,1,Pet Supplies,bank_card,145.0,4,10,3
f94459b1-7406-4409-8ade-a2f5e1b1dc2b,247.9,1,Outdoor,sbp,17.0,12,10,1
f953f175-1ed4-489a-826a-0f51554a5578,119.6,1,Accessories,bank_card,175.0,3,10,3
f956f2fd-8f43-4b24-9ab3-b52f77cccdfd,136.25,2,Automotive,bank_card,64.0,8,10,1
f959b629-2375-4a61-a9f3-e88387cd5754,303.39,1,Shoes,yandex_pay,2.0,7,10,0
f9647cab-22e2-4316-9afd-15db09c72e3e,424.2,2,Beverages,bank_card,0.0,4,11,0
f969f07c-69fd-4164-a58d-40e8d68d86ba,38.51,1,Outdoor,bank_card,69.0,5,10,2
f96dce35-704b-4f1b-872c-4d0d5975ec0a,202.1,2,Beauty,sbp,0.0,1,8,0
f96e0aca-ac43-4664-b764-20f3dcfb1823,95.65,1,Sports,sbp,71.0,2,9,0
f9726f27-9cba-4f35-a7a0-0d9c3b19bb57,38.62,1,Automotive,sber_pay,30.0,1,9,1
f98688a7-b7df-46f5-9376-7151ed45d1c4,595.8,3,Beverages,bank_card,12.0,3,10,0
f990516b-3888-4c66-8396-9aa9ad707c4c,69.1,1,Sports,tinkoff_pay,184.0,2,10,1
f9922652-137f-4ce0-9d85-68a65da1a649,70.95,1,Accessories,bank_card,24.0,6,10,0
f993bb0d-a17c-4ecc-aa1e-7be4a357a0ea,277.11,1,Electronics,sber_pay,51.0,8,10,0
f9961440-daaf-4627-a813-6b80b6f87c8a,154.96,2,Photography,cash_on_delivery,322.0,3,10,1
f9a77710-8949-4916-93eb-51d031bd09b6,408.89,3,Smartphones,bank_card,73.0,8,10,1
f9b94cd8-1289-42cc-8d05-25169c2b17fb,702.37,1,Electronics,sber_pay,185.0,3,11,2
f9ba74b3-4187-4d8f-a1d4-4c9e7439d55a,574.47,3,Home,bank_card,225.0,2,9,3
f9c54ace-ebe6-4461-affe-4a3393786cf9,40.92,1,Photography,sbp,89.0,3,10,1
f9db428e-34c6-4e8d-b446-e7edec22b33a,416.3,1,Home,mir_pay,7.0,2,9,0
f9f86157-e26d-44a3-939f-7506715305ba,443.72,2,Headphones,sber_pay,0.0,1,8,0
fa071a44-8156-4840-b15d-9efe6c5557b8,470.99,4,Electronics,sber_pay,119.0,2,10,1
fa0b6b16-c9b6-4c28-aa86-672d820ed93f,104.5,2,Office,sber_pay,238.0,4,10,1
fa0dd82f-f395-4b7f-a3af-e1e93a2a6cb4,70.45,1,Health,bank_card,64.0,7,11,0
fa121ec5-6b7b-4630-aed0-9bfdc64376e9,14.48,1,Pet Supplies,yandex_pay,18.0,1,8,1
fa18bbcb-8da0-44f5-84f1-ff3eeb5ee94a,70.8,1,Food,bank_card,247.0,1,8,1
fa1b5e8e-923e-4801-97a8-52d1a5974192,19.43,1,Software,bank_transfer,16.0,12,10,0
fa2739cb-72ea-4765-851a-52890e6b7883,24.08,1,Outdoor,bank_card,21.0,2,10,0
fa2c2be0-12b5-4799-87e1-0734286d365a,199.25,1,Furniture,bank_card,209.0,1,8,1
fa2e6bb7-3dd2-4c00-b131-bc14bd7ccf79,397.65,3,Electronics,sbp,191.0,3,10,4
fa3bed5b-96aa-49fa-829f-a209ae36e8a4,170.8,1,Smartphones,bank_card,54.0,7,10,2
fa3c73ed-68a4-487b-857c-c69976c3c0f1,433.34,2,Software,bank_transfer,67.0,3,10,2
fa3c8e12-5b53-4059-addc-97b89445e622,450.84,2,Sports,sbp,172.0,3,10,0
fa457c39-e189-494f-9c0c-ebbae6e71965,74.02,1,Shoes,bank_card,135.0,6,10,1
fa48d981-5f6a-46fe-afc4-c600b6d820e6,265.1,2,Electronics,yandex_pay,30.0,10,10,0
fa500a14-4855-45ef-82f8-3c09131a885b,595.13,1,Kitchen,mir_pay,58.0,2,9,1
fa5b2aa7-821c-4398-b56a-ea02e11ab651,290.55,1,Gaming,mir_pay,43.0,14,11,0
fa625511-336e-4bda-8093-3dfef548a1f0,65.78,1,Electronics,sbp,61.0,9,10,1
fa6a6a25-5fc4-426d-a6e0-4aa51fec7321,46.62,1,Travel,tinkoff_pay,18.0,2,10,1
fa6d4b63-1bfc-4fca-a5c8-00c4c23db424,101.24,1,Travel,bank_card,20.0,3,10,0
fa70633a-e3d4-45b4-863c-e66625a2b1eb,18.1,1,Music,bank_card,39.0,8,10,0
fa7a02dd-ab30-4864-81bf-9aa28c303322,216.13,1,Kitchen,sbp,55.0,13,11,0
fa7bbd47-bbe7-4546-bfb0-1c3f1db77ac8,37.05,1,Outdoor,bank_card,96.0,4,11,0
fa7fbb58-f275-481e-bd8d-2701660416a9,25.27,1,Automotive,mir_pay,279.0,2,10,2
fa8d9d1c-edac-4c74-b3e0-054502f03a57,168.69,3,Office,bank_card,37.0,3,10,1
fa936c94-8ae6-4a3a-9389-c37e8ae02228,696.92,2,Garden,bank_card,140.0,5,10,5
fa9b1e02-d943-48a3-adf2-b97cdddf9a12,210.38,2,Outdoor,yandex_pay,107.0,5,10,1
facafdc2-d801-4fa7-ba8d-0ad0a1c0d2d7,58.04,1,Accessories,bank_card,41.0,11,11,1
facbae8f-c376-49c9-89aa-1a0dd8199c4f,256.41,1,Pet Supplies,bank_card,169.0,3,10,2
fad012f0-b36d-4d44-a525-27e905f66493,97.78,1,Pet Supplies,sber_pay,187.0,7,10,3
fad612f5-44f5-4e55-a708-ad2471503be9,450.42,1,Jewelry,bank_card,19.0,3,10,1
fada79cd-3a94-4032-a648-e7164b397a08,55.82,1,Music,bank_card,48.0,4,10,0
fadc2252-6d2e-47e5-960f-084f1da002c3,171.16,4,Home,sber_pay,87.0,8,10,0
fadf9069-2b90-416b-bbce-98de80c29952,98.18,2,Automotive,mir_pay,19.0,11,10,0
fae82090-1b24-4934-a680-d9386ec08656,127.92,1,Books,bank_card,105.0,2,10,2
faeb41ec-71f2-4f5e-8c44-e6b60a2b8a40,400.82,2,Headphones,bank_card,20.0,14,11,0
faec77f6-2627-48aa-bf90-7e1435a0e3e3,32.77,1,Kitchen,sbp,38.0,3,10,2
faf36e20-39e7-4c52-8384-7ece92cee604,583.18,1,Shoes,bank_transfer,275.0,3,10,1
fafb911c-5bd9-4892-9473-d3490c2b6217,287.61,3,Pet Supplies,bank_card,168.0,8,10,4
fb041c92-50a4-401e-9050-1f493eb27e83,131.04,1,Laptops,bank_card,37.0,15,11,1
fb0a182b-a10d-4b57-9bd0-c274dc3f822a,472.9,1,Headphones,bank_card,137.0,2,10,4
fb1172c0-a373-444f-a9ae-2d15693725fb,72.12,3,Shoes,bank_card,124.0,6,10,3
fb139639-cfd5-4ef5-b6ea-3d333c90df6c,157.45,1,Jewelry,bank_card,30.0,4,10,1
fb235d34-307b-46a6-a325-6dd3e1ed20f7,34.96,1,Software,mir_pay,5.0,3,10,0
fb2cb64e-1b21-4bd8-bf7c-67b358e6570a,288.47,1,Smartphones,bank_card,28.0,2,10,1
fb2d28f5-3e54-40b2-ae7e-8aa1665e6f69,1431.73,1,Home,bank_card,186.0,4,10,2
fb3039c5-30be-4dde-b882-5ea0297e12bf,503.15,1,Software,bank_card,104.0,4,10,2
fb3aaf27-5067-4753-bcf2-700683ddfeaa,114.91,1,Office,bank_transfer,7.0,2,10,0
fb502447-db10-43b1-9929-7f922157a078,106.88,1,Home,sbp,28.0,4,10,0
fb52baff-8066-42a0-8580-062caaf4b0f2,158.15,1,Toys,sbp,2.0,13,10,1
fb7eda9d-5545-4aae-bd01-58505893e9c7,76.76,1,Health,bank_card,89.0,2,9,3
fb7fe06e-ede2-4810-a602-d297a40d42dc,363.81,1,Laptops,bank_card,218.0,3,9,0
fb845a31-bab7-43fc-88b2-0db705aa1a1e,98.35,1,Pet Supplies,bank_card,22.0,3,10,0
fb8768c7-76a8-4ea4-9a2c-203a3c6f2582,303.08,1,Other,cash_on_delivery,84.0,10,10,2
fb97e872-774c-484e-b39a-113ccb93e196,224.79,1,Clothing,sbp,82.0,7,10,1
fba0affa-c3e4-438b-a356-b01e91ff5dfa,643.11,4,Software,bank_card,40.0,3,10,0
fbaff61e-db74-490a-a252-d22db16b7630,52.88,1,Music,mir_pay,225.0,5,10,2
fbc1862e-706a-4c1f-b9ef-2b4a41eb3f51,198.1,2,Office,bank_card,18.0,1,9,0
fbc2e92d-8d3e-4ab7-a9ac-6fa0fc8036ce,61.38,1,Shoes,bank_card,191.0,2,10,1
fbc62651-41d4-4c63-aa17-2fe924a58f43,102.27,3,Beauty,bank_card,39.0,2,10,0
fbdbdef9-43d0-4592-82bc-0fb37938f0a7,46.06,1,Travel,cash_on_delivery,315.0,3,10,4
fbddfc30-43d0-4d7c-b953-318d228d44d8,2305.84,1,Electronics,sbp,144.0,3,10,2
fbde0549-2c7b-4e32-b93c-9457beaf4d59,778.35,3,Beauty,mir_pay,59.0,4,10,0
fbdf185e-e29f-490c-b24d-2a2979015dfe,46.86,1,Shoes,mir_pay,239.0,2,9,0
fbfa5874-497e-46c5-bb79-3fe23281619a,348.46,1,Garden,sber_pay,221.0,3,10,3
fc04eab4-96c5-4a24-a222-a289c13eb42d,70.45,1,Health,mir_pay,26.0,24,11,0
fc07d6ce-4bda-4d3d-8b28-d97c04452987,35.8,1,Tablets,sbp,98.0,7,10,2
fc0e9201-a5e5-4338-9fb5-ee48fc3c466b,198.09,1,Office,sbp,187.0,1,6,2
fc1ab187-d59f-4cfd-9ae7-e592f1b9a84c,1809.46,3,Food,bank_card,176.0,2,10,3
fc1ff6e8-4e6c-4648-b3d2-838db9471ffc,678.22,2,Garden,sbp,234.0,4,10,4
fc224236-7472-4070-b83a-7ec619e7c018,57.44,1,Photography,sbp,257.0,4,10,0
fc22a624-683a-4805-972e-f8c0fddc9264,338.54,2,Furniture,sbp,20.0,9,10,0
fc2f2293-2dff-47ef-af67-9e5310a30779,170.59,1,Toys,bank_card,159.0,3,9,1
fc409f2c-3591-4103-8bfb-3cf7d5b7c0da,72.68,1,Furniture,bank_card,302.0,3,10,5
fc4776c3-6172-443a-85e2-e370d8d18bc9,498.15,2,Clothing,mir_pay,65.0,2,9,1
fc4c011b-27d1-480c-8087-32e7afe8098e,33.09,1,Pet Supplies,yandex_pay,287.0,4,10,4
fc4f52ee-7c80-4858-8ee2-eb7684fd12e8,103.93,2,Clothing,sbp,10.0,3,10,0
fc5300c8-32d8-45df-8eb6-a2170a7c0255,267.31,1,Headphones,bank_card,64.0,2,10,2
fc5491fc-1fde-40f7-8cca-059746d35d04,301.99,1,Clothing,mir_pay,146.0,4,10,2
fc5755a4-b426-4947-8b6c-f79c3551ae86,132.63,1,Shoes,bank_card,15.0,3,10,0
fc59534b-ad48-4b17-b257-2fe25dad7828,213.34,2,Shoes,sbp,175.0,6,10,3
fc60d084-b370-483d-b247-0d3dfbb47e35,141.62,1,Automotive,bank_card,224.0,6,10,2
fc6d173c-3ba1-431d-ac4c-fddcb968ce45,198.9,1,Jewelry,bank_card,3.0,1,9,0
fc82c2a0-5c6f-42c9-aedb-605a30febf73,300.33,1,Pet Supplies,bank_card,117.0,7,10,1
fc8d187d-71b7-4c2b-b21a-c906cfb026a3,154.87,1,Jewelry,yandex_pay,119.0,1,7,1
fc8d34d4-3116-4227-b3a4-c481453fd434,19.34,1,Furniture,sbp,24.0,2,10,1
fc98d3a4-52b4-458e-b66c-07bd186925e6,58.19,1,Pet Supplies,tinkoff_pay,42.0,2,10,2
fc9b0549-2b83-4f3d-b619-9400067bdaed,130.07,3,Food,sbp,124.0,2,10,4
fc9b70d0-f3f1-400e-86e8-4ec8a136228d,283.92,2,Travel,cash_on_delivery,169.0,5,10,1
fc9b879b-d6a1-43c2-842c-17ad19c5041c,802.1,2,Photography,yandex_pay,30.0,2,10,0
fcb87e58-d604-4231-956f-8f2cb0124e59,250.29,3,Health,bank_card,5.0,9,10,0
fcb87f55-0829-4945-9d07-745ef9b94d06,81.36,2,Beauty,sber_pay,137.0,8,10,3
fcd10b17-902f-44c7-89bd-f7098ef8a820,60.93,1,Toys,bank_card,165.0,5,11,3
fce4e222-d9cc-489a-98fd-f1f282bda09d,2233.26,2,Home,mir_pay,21.0,7,10,1
fceb5491-a95e-4ae8-9e99-174f664207a3,125.86,1,Tablets,bank_card,86.0,1,8,0
fced42b0-f32b-4fb8-96bf-f52e9d5e9bee,276.33,1,Health,cash_on_delivery,96.0,4,10,3
fcf966ac-60d0-4a25-a0ca-1f7613370b89,190.23,1,Software,bank_card,3.0,5,10,0
fcf9c5a4-5c73-4038-8076-62b85e3cf535,206.22,2,Automotive,bank_card,71.0,5,10,1
fcfb0f5b-329c-47cb-a739-db41178e69d7,323.08,1,Software,bank_transfer,82.0,2,8,0
fd03d757-f002-4150-8df6-91b491ebb395,198.94,1,Travel,bank_card,53.0,7,10,1
fd18a957-a861-4ed8-8abd-dd09d12b1866,188.81,1,Clothing,bank_card,74.0,1,7,0
fd2d1bf4-7e9b-4e3b-a00b-8b3783629d33,258.68,2,Health,sbp,51.0,4,10,1
fd2e9a47-e5ab-4ae9-8c99-9a41b796fe30,74.01,1,Software,sbp,113.0,1,7,0
fd328a76-fc33-46a8-98fc-66844cda4cd3,282.89,1,Health,sbp,101.0,4,10,1
fd34826a-d157-4b47-9335-f6a02d877e6d,208.52,1,Laptops,bank_card,314.0,6,10,3
fd377e54-9569-4eed-9206-89de05340cf0,1448.66,1,Accessories,bank_card,236.0,2,9,3
fd4b1393-5647-47c0-8a88-5dfbf3711a65,677.44,1,Music,bank_card,282.0,4,10,2
fd4f22cf-d1dd-4728-9b55-2dda19259591,117.46,2,Automotive,sbp,175.0,2,10,1
fd56dae6-08a7-4deb-8741-24ef4f08ce76,12.28,1,Shoes,bank_card,66.0,2,10,0
fd58a2fe-1ff7-4a36-b3e5-0e57b9c232ea,854.39,2,Smartphones,bank_card,65.0,8,11,2
fd5a5f59-835b-4973-94c0-5701afd967fa,195.6,1,Software,bank_card,248.0,4,10,5
fd813946-7c8e-4ee5-8d22-00c064a0f0f6,134.51,1,Health,bank_card,112.0,2,10,3
fd88dae6-05a3-47f9-b29d-c2e0f0f755c3,154.19,1,Photography,bank_card,77.0,3,10,0
fd8b3b44-1adf-42fa-834c-26c891a20ed9,114.69,1,Shoes,bank_card,282.0,5,10,4
fd8d9191-8b18-4c6b-8c83-f108dbcb2f2c,183.84,1,Beverages,sber_pay,22.0,21,10,0
fd8fd9ab-d8de-41d6-b15e-b03656ee09a8,328.62,2,Other,sbp,91.0,2,10,1
fd918556-f77a-4935-938f-bd751c40fb13,16.82,1,Office,bank_card,13.0,4,10,0
fd936a55-88cd-43ff-90af-12382260ad79,88.41,3,Furniture,tinkoff_pay,54.0,8,10,2
fda58633-fb73-4185-9bff-c0b9db476c40,763.84,2,Tablets,bank_card,234.0,4,10,4
fdacffbe-1a22-4824-8f01-4de84facf698,89.96,1,Tablets,bank_card,160.0,4,10,3
fdb01278-65c8-403f-9209-0452dbd7383e,85.85,1,Jewelry,bank_card,51.0,20,11,0
fdb3d1dc-6654-4483-add6-b22376534487,85.43,1,Home,bank_card,45.0,3,9,0
fdc0cedd-05f3-4579-a179-6eb04df84fe9,204.64,1,Smartphones,sber_pay,36.0,2,10,0
fdd29ea2-d8fb-4134-b4a7-c6b5fb7e12b4,97.95,1,Automotive,bank_card,130.0,5,11,2
fdd2fff4-308f-41f6-bf22-2af5e15df70d,25.58,1,Laptops,sber_pay,63.0,7,10,0
fddef832-4d84-4107-ac96-7940936542ca,46.41,1,Photography,sbp,0.0,1,8,0
fde6dd6d-b713-45a7-9788-4a73b67c35c4,40.49,1,Accessories,bank_card,43.0,8,10,0
fde7ce53-62d6-49b1-9e20-1b709cff1d0b,266.46,1,Office,bank_card,18.0,17,10,0
fde8f314-a126-4bec-86a6-5350b7f6b5e1,352.14,3,Electronics,sbp,179.0,3,10,2
fdfa9d60-7218-43b4-a0df-fa96a0a79fd3,69.22,1,Home,cash_on_delivery,26.0,4,10,0
fdfaead4-8e01-4217-8812-c0259b647bab,28.72,1,Beverages,sbp,37.0,11,10,1
fdfdda5b-09f9-46ea-9148-0e8d58fe32b3,184.25,1,Books,sber_pay,25.0,8,10,0
fe0da703-be5b-4fc9-a288-c36bfafe6966,170.77,3,Music,bank_card,50.0,2,9,0
fe2083ca-49b8-4caa-b558-06893752a0dc,291.35,1,Software,bank_card,166.0,1,8,0
fe22808a-aa62-45be-ae10-f09e30927f6d,319.29,1,Pet Supplies,cash_on_delivery,58.0,14,10,1
fe231ad6-719a-4a91-9341-3c2d92a7c0b5,93.96,2,Photography,bank_card,62.0,3,10,2
fe27d075-497d-4ec7-964c-6ea6e1ef17b1,346.44,1,Music,mir_pay,7.0,9,10,0
fe405978-9dc1-4e54-bb1a-75a4e7941865,265.08,2,Office,sbp,17.0,2,10,0
fe460136-f610-488a-833b-1b0ee8124767,54.33,1,Electronics,sbp,1.0,1,8,0
fe592046-10d1-4197-a6dc-e173b91acd76,477.34,2,Books,sbp,131.0,3,10,4
fe5a62cb-556c-46a8-87f3-0fc25fddbd9e,73.4,2,Garden,bank_card,13.0,17,10,0
fe61c2d2-ad92-45e6-aa0e-36ae7c2011e4,182.74,2,Office,bank_card,16.0,5,10,0
fe635255-1fca-4ea8-9323-d65454b466f8,116.31,1,Gaming,bank_card,174.0,3,10,4
fe663c7e-72c5-45ba-8057-ca1fcfbc7a2d,84.93,1,Food,yandex_pay,23.0,7,10,0
fe70388a-43b2-4b0c-9421-4894c19ff8c6,167.08,1,Clothing,bank_card,48.0,5,10,0
fe73528c-c4cd-450c-95a1-00aa4a6e1ae6,276.75,1,Clothing,bank_transfer,8.0,7,10,0
fe7abb35-3069-4c8f-aaf9-5015a3ac31d1,103.52,2,Photography,tinkoff_pay,136.0,1,6,0
fe7b35a0-e784-40ea-8ada-5127419642db,61.69,1,Gaming,sbp,24.0,20,10,0
fe7e086b-9c15-4f25-8952-cabe326af515,151.2,1,Music,mir_pay,42.0,11,10,1
fe8d5dcd-b1f8-448f-875e-8fdd98206b6d,88.93,1,Toys,mir_pay,128.0,1,8,1
fe90dafb-0a2c-4e3d-a770-0ef72d65022f,658.58,2,Beauty,bank_card,13.0,2,10,0
fe90e4e8-7b93-4af3-af84-164ac3de4460,26.9,1,Beauty,bank_card,2.0,2,9,0
fe9d455a-8969-4b4e-bf0a-dc128b308636,244.32,1,Accessories,sbp,5.0,24,10,0
fea07291-1556-486e-aba9-23502e8d544e,108.16,1,Photography,bank_card,122.0,2,10,2
fea33982-b484-404f-9bfa-09c6d5738f88,903.42,1,Software,bank_card,42.0,4,10,1
fea6c6b8-bba6-417e-b44b-975493a87ca8,29.3,1,Furniture,bank_card,5.0,1,8,0
fea84016-46cc-46b5-bf5c-ff652f6f55c5,99.46,2,Electronics,sbp,118.0,11,10,2
fea86da0-d15a-4115-affa-a756242a1398,157.18,2,Furniture,cash_on_delivery,54.0,2,10,1
feb8a31b-9847-4f2e-b487-2cbc3a7ab150,279.04,1,Smartphones,bank_card,25.0,3,10,1
fed0e260-8694-4ce9-b2b7-94bc2b09213b,370.57,1,Automotive,bank_card,52.0,2,9,2
fed2fa79-a910-43f3-8475-823b5c1d41bb,101.93,1,Tablets,sbp,199.0,1,10,3
fed433ad-23f0-4e52-bddd-25703d4b0e61,287.96,1,Outdoor,sber_pay,11.0,7,11,0
fed9c35f-92aa-4dc7-a948-2bcbd6058730,27.25,1,Beverages,bank_card,58.0,4,10,1
fee08a6a-c2a8-4263-ab10-8ae34d406c4d,142.25,1,Outdoor,bank_card,5.0,1,8,1
fee438ec-b1a9-4a09-8024-89eb4ceda2d9,909.09,2,Tablets,bank_card,78.0,5,10,3
feeef4ef-c9fa-4121-a44b-477a6bba2e79,142.55,1,Outdoor,bank_card,1.0,6,10,0
feefcf00-d123-4c78-9ab9-f1fbb315c092,83.34,1,Food,sbp,222.0,5,10,4
fef2a47a-86ef-4a8a-af01-1d5b149dd23f,434.5,1,Home,bank_transfer,51.0,6,11,2
fef87340-2e37-40e4-a402-7535d4a48fa3,66.8,1,Clothing,bank_card,13.0,4,9,0
ff03a741-73ae-41cf-b0f5-293df9b7b7d7,30.03,1,Tablets,bank_card,10.0,12,10,0
ff0e0d44-c440-4118-ba78-4f4f18a745af,227.84,1,Garden,bank_card,142.0,1,9,2
ff0f8df9-182e-4ffc-84e5-017b283f12e3,244.54,1,Sports,mir_pay,232.0,1,8,2
ff128508-1cd3-4c5a-80b7-cddcfc0fa392,97.06,2,Health,bank_card,323.0,2,9,2
ff161e5f-dd7d-4a40-95ac-a1645453acce,163.17,1,Books,sber_pay,173.0,3,10,2
ff165dd9-224e-4b3d-92ca-f1a26d1ef0d2,2530.61,2,Toys,bank_card,49.0,5,10,0
ff1661e2-7e03-431b-92fa-15ba231b7136,142.98,1,Automotive,bank_card,218.0,3,10,0
ff1f17db-a8f6-4435-981a-bf5c2e2ac3f7,143.35,1,Laptops,bank_card,50.0,11,10,1
ff295e96-fdc6-46ca-8430-c4279265fc8e,16.76,1,Software,bank_card,113.0,2,10,3
ff347299-332e-4981-a998-eaf92fd88a71,223.18,1,Furniture,bank_card,141.0,3,10,4
ff4d5a3b-2861-4f7c-bc4d-b494b124b802,581.34,2,Software,sber_pay,20.0,4,10,2
ff6110fc-5d20-4976-a62e-9ffb0fcf77dd,146.43,1,Electronics,bank_card,23.0,19,10,0
ff704499-3045-41b6-abe3-bb6e253f95b8,121.06,2,Toys,sber_pay,212.0,3,10,3
ff7345fa-eb5a-4f4a-82d8-16257525435c,1190.26,2,Kitchen,bank_card,29.0,6,11,0
ff80f0de-68fc-4c72-8605-9e7821a65f78,43.84,1,Furniture,bank_card,88.0,5,10,0
ff99cee2-663c-461c-8555-22dbfe00fb4c,527.36,3,Electronics,bank_card,215.0,3,10,6
ff9a3de2-dcd3-4db9-b3f5-6e4a61e04518,259.13,1,Laptops,sbp,168.0,5,10,3
ff9ba04f-64f5-4401-898d-68266e34e9b2,464.8,2,Gaming,tinkoff_pay,107.0,2,10,1
ffa4decb-4276-4f32-9f55-b05dae2a05d4,47.89,1,Automotive,bank_card,6.0,3,10,0
ffb2850d-f96d-4c10-97be-36cda8b660ee,160.08,2,Garden,sbp,130.0,4,10,2
ffbc4ff1-3d53-4828-bb62-dfe5d738fc9f,29.27,3,Photography,bank_card,51.0,2,10,1
ffbf35b1-4970-4d61-8d0e-b83386928dc6,842.98,2,Photography,bank_card,49.0,5,10,1
ffcc9c59-2e76-4ccc-bc95-94161b874b9f,279.69,1,Music,sber_pay,77.0,5,10,2
ffdb1d8a-73c1-4a35-9e02-648502c1efcd,95.28,3,Headphones,bank_card,200.0,3,10,4
ffde04fc-f3ec-4df7-90e1-52cbf5e20e0b,227.84,1,Garden,sbp,121.0,2,10,2
ffe0387c-d63a-4b01-8204-1bfa4e6b3bae,1030.98,3,Tablets,bank_card,128.0,5,10,1
fff23e2d-98d2-4e69-8a7b-1e2631ed5aa2,699.68,4,Garden,bank_card,96.0,2,9,2
fff550e7-b996-40ff-9e55-2b30378c9d83,517.83,1,Pet Supplies,bank_card,208.0,2,10,3
fffe1384-c19b-4578-8de3-137aa0c6af33,221.67,1,Clothing,sber_pay,121.0,5,10,2
